source_image,product_index,detector_confidence,bbox_xmin,bbox_ymin,bbox_xmax,bbox_ymax,crop_file,final_pred,is_rejected,best_label,best_score,effective_score_threshold,threshold_offset,second_label,second_score,margin,reject_reasons,nearest_price_tag_index,nearest_price,nearest_price_value,nearest_secondary_price,nearest_secondary_price_value,nearest_tertiary_price,nearest_tertiary_price_value,nearest_prices,nearest_price_values,nearest_sale_classification,nearest_is_promo,nearest_sale_reason,nearest_tag_color,price_tag_distance_px,aligned_price_tag_indices,aligned_price_tag_count
IMG_7283.HEIC,0,0.9654245972633362,1197,2814,1515,3088,product_crops\product_0000_conf_0.97.jpg,__Unknown__,True,RANCHEIRO__RANCHEIRO COOKIES CHOCOLATE RANCHEIRO,0.5516355633735657,0.72,0.0,RANCHEIRO__RANCHEIRO BISCOITO MARIA RANCHEIRO,0.5357052882512411,0.01593027512232459,['low_score'],,,,,,,,,,,,,,,,0
IMG_7283.HEIC,1,0.9567764401435852,542,2817,869,3107,product_crops\product_0001_conf_0.96.jpg,RANCHEIRO__RANCHEIRO COOKIES CHOCOLATE RANCHEIRO,False,RANCHEIRO__RANCHEIRO COOKIES CHOCOLATE RANCHEIRO,0.7813494801521301,0.72,0.0,,,,[],23,"4,29",4.29,,,,,"4,29",4.29,regular,False,image_base_color,white,196.90733861387696,23,1
IMG_7283.HEIC,2,0.9458633065223694,1520,2810,1840,3099,product_crops\product_0002_conf_0.95.jpg,RANCHEIRO__RANCHEIRO COOKIES CHOCOLATE RANCHEIRO,False,RANCHEIRO__RANCHEIRO COOKIES CHOCOLATE RANCHEIRO,0.7871862649917603,0.72,0.0,RANCHEIRO__RANCHEIRO COOKIES RANCHEIRO,0.7821355909109116,0.005050674080848694,[],,,,,,,,,,,,,,,,0
IMG_7283.HEIC,3,0.9422332048416138,985,3184,1347,3406,product_crops\product_0003_conf_0.94.jpg,__Unknown__,True,RANCHEIRO__RANCHEIRO COOKIES CHOCOLATE RANCHEIRO,0.5206957578659057,0.72,0.0,,,,['low_score'],15,"4,09",4.09,,,,,"4,09",4.09,promo,True,yellow_vs_image_white,yellow,152.79561512032996,15,1
IMG_7283.HEIC,4,0.9401869177818298,1744,2443,2219,2721,product_crops\product_0004_conf_0.94.jpg,__Unknown__,True,Mabel__Mabel Cookie Mabel Original com gotas de chocolate,0.6658598184585571,0.72,0.0,RANCHEIRO__RANCHEIRO COOKIES RANCHEIRO,0.6431857347488403,0.022674083709716797,['low_score'],,,,,,,,,,,,,,,,0
IMG_7283.HEIC,5,0.9360781311988831,874,2816,1190,3094,product_crops\product_0005_conf_0.94.jpg,RANCHEIRO__RANCHEIRO COOKIES CHOCOLATE RANCHEIRO,False,RANCHEIRO__RANCHEIRO COOKIES CHOCOLATE RANCHEIRO,0.8779217958450317,0.72,0.0,,,,[],,,,,,,,,,,,,,,,0
IMG_7283.HEIC,6,0.9339423775672913,193,2817,534,3109,product_crops\product_0006_conf_0.93.jpg,RANCHEIRO__RANCHEIRO COOKIES CHOCOLATE RANCHEIRO,False,RANCHEIRO__RANCHEIRO COOKIES CHOCOLATE RANCHEIRO,0.8777214527130127,0.72,0.0,,,,[],,,,,,,,,,,,,,,,0
IMG_7283.HEIC,7,0.9305229783058167,520,2454,904,2734,product_crops\product_0007_conf_0.93.jpg,__Unknown__,True,RANCHEIRO__RANCHEIRO ROSQ RECHEADA RANCHEIRO CHOC-COCO,0.5964189767837524,0.71,-0.010000000000000009,RANCHEIRO__RANCHEIRO BISCOITO MAIZENA RANCHEIRO,0.5741653740406036,0.022253602743148804,['low_score'],,,,,,,,,,,,,,,,0
IMG_7283.HEIC,8,0.9228722453117371,644,1691,1069,1996,product_crops\product_0008_conf_0.92.jpg,__Unknown__,True,RANCHEIRO__RANCHEIRO COOKIES CHOCOLATE RANCHEIRO,0.6124119758605957,0.72,0.0,RANCHEIRO__RANCHEIRO COOKIES RANCHEIRO,0.6112085580825806,0.0012034177780151367,['low_score'],,,,,,,,,,,,,,,,0
IMG_7283.HEIC,9,0.9103632569313049,904,2458,1231,2737,product_crops\product_0009_conf_0.91.jpg,__Unknown__,True,RANCHEIRO__RANCHEIRO COOKIES CHOCOLATE RANCHEIRO,0.6835100253423055,0.72,0.0,RANCHEIRO__RANCHEIRO COOKIES RANCHEIRO,0.6614105105400085,0.022099514802296993,['low_score'],7,"3,19",3.19,,,,,"3,19",3.19,regular,False,image_base_color,white,197.40377402673943,7,1
IMG_7283.HEIC,10,0.9061552286148071,1842,2811,2180,3108,product_crops\product_0010_conf_0.91.jpg,RANCHEIRO__RANCHEIRO COOKIES RANCHEIRO,False,RANCHEIRO__RANCHEIRO COOKIES RANCHEIRO,0.8097852349281311,0.68,-0.039999999999999925,,,,[],,,,,,,,,,,,,,,,0
IMG_7283.HEIC,11,0.8987731337547302,600,3181,979,3404,product_crops\product_0011_conf_0.90.jpg,__Unknown__,True,RANCHEIRO__RANCHEIRO COOKIES CHOCOLATE RANCHEIRO,0.6277834971745809,0.72,0.0,RANCHEIRO__RANCHEIRO COOKIES RANCHEIRO,0.6052850782871246,0.022498418887456295,['low_score'],5,,,,,,,,,promo,True,shelf_size_outlier,yellow,219.65882636488797,5,1
IMG_7283.HEIC,12,0.8905695080757141,1351,3191,1726,3408,product_crops\product_0012_conf_0.89.jpg,__Unknown__,True,RANCHEIRO__RANCHEIRO BISCOITO MAIZENA RANCHEIRO,0.45516344904899597,0.76,0.040000000000000036,RANCHEIRO__RANCHEIRO ROSQUINHA RECHEADA DE MORANGO-CARAMELO RANCHEIRO,0.44853511452674866,0.0066283345222473145,['low_score'],,,,,,,,,,,,,,,,0
IMG_7283.HEIC,13,0.8864770531654358,1239,2457,1740,2731,product_crops\product_0013_conf_0.89.jpg,__Unknown__,True,RANCHEIRO__RANCHEIRO ROSQ RECHEADA RANCHEIRO CHOC-COCO,0.6542726357777914,0.71,-0.010000000000000009,RANCHEIRO__RANCHEIRO COOKIES RANCHEIRO,0.6382349729537964,0.01603766282399499,['low_score'],8,"6,29",6.29,,,,,"6,29",6.29,regular,False,image_base_color,white,185.00608098113963,8,1
IMG_7283.HEIC,14,0.8795209527015686,223,1706,631,1991,product_crops\product_0014_conf_0.88.jpg,__Unknown__,True,Mabel__Mabel Cookie Mabel Chocolate com gotas de chocolate,0.5424442887306213,0.72,0.0,Mabel__Mabel Cookie Mabel Original com gotas de chocolate,0.519779235124588,0.022665053606033325,['low_score'],0,"2,19",2.19,,,,,"2,19",2.19,promo,True,yellow_vs_image_white,yellow,253.6518283001327,0,1
IMG_7283.HEIC,15,0.8744994401931763,121,2448,516,2738,product_crops\product_0015_conf_0.87.jpg,__Unknown__,True,Mabel__Mabel Recheado Mabel Sabor Chocolate,0.5804632902145386,0.72,0.0,RANCHEIRO__RANCHEIRO WAFER RANCHEIRO CHOCOLATE,0.5755004286766052,0.00496286153793335,['low_score'],10,"6,29",6.29,,,,,"6,29",6.29,regular,False,image_base_color,white,239.4227432805831,10,1
IMG_7283.HEIC,16,0.8656747937202454,1546,295,1904,400,product_crops\product_0016_conf_0.87.jpg,__Unknown__,True,RANCHEIRO__RANCHEIRO COOKIES RANCHEIRO,0.5830015540122986,0.68,-0.039999999999999925,RANCHEIRO__RANCHEIRO COOKIES CHOCOLATE RANCHEIRO,0.5806902647018433,0.0023112893104553223,['low_score'],,,,,,,,,,,,,,,,0
IMG_7283.HEIC,17,0.8600330948829651,1466,1704,1876,1994,product_crops\product_0017_conf_0.86.jpg,__Unknown__,True,RANCHEIRO__RANCHEIRO COOKIES CHOCOLATE RANCHEIRO,0.5456357399622599,0.72,0.0,RANCHEIRO__RANCHEIRO COOKIES RANCHEIRO,0.5334791541099548,0.012156585852305057,['low_score'],1,"2,19",2.19,,,,,"2,19",2.19,promo,True,yellow_vs_image_white,yellow,184.28578349943328,1,1
IMG_7283.HEIC,18,0.8429247736930847,132,1438,506,1560,product_crops\product_0018_conf_0.84.jpg,__Unknown__,True,RANCHEIRO__RANCHEIRO COOKIES RANCHEIRO,0.6734514236450195,0.68,-0.039999999999999925,RANCHEIRO__RANCHEIRO COOKIES CHOCOLATE RANCHEIRO,0.6580636501312256,0.015387773513793945,['low_score'],11,"8,59",8.59,,,,,"8,59",8.59,regular,False,image_base_color,white,84.02380615040002,11,1
IMG_7283.HEIC,19,0.8367088437080383,313,458,663,647,product_crops\product_0019_conf_0.84.jpg,__Unknown__,True,RANCHEIRO__RANCHEIRO COOKIES CHOCOLATE RANCHEIRO,0.655870258808136,0.72,0.0,RANCHEIRO__RANCHEIRO COOKIES RANCHEIRO,0.6449575424194336,0.010912716388702393,['low_score'],,,,,,,,,,,,,,,,0
IMG_7283.HEIC,20,0.8336344361305237,949,2167,1296,2261,product_crops\product_0020_conf_0.83.jpg,__Unknown__,True,RANCHEIRO__RANCHEIRO COOKIES RANCHEIRO,0.5149720311164856,0.68,-0.039999999999999925,Adoralle__Adoralle Alimentos Laminados Doces Coco,0.494474321603775,0.02049770951271057,['low_score'],,,,,,,,,,,,,,,,0
IMG_7283.HEIC,21,0.8256718516349792,935,2070,1322,2164,product_crops\product_0021_conf_0.83.jpg,__Unknown__,True,RANCHEIRO__RANCHEIRO BISCOITO MARIA RANCHEIRO,0.5202346642812093,0.72,0.0,Mabel__Mabel Recheado Mabel Sabor Chocolate,0.4966207444667816,0.02361391981442773,['low_score'],,,,,,,,,,,,,,,,0
IMG_7283.HEIC,22,0.8223087787628174,218,3174,602,3408,product_crops\product_0022_conf_0.82.jpg,__Unknown__,True,RANCHEIRO__RANCHEIRO COOKIES CHOCOLATE RANCHEIRO,0.5919392585754395,0.72,0.0,,,,['low_score'],20,"24,99",24.99,,,,,"24,99",24.99,promo,True,yellow_vs_image_white,yellow,267.4009162287968,20,1
IMG_7283.HEIC,23,0.8201833367347717,1737,2073,2127,2374,product_crops\product_0023_conf_0.82.jpg,__Unknown__,True,RANCHEIRO__RANCHEIRO WAFER RANCHEIRO MORANGO,0.5564470887184143,0.72,0.0,RANCHEIRO__RANCHEIRO BISCOITO MARIA RANCHEIRO,0.5507469177246094,0.005700170993804932,['low_score'],,,,,,,,,,,,,,,,0
IMG_7283.HEIC,24,0.8193905353546143,824,313,1198,420,product_crops\product_0024_conf_0.82.jpg,__Unknown__,True,RANCHEIRO__RANCHEIRO CREAM CRACKER 65 RANCHEIRO,0.601574182510376,0.75,0.030000000000000027,Adoralle__Adoralle Alimentos Laminados Doces Leite,0.5914639035860697,0.01011027892430627,['low_score'],19,"5,89",5.89,,,,,"5,89",5.89,regular,False,image_base_color,white,377.5569493467178,19,1
IMG_7283.HEIC,25,0.8117706179618835,0,2046,199,2191,product_crops\product_0025_conf_0.81.jpg,__Unknown__,True,RANCHEIRO__RANCHEIRO ROSQUINHA DE CHOCOLATE RANCHEIRO,0.4562777429819107,0.62,-0.09999999999999998,RANCHEIRO__RANCHEIRO BISCOITO MARIA RANCHEIRO,0.4191397428512573,0.03713800013065338,['low_score'],,,,,,,,,,,,,,,,0
IMG_7283.HEIC,26,0.8049638271331787,1333,2074,1731,2374,product_crops\product_0026_conf_0.80.jpg,__Unknown__,True,Adoralle__Adoralle Alimentos Laminados Doces Coco,0.5364629030227661,0.72,0.0,RANCHEIRO__RANCHEIRO COOKIES RANCHEIRO,0.5341635942459106,0.0022993087768554688,['low_score'],,,,,,,,,,,,,,,,0
IMG_7283.HEIC,27,0.7962732315063477,1,2185,203,2312,product_crops\product_0027_conf_0.80.jpg,__Unknown__,True,RANCHEIRO__RANCHEIRO ROSQUINHA DE CHOCOLATE RANCHEIRO,0.544498602549235,0.62,-0.09999999999999998,RANCHEIRO__RANCHEIRO ROSQUINHA RECHEADA DE MORANGO-CARAMELO RANCHEIRO,0.5431251525878906,0.001373449961344364,['low_score'],,,,,,,,,,,,,,,,0
IMG_7283.HEIC,28,0.7922224402427673,1556,401,1916,494,product_crops\product_0028_conf_0.79.jpg,__Unknown__,True,RANCHEIRO__RANCHEIRO COOKIES CHOCOLATE RANCHEIRO,0.6065726280212402,0.72,0.0,RANCHEIRO__RANCHEIRO COOKIES RANCHEIRO,0.5949909090995789,0.011581718921661377,['low_score'],13,"5,89",5.89,,,,,"5,89",5.89,regular,False,image_base_color,white,250.13846165673922,13,1
IMG_7283.HEIC,29,0.7863982915878296,662,283,808,419,product_crops\product_0029_conf_0.79.jpg,__Unknown__,True,RANCHEIRO__RANCHEIRO ROSQUINHA DE CHOCOLATE RANCHEIRO,0.4520923554897308,0.62,-0.09999999999999998,,,,['low_score'],,,,,,,,,,,,,,,,0
IMG_7283.HEIC,30,0.7714100480079651,1391,1321,1815,1555,product_crops\product_0030_conf_0.77.jpg,__Unknown__,True,RANCHEIRO__RANCHEIRO COOKIES RANCHEIRO,0.6062092582384745,0.68,-0.039999999999999925,RANCHEIRO__RANCHEIRO COOKIES CHOCOLATE RANCHEIRO,0.594755232334137,0.011454025904337528,['low_score'],17,"9,59",9.59,,,,,"9,59",9.59,regular,False,image_base_color,white,144.65908198243207,17,1
IMG_7283.HEIC,31,0.768257737159729,1,2307,217,2465,product_crops\product_0031_conf_0.77.jpg,__Unknown__,True,RANCHEIRO__RANCHEIRO WAFER RANCHEIRO CHOCOLATE,0.5700775980949402,0.71,-0.010000000000000009,RANCHEIRO__RANCHEIRO COOKIES CHOCOLATE RANCHEIRO,0.5611509680747986,0.008926630020141602,['low_score'],,,,,,,,,,,,,,,,0
IMG_7283.HEIC,32,0.7620457410812378,506,1332,938,1558,product_crops\product_0032_conf_0.76.jpg,__Unknown__,True,RANCHEIRO__RANCHEIRO ROSQ RECHEADA RANCHEIRO CHOC-COCO,0.6825850605964661,0.71,-0.010000000000000009,RANCHEIRO__RANCHEIRO COOKIES CHOCOLATE RANCHEIRO,0.6736681461334229,0.008916914463043213,['low_score'],3,"7,19",7.19,,,,,"7,19",7.19,regular,False,image_base_color,white,137.97191743249783,3,1
IMG_7283.HEIC,33,0.7490273118019104,936,2264,1292,2368,product_crops\product_0033_conf_0.75.jpg,__Unknown__,True,Adoralle__Adoralle Alimentos Laminados Doces Coco,0.5905022621154785,0.72,0.0,RANCHEIRO__RANCHEIRO BISCOITO MARIA RANCHEIRO,0.5891295671463013,0.001372694969177246,['low_score'],21,"6,29",6.29,,,,,"6,29",6.29,promo,True,offer_keyword,yellow,206.87979601691413,21,1
IMG_7283.HEIC,34,0.7023190259933472,2128,2067,2268,2370,product_crops\product_0034_conf_0.70.jpg,__Unknown__,True,RANCHEIRO__RANCHEIRO ROSQUINHA DE COCO RANCHEIRO,0.5274210572242737,0.72,0.0,RANCHEIRO__RANCHEIRO BISCOITO MARIA RANCHEIRO,0.5095810890197754,0.01783996820449829,['low_score'],,,,,,,,,,,,,,,,0
IMG_7283.HEIC,35,0.6775858998298645,543,2254,914,2374,product_crops\product_0035_conf_0.68.jpg,__Unknown__,True,RANCHEIRO__RANCHEIRO COOKIES CHOCOLATE RANCHEIRO,0.5997875928878784,0.72,0.0,RANCHEIRO__RANCHEIRO COOKIES RANCHEIRO,0.5858980814615885,0.013889511426289913,['low_score'],6,"6,29",6.29,,,,,"6,29",6.29,regular,False,image_base_color,white,108.9977063978871,6,1
IMG_7283.HEIC,36,0.6492683291435242,206,2064,503,2152,product_crops\product_0036_conf_0.65.jpg,__Unknown__,True,RANCHEIRO__RANCHEIRO COOKIES CHOCOLATE RANCHEIRO,0.5127881765365601,0.72,0.0,RANCHEIRO__RANCHEIRO BISCOITO MARIA RANCHEIRO,0.49881288409233093,0.013975292444229126,['low_score'],,,,,,,,,,,,,,,,0
IMG_7283.HEIC,37,0.6320238709449768,943,1326,1386,1550,product_crops\product_0037_conf_0.63.jpg,__Unknown__,True,RANCHEIRO__RANCHEIRO ROSQ RECHEADA RANCHEIRO CHOC-COCO,0.6041521430015564,0.71,-0.010000000000000009,RANCHEIRO__RANCHEIRO ROSQUINHA RECHEADA DE MORANGO RANCHEIRO,0.6004380583763123,0.0037140846252441406,['low_score'],22,"10,19",10.19,,,,,"10,19",10.19,regular,False,image_base_color,white,140.8634090173882,22,1
IMG_7283.HEIC,38,0.5836449861526489,1870,1689,2268,1990,product_crops\product_0038_conf_0.58.jpg,__Unknown__,True,Mabel__Mabel Cookie Mabel Original com gotas de chocolate,0.47584807872772217,0.72,0.0,RANCHEIRO__RANCHEIRO COOKIES RANCHEIRO,0.47014425694942474,0.005703821778297424,['low_score'],4,"3,69",3.69,,,,,"3,69",3.69,promo,True,yellow_vs_image_white,yellow,210.12972183867754,4,1
IMG_7283.HEIC,39,0.5729672908782959,1057,1695,1470,1997,product_crops\product_0039_conf_0.57.jpg,__Unknown__,True,Mabel__Mabel Cookie Mabel Original com gotas de chocolate,0.48148590326309204,0.72,0.0,RANCHEIRO__RANCHEIRO ROSQ RECHEADA RANCHEIRO CHOC-COCO,0.45852231979370117,0.02296358346939087,['low_score'],2,"2,19",2.19,,,,,"2,19",2.19,promo,True,yellow_vs_image_white,yellow,192.94170103945908,2,1
IMG_7283.HEIC,40,0.5627769231796265,1723,3206,2076,3405,product_crops\product_0040_conf_0.56.jpg,__Unknown__,True,RANCHEIRO__RANCHEIRO COOKIES CHOCOLATE RANCHEIRO,0.6145793318748474,0.72,0.0,,,,['low_score'],14,"5,09",5.09,,,,,"5,09",5.09,regular,False,image_base_color,white,151.64761785138597,14,1
IMG_7283.HEIC,41,0.5589858889579773,0,1751,178,1893,product_crops\product_0041_conf_0.56.jpg,__Unknown__,True,RANCHEIRO__RANCHEIRO ROSQUINHA DE CHOCOLATE RANCHEIRO,0.5266887247562408,0.62,-0.09999999999999998,RANCHEIRO__RANCHEIRO COOKIES CHOCOLATE RANCHEIRO,0.5059446096420288,0.020744115114212036,['low_score'],,,,,,,,,,,,,,,,0
IMG_7283.HEIC,42,0.5571522116661072,0,1892,192,2044,product_crops\product_0042_conf_0.56.jpg,__Unknown__,True,RANCHEIRO__RANCHEIRO ROSQUINHA DE CHOCOLATE RANCHEIRO,0.5566760301589966,0.62,-0.09999999999999998,,,,['low_score'],,,,,,,,,,,,,,,,0
IMG_7283.HEIC,43,0.5531187057495117,1822,1310,2262,1559,product_crops\product_0043_conf_0.55.jpg,__Unknown__,True,RANCHEIRO__RANCHEIRO COOKIES CHOCOLATE RANCHEIRO,0.5685344338417053,0.72,0.0,RANCHEIRO__RANCHEIRO COOKIES RANCHEIRO,0.5598629713058472,0.008671462535858154,['low_score'],24,"10,19",10.19,,,,,"10,19",10.19,regular,False,image_base_color,white,145.80980762623616,24,1
IMG_7283.HEIC,44,0.53459233045578,668,439,815,656,product_crops\product_0044_conf_0.53.jpg,__Unknown__,True,RANCHEIRO__RANCHEIRO ROSQUINHA DE CHOCOLATE RANCHEIRO,0.46306154876947403,0.62,-0.09999999999999998,RANCHEIRO__RANCHEIRO BISCOITO MAIZENA RANCHEIRO,0.45750877261161804,0.0055527761578559875,['low_score'],,,,,,,,,,,,,,,,0
IMG_7283.HEIC,45,0.5196169018745422,1,446,313,542,product_crops\product_0045_conf_0.52.jpg,__Unknown__,True,RANCHEIRO__RANCHEIRO COOKIES CHOCOLATE RANCHEIRO,0.6494387686252594,0.72,0.0,RANCHEIRO__RANCHEIRO COOKIES RANCHEIRO,0.6222457687060038,0.02719299991925561,['low_score'],,,,,,,,,,,,,,,,0
IMG_7283.HEIC,46,0.5100073218345642,222,2251,511,2374,product_crops\product_0046_conf_0.51.jpg,__Unknown__,True,RANCHEIRO__RANCHEIRO BISCOITO MARIA RANCHEIRO,0.4768596589565277,0.72,0.0,RANCHEIRO__RANCHEIRO ROSQUINHA RECHEADA DE CHOCOLATE RANCHEIRO,0.47625558574994403,0.0006040732065836774,['low_score'],,,,,,,,,,,,,,,,0
IMG_7283.HEIC,47,0.5097289681434631,0,1430,153,1747,product_crops\product_0047_conf_0.51.jpg,__Unknown__,True,RANCHEIRO__RANCHEIRO WAFER RANCHEIRO CHOCOLATE,0.5972901105880737,0.71,-0.010000000000000009,,,,['low_score'],,,,,,,,,,,,,,,,0
IMG_7283.HEIC,48,0.4892060458660126,973,1401,1334,1453,product_crops\product_0048_conf_0.49.jpg,__Unknown__,True,RANCHEIRO__RANCHEIRO CREAM CRACKER RANCHEIRO,0.5302534937858582,0.81,0.09000000000000008,,,,['low_score'],,,,,,,,,,,,,,,,0
IMG_7283.HEIC,49,0.48704686760902405,209,2150,509,2251,product_crops\product_0049_conf_0.49.jpg,__Unknown__,True,Mabel__Mabel Cookie Mabel Chocolate com gotas de chocolate,0.4742833375930786,0.72,0.0,Mabel__Mabel Recheado Mabel Sabor Chocolate,0.4693649411201477,0.004918396472930908,['low_score'],,,,,,,,,,,,,,,,0
IMG_7283.HEIC,50,0.48285606503486633,1745,3358,2074,3405,product_crops\product_0050_conf_0.48.jpg,__Unknown__,True,RANCHEIRO__RANCHEIRO COOKIES RANCHEIRO,0.591292679309845,0.68,-0.039999999999999925,RANCHEIRO__RANCHEIRO COOKIES CHOCOLATE RANCHEIRO,0.579922596613566,0.011370082696278927,['low_score'],,,,,,,,,,,,,,,,0
IMG_7283.HEIC,51,0.48280879855155945,138,1310,494,1376,product_crops\product_0051_conf_0.48.jpg,__Unknown__,True,RANCHEIRO__RANCHEIRO BISCOITO MARIA RANCHEIRO,0.5973114967346191,0.72,0.0,Adoralle__Adoralle Alimentos Laminados Doces Leite,0.5567920804023743,0.04051941633224487,['low_score'],,,,,,,,,,,,,,,,0
IMG_7283.HEIC,52,0.4570249915122986,146,1373,449,1435,product_crops\product_0052_conf_0.46.jpg,__Unknown__,True,RANCHEIRO__RANCHEIRO ROSQUINHA RECHEADA DE MORANGO-CARAMELO RANCHEIRO,0.6378393769264221,0.68,-0.039999999999999925,RANCHEIRO__RANCHEIRO COOKIES RANCHEIRO,0.6067547798156738,0.03108459711074829,['low_score'],,,,,,,,,,,,,,,,0
IMG_7283.HEIC,53,0.4464263319969177,740,1019,1155,1122,product_crops\product_0053_conf_0.45.jpg,__Unknown__,True,RANCHEIRO__RANCHEIRO ROSQUINHA RECHEADA DE BAUNILHA RANCHEIRO,0.5147262811660767,0.69,-0.030000000000000027,RANCHEIRO__RANCHEIRO ROSQUINHA RECHEADA DE MORANGO RANCHEIRO,0.5142883062362671,0.0004379749298095703,['low_score'],16,"3,59",3.59,,,,,"3,59",3.59,regular,False,image_base_color,white,212.39644535631948,16,1
IMG_7283.HEIC,54,0.32123082876205444,546,2132,914,2256,product_crops\product_0054_conf_0.32.jpg,__Unknown__,True,RANCHEIRO__RANCHEIRO ROSQUINHA RECHEADA DE MORANGO-CARAMELO RANCHEIRO,0.5331503748893738,0.68,-0.039999999999999925,RANCHEIRO__RANCHEIRO BISCOITO MARIA RANCHEIRO,0.5207900851964951,0.012360289692878723,['low_score'],,,,,,,,,,,,,,,,0
IMG_7283.HEIC,55,0.3052268326282501,118,980,503,1121,product_crops\product_0055_conf_0.31.jpg,__Unknown__,True,RANCHEIRO__RANCHEIRO COOKIES CHOCOLATE RANCHEIRO,0.6022183895111084,0.72,0.0,RANCHEIRO__RANCHEIRO COOKIES RANCHEIRO,0.5902626117070516,0.011955777804056766,['low_score'],12,"3,89",3.89,,,,,"3,89",3.89,regular,False,image_base_color,white,189.50593658247226,12,1
IMG_7283.HEIC,56,0.2999649941921234,2,539,308,635,product_crops\product_0056_conf_0.30.jpg,__Unknown__,True,RANCHEIRO__RANCHEIRO ROSQUINHA RECHEADA DE MORANGO-CARAMELO RANCHEIRO,0.5307005643844604,0.68,-0.039999999999999925,RANCHEIRO__RANCHEIRO COOKIES CHOCOLATE RANCHEIRO,0.5269575119018555,0.0037430524826049805,['low_score'],9,"5,89",5.89,,,,,"5,89",5.89,regular,False,image_base_color,white,131.75166033109412,9,1
IMG_7283.HEIC,57,0.2737397849559784,1555,855,2267,1133,product_crops\product_0057_conf_0.27.jpg,__Unknown__,True,RANCHEIRO__RANCHEIRO ROSQUINHA RECHEADA DE BAUNILHA RANCHEIRO,0.4649923046429952,0.69,-0.030000000000000027,RANCHEIRO__RANCHEIRO WAFER RANCHEIRO BAUNILHA,0.4604792892932892,0.0045130153497059955,['low_score'],18,"3,49",3.49,,,,,"3,49",3.49,promo,True,shelf_size_outlier,yellow,237.44157176029643,18,1
IMG_7283.HEIC,58,0.265299916267395,1,834,114,1096,product_crops\product_0058_conf_0.27.jpg,__Unknown__,True,RANCHEIRO__RANCHEIRO WAFER RANCHEIRO CHOCOLATE,0.6524895191192627,0.71,-0.010000000000000009,,,,['low_score'],,,,,,,,,,,,,,,,0
IMG_7283.HEIC,59,0.2609309256076813,1913,439,2263,649,product_crops\product_0059_conf_0.26.jpg,__Unknown__,True,RANCHEIRO__RANCHEIRO ROSQUINHA RECHEADA DE BAUNILHA RANCHEIRO,0.5047091364860534,0.69,-0.030000000000000027,,,,['low_score'],,,,,,,,,,,,,,,,0
IMG_7286.HEIC,0,0.919729471206665,7,2600,422,2857,product_crops\product_0000_conf_0.92.jpg,__Unknown__,True,RANCHEIRO__RANCHEIRO COOKIES CHOCOLATE RANCHEIRO,0.5915859192609787,0.72,0.0,Mabel__Mabel Rosquinha Mabel Sabor Chocolate,0.5836690068244934,0.00791691243648529,['low_score'],24,"4,49",4.49,,,,,"4,49",4.49,regular,False,image_base_color,white,171.1724276862369,24,1
IMG_7286.HEIC,1,0.9158509969711304,0,2205,419,2521,product_crops\product_0001_conf_0.92.jpg,__Unknown__,True,RANCHEIRO__RANCHEIRO ROSQUINHA DE CHOCOLATE RANCHEIRO,0.515589435895284,0.62,-0.09999999999999998,Mabel__Mabel Rosquinha Mabel Sabor Banana e Canela,0.5107560157775879,0.004833420117696163,['low_score'],,,,,,,,,,,,,,,,0
IMG_7286.HEIC,2,0.9146278500556946,549,2943,938,3171,product_crops\product_0002_conf_0.91.jpg,__Unknown__,True,RANCHEIRO__RANCHEIRO ROSQUINHA RECHEADA DE MORANGO RANCHEIRO,0.5212252289056778,0.72,0.0,RANCHEIRO__RANCHEIRO ROSQUINHA RECHEADA DE BAUNILHA RANCHEIRO,0.5150653123855591,0.006159916520118713,['low_score'],,,,,,,,,,,,,,,,0
IMG_7286.HEIC,3,0.9110904335975647,420,2606,800,2854,product_crops\product_0003_conf_0.91.jpg,__Unknown__,True,RANCHEIRO__RANCHEIRO ROSQUINHA DE CHOCOLATE RANCHEIRO,0.5844499667485555,0.62,-0.09999999999999998,RANCHEIRO__RANCHEIRO COOKIES RANCHEIRO,0.5713610649108887,0.013088901837666866,['low_score'],,,,,,,,,,,,,,,,0
IMG_7286.HEIC,4,0.904784083366394,1503,2247,1850,2534,product_crops\product_0004_conf_0.90.jpg,__Unknown__,True,RANCHEIRO__RANCHEIRO ROSQUINHA DE CHOCOLATE RANCHEIRO,0.47782728672027586,0.62,-0.09999999999999998,,,,['low_score'],15,"3,29",3.29,,,,,"3,29",3.29,regular,False,image_base_color,white,204.84628383253624,15,1
IMG_7286.HEIC,5,0.9026649594306946,1856,2618,2207,2852,product_crops\product_0005_conf_0.90.jpg,__Unknown__,True,RANCHEIRO__RANCHEIRO BISCOITO MAIZENA RANCHEIRO,0.5787473320960999,0.76,0.040000000000000036,RANCHEIRO__RANCHEIRO BISCOITO MARIA RANCHEIRO,0.5619539022445679,0.016793429851531982,['low_score'],14,"3,79",3.79,,,,,"3,79",3.79,regular,False,image_base_color,white,171.51166141111221,14,1
IMG_7286.HEIC,6,0.8908362984657288,36,2940,531,3194,product_crops\product_0006_conf_0.89.jpg,__Unknown__,True,RANCHEIRO__RANCHEIRO ROSQUINHA RECHEADA DE MORANGO RANCHEIRO,0.5453327298164368,0.72,0.0,RANCHEIRO__RANCHEIRO ROSQUINHA RECHEADA DE BAUNILHA RANCHEIRO,0.5172569155693054,0.028075814247131348,['low_score'],,,,,,,,,,,,,,,,0
IMG_7286.HEIC,7,0.8860287070274353,1481,2616,1854,2846,product_crops\product_0007_conf_0.89.jpg,__Unknown__,True,RANCHEIRO__RANCHEIRO BISCOITO MARIA RANCHEIRO,0.6252398490905762,0.72,0.0,RANCHEIRO__RANCHEIRO WAFER RANCHEIRO LIMAO,0.5938349962234497,0.031404852867126465,['low_score'],17,"3,79",3.79,,,,,"3,79",3.79,regular,False,image_base_color,white,172.88290835128845,17,1
IMG_7286.HEIC,8,0.8809425234794617,958,2949,1346,3166,product_crops\product_0008_conf_0.88.jpg,__Unknown__,True,RANCHEIRO__RANCHEIRO ROSQUINHA RECHEADA DE BAUNILHA RANCHEIRO,0.47572410106658936,0.69,-0.030000000000000027,RANCHEIRO__RANCHEIRO ROSQUINHA RECHEADA DE MORANGO RANCHEIRO,0.4734481871128082,0.002275913953781128,['low_score'],4,"6,49",6.49,,,,,"6,49",6.49,regular,False,image_base_color,white,242.89761217434807,4,1
IMG_7286.HEIC,9,0.872154712677002,402,1801,817,2070,product_crops\product_0009_conf_0.87.jpg,__Unknown__,True,RANCHEIRO__RANCHEIRO ROSQUINHA RECHEADA DE MORANGO RANCHEIRO,0.5951056480407715,0.72,0.0,RANCHEIRO__RANCHEIRO ROSQUINHA DE CHOCOLATE RANCHEIRO,0.5571430325508118,0.03796261548995972,['low_score'],2,"9,49",9.49,,,,,"9,49",9.49,regular,False,image_base_color,white,198.51007531105316,2,1
IMG_7286.HEIC,10,0.8620286583900452,1852,2260,2232,2540,product_crops\product_0010_conf_0.86.jpg,__Unknown__,True,RANCHEIRO__RANCHEIRO ROSQUINHA DE CHOCOLATE RANCHEIRO,0.5748065114021301,0.62,-0.09999999999999998,,,,['low_score'],29,,,,,,,,,regular,False,image_base_color,white,273.28236313381075,29,1
IMG_7286.HEIC,11,0.8521428108215332,1437,428,1823,656,product_crops\product_0011_conf_0.85.jpg,__Unknown__,True,RANCHEIRO__RANCHEIRO ROSQUINHA RECHEADA DE MORANGO-CARAMELO RANCHEIRO,0.5879319906234741,0.68,-0.039999999999999925,RANCHEIRO__RANCHEIRO COOKIES RANCHEIRO,0.5846979022026062,0.00323408842086792,['low_score'],,,,,,,,,,,,,,,,0
IMG_7286.HEIC,12,0.8487218618392944,1855,1858,2262,2120,product_crops\product_0012_conf_0.85.jpg,__Unknown__,True,RANCHEIRO__RANCHEIRO COOKIES CHOCOLATE RANCHEIRO,0.602567732334137,0.72,0.0,RANCHEIRO__RANCHEIRO COOKIES RANCHEIRO,0.5891790986061096,0.013388633728027344,['low_score'],,,,,,,,,,,,,,,,0
IMG_7286.HEIC,13,0.8403746485710144,433,2256,796,2523,product_crops\product_0013_conf_0.84.jpg,__Unknown__,True,RANCHEIRO__RANCHEIRO COOKIES RANCHEIRO,0.6092398762702942,0.68,-0.039999999999999925,RANCHEIRO__RANCHEIRO COOKIES CHOCOLATE RANCHEIRO,0.5943486988544464,0.014891177415847778,['low_score'],,,,,,,,,,,,,,,,0
IMG_7286.HEIC,14,0.8381557464599609,1374,2941,1766,3171,product_crops\product_0014_conf_0.84.jpg,__Unknown__,True,RANCHEIRO__RANCHEIRO ROSQUINHA RECHEADA DE BAUNILHA RANCHEIRO,0.4924871549010277,0.69,-0.030000000000000027,RANCHEIRO__RANCHEIRO ROSQUINHA RECHEADA DE MORANGO RANCHEIRO,0.48793739080429077,0.004549764096736908,['low_score'],,,,,,,,,,,,,,,,0
IMG_7286.HEIC,15,0.8368357419967651,1148,2608,1473,2846,product_crops\product_0015_conf_0.84.jpg,__Unknown__,True,RANCHEIRO__RANCHEIRO ROSQUINHA RECHEADA DE MORANGO RANCHEIRO,0.5567703644434611,0.72,0.0,RANCHEIRO__RANCHEIRO ROSQUINHA DE CHOCOLATE RANCHEIRO,0.5426172316074371,0.01415313283602393,['low_score'],6,"3,29",3.29,,,,,"3,29",3.29,regular,False,image_base_color,white,227.15908522443033,6,1
IMG_7286.HEIC,16,0.8366019129753113,1786,2942,2135,3142,product_crops\product_0016_conf_0.84.jpg,__Unknown__,True,RANCHEIRO__RANCHEIRO ROSQUINHA RECHEADA DE BAUNILHA RANCHEIRO,0.5484716594219208,0.69,-0.030000000000000027,RANCHEIRO__RANCHEIRO ROSQUINHA RECHEADA DE MORANGO RANCHEIRO,0.5417274832725525,0.006744176149368286,['low_score'],21,"6,49",6.49,,,,,"6,49",6.49,regular,False,image_base_color,white,235.1010421074309,21,1
IMG_7286.HEIC,17,0.8150854706764221,806,2607,1148,2849,product_crops\product_0017_conf_0.82.jpg,__Unknown__,True,RANCHEIRO__RANCHEIRO ROSQUINHA RECHEADA DE MORANGO RANCHEIRO,0.5607589334249496,0.72,0.0,RANCHEIRO__RANCHEIRO ROSQUINHA DE CHOCOLATE RANCHEIRO,0.516919732093811,0.04383920133113861,['low_score'],,,,,,,,,,,,,,,,0
IMG_7286.HEIC,18,0.8110220432281494,1060,918,1473,1025,product_crops\product_0018_conf_0.81.jpg,__Unknown__,True,RANCHEIRO__RANCHEIRO ROSQUINHA RECHEADA DE MORANGO-CARAMELO RANCHEIRO,0.5387295484542847,0.68,-0.039999999999999925,RANCHEIRO__RANCHEIRO ROSQUINHA RECHEADA DE BAUNILHA RANCHEIRO,0.5042775869369507,0.034451961517333984,['low_score'],18,"5,99",5.99,,,,,"5,99",5.99,regular,False,image_base_color,white,104.10091258005379,18,1
IMG_7286.HEIC,19,0.7881655097007751,574,1211,1130,1376,product_crops\product_0019_conf_0.79.jpg,__Unknown__,True,RANCHEIRO__RANCHEIRO ROSQUINHA RECHEADA DE MORANGO-CARAMELO RANCHEIRO,0.5656074285507202,0.68,-0.039999999999999925,RANCHEIRO__RANCHEIRO WAFER RANCHEIRO MORANGO,0.5448306500911713,0.02077677845954895,['low_score'],7,"5,99",5.99,,,,,"5,99",5.99,regular,False,image_base_color,white,156.2961931718108,7,1
IMG_7286.HEIC,20,0.7824456691741943,89,1561,474,1710,product_crops\product_0020_conf_0.78.jpg,__Unknown__,True,RANCHEIRO__RANCHEIRO COOKIES CHOCOLATE RANCHEIRO,0.649371882279714,0.72,0.0,RANCHEIRO__RANCHEIRO COOKIES RANCHEIRO,0.6482658386230469,0.0011060436566671106,['low_score'],11,"5,49",5.49,,,,,"5,49",5.49,regular,False,image_base_color,white,151.4149926526432,11,1
IMG_7286.HEIC,21,0.7778543829917908,458,1559,861,1726,product_crops\product_0021_conf_0.78.jpg,__Unknown__,True,RANCHEIRO__RANCHEIRO COOKIES CHOCOLATE RANCHEIRO,0.60636438926061,0.72,0.0,RANCHEIRO__RANCHEIRO COOKIES RANCHEIRO,0.5973783433437347,0.00898604591687524,['low_score'],,,,,,,,,,,,,,,,0
IMG_7286.HEIC,22,0.7569500803947449,89,329,517,583,product_crops\product_0022_conf_0.76.jpg,__Unknown__,True,RANCHEIRO__RANCHEIRO ROSQUINHA RECHEADA DE MORANGO-CARAMELO RANCHEIRO,0.5272595286369324,0.68,-0.039999999999999925,RANCHEIRO__RANCHEIRO WAFER RANCHEIRO MORANGO,0.5053061048189799,0.02195342381795251,['low_score'],26,,,,,,,,,promo,True,yellow_vs_image_white,yellow,159.88120589988054,26,1
IMG_7286.HEIC,23,0.7257948517799377,571,367,960,609,product_crops\product_0023_conf_0.73.jpg,__Unknown__,True,RANCHEIRO__RANCHEIRO ROSQUINHA RECHEADA DE MORANGO-CARAMELO RANCHEIRO,0.5714882016181946,0.68,-0.039999999999999925,RANCHEIRO__RANCHEIRO BISCOITO MARIA RANCHEIRO,0.5563943684101105,0.015093833208084106,['low_score'],,,,,,,,,,,,,,,,0
IMG_7286.HEIC,24,0.682567834854126,1861,3261,2189,3461,product_crops\product_0024_conf_0.68.jpg,__Unknown__,True,RANCHEIRO__RANCHEIRO COOKIES CHOCOLATE RANCHEIRO,0.6480790177981058,0.72,0.0,RANCHEIRO__RANCHEIRO COOKIES RANCHEIRO,0.6449082493782043,0.003170768419901493,['low_score'],,,,,,,,,,,,,,,,0
IMG_7286.HEIC,25,0.6684722900390625,809,1835,1263,2101,product_crops\product_0025_conf_0.67.jpg,__Unknown__,True,RANCHEIRO__RANCHEIRO CREAM CRACKER RANCHEIRO,0.5521289587020874,0.81,0.09000000000000008,,,,['low_score'],8,"9,49",9.49,,,,,"9,49",9.49,regular,False,image_base_color,white,255.82269250400756,8,1
IMG_7286.HEIC,26,0.6367964148521423,659,869,1059,993,product_crops\product_0026_conf_0.64.jpg,__Unknown__,True,Mabel__Mabel Laminado Doce Mabel Sabor Chocolate,0.5663418769836426,0.72,0.0,RANCHEIRO__RANCHEIRO WAFER RANCHEIRO MORANGO,0.5129045024514198,0.05343737453222275,['low_score'],19,"5,99",5.99,,,,,"5,99",5.99,promo,True,shelf_size_outlier,yellow,186.71703189586108,19,1
IMG_7286.HEIC,27,0.6249082088470459,4,1884,413,2073,product_crops\product_0027_conf_0.62.jpg,__Unknown__,True,RANCHEIRO__RANCHEIRO COOKIES CHOCOLATE RANCHEIRO,0.5769712924957275,0.72,0.0,RANCHEIRO__RANCHEIRO COOKIES RANCHEIRO,0.568952480951945,0.008018811543782589,['low_score'],0,"8,49",8.49,,,,,"8,49",8.49,regular,False,image_base_color,white,140.89180245848232,0,1
IMG_7286.HEIC,28,0.5781320929527283,2165,2867,2266,3093,product_crops\product_0028_conf_0.58.jpg,__Unknown__,True,Mabel__Mabel Laminado Doce Mabel Sabor Chocolate,0.5175439119338989,0.72,0.0,RANCHEIRO__RANCHEIRO ROSQ RECHEADA RANCHEIRO CHOC-COCO,0.4979696273803711,0.019574284553527832,['low_score'],,,,,,,,,,,,,,,,0
IMG_7286.HEIC,29,0.5688918828964233,1508,1854,1888,2110,product_crops\product_0029_conf_0.57.jpg,__Unknown__,True,Mabel__Mabel Laminado Doce Mabel Sabor Chocolate,0.47017431259155273,0.72,0.0,RANCHEIRO__RANCHEIRO ROSQUINHA DE CHOCOLATE RANCHEIRO,0.45429885387420654,0.01587545871734619,['low_score'],13,"3,29",3.29,,,,,"3,29",3.29,regular,False,image_base_color,white,220.41097976280582,13,1
IMG_7286.HEIC,30,0.5668334364891052,736,3265,1511,3499,product_crops\product_0030_conf_0.57.jpg,__Unknown__,True,Mabel__Mabel Cookie Mabel Original com gotas de chocolate,0.6052174866199493,0.72,0.0,RANCHEIRO__RANCHEIRO COOKIES RANCHEIRO,0.5893046259880066,0.01591286063194275,['low_score'],12,"3,99",3.99,,,,,"3,99",3.99,regular,False,image_base_color,white,207.77150911518163,12,1
IMG_7286.HEIC,31,0.5327286720275879,1023,463,1390,632,product_crops\product_0031_conf_0.53.jpg,__Unknown__,True,RANCHEIRO__RANCHEIRO ROSQUINHA RECHEADA DE MORANGO-CARAMELO RANCHEIRO,0.6055464744567871,0.68,-0.039999999999999925,RANCHEIRO__RANCHEIRO BISCOITO MARIA RANCHEIRO,0.578574612736702,0.026971861720085144,['low_score'],,,,,,,,,,,,,,,,0
IMG_7286.HEIC,32,0.5105488300323486,91,857,627,975,product_crops\product_0032_conf_0.51.jpg,__Unknown__,True,RANCHEIRO__RANCHEIRO BISCOITO MARIA RANCHEIRO,0.5275498628616333,0.72,0.0,RANCHEIRO__RANCHEIRO ROSQUINHA RECHEADA DE MORANGO-CARAMELO RANCHEIRO,0.5072248578071594,0.020325005054473877,['low_score'],1,"5,99",5.99,,,,,"5,99",5.99,regular,False,image_base_color,white,95.25885785584457,1,1
IMG_7286.HEIC,33,0.4875856041908264,1123,2249,1513,2533,product_crops\product_0033_conf_0.49.jpg,__Unknown__,True,RANCHEIRO__RANCHEIRO COOKIES CHOCOLATE RANCHEIRO,0.577368974685669,0.72,0.0,RANCHEIRO__RANCHEIRO COOKIES RANCHEIRO,0.5727512836456299,0.0046176910400390625,['low_score'],,,,,,,,,,,,,,,,0
IMG_7286.HEIC,34,0.48529425263404846,45,1232,576,1354,product_crops\product_0034_conf_0.49.jpg,__Unknown__,True,RANCHEIRO__RANCHEIRO ROSQUINHA RECHEADA DE MORANGO-CARAMELO RANCHEIRO,0.5262624621391296,0.68,-0.039999999999999925,RANCHEIRO__RANCHEIRO BISCOITO MAIZENA RANCHEIRO,0.493517205119133,0.03274525701999664,['low_score'],9,"4,88",4.88,,,,,"4,88",4.88,promo,True,yellow_vs_image_white,yellow,111.20364202668904,9,1
IMG_7286.HEIC,35,0.4610518515110016,6,3268,741,3518,product_crops\product_0035_conf_0.46.jpg,__Unknown__,True,Mabel__Mabel Cookie Mabel Original com gotas de chocolate,0.5929810404777527,0.72,0.0,Mabel__Mabel Cookie Mabel Chocolate com gotas de chocolate,0.5840858817100525,0.008895158767700195,['low_score'],,,,,,,,,,,,,,,,0
IMG_7286.HEIC,36,0.42050817608833313,783,2266,1140,2529,product_crops\product_0036_conf_0.42.jpg,__Unknown__,True,RANCHEIRO__RANCHEIRO COOKIES CHOCOLATE RANCHEIRO,0.6470803618431091,0.72,0.0,RANCHEIRO__RANCHEIRO ROSQUINHA DE CHOCOLATE RANCHEIRO,0.6145877540111542,0.032492607831954956,['low_score'],16,"3,29",3.29,,,,,"3,29",3.29,regular,False,image_base_color,white,188.23190484081067,16,1
IMG_7286.HEIC,37,0.41620609164237976,1943,1617,2259,1779,product_crops\product_0037_conf_0.42.jpg,__Unknown__,True,RANCHEIRO__RANCHEIRO WAFER RANCHEIRO MORANGO,0.5282996892929077,0.72,0.0,RANCHEIRO__RANCHEIRO ROSQUINHA DE CHOCOLATE RANCHEIRO,0.5277692675590515,0.0005304217338562012,['low_score'],,,,,,,,,,,,,,,,0
IMG_7286.HEIC,38,0.3816942274570465,1527,3261,1864,3451,product_crops\product_0038_conf_0.38.jpg,__Unknown__,True,RANCHEIRO__RANCHEIRO COOKIES CHOCOLATE RANCHEIRO,0.6240375638008118,0.72,0.0,RANCHEIRO__RANCHEIRO COOKIES RANCHEIRO,0.6222548484802246,0.0017827153205871582,['low_score'],,,,,,,,,,,,,,,,0
IMG_7286.HEIC,39,0.3645775020122528,1476,920,1924,1044,product_crops\product_0039_conf_0.36.jpg,__Unknown__,True,RANCHEIRO__RANCHEIRO WAFER RANCHEIRO MORANGO,0.4383283257484436,0.72,0.0,RANCHEIRO__RANCHEIRO ROSQUINHA RECHEADA DE MORANGO-CARAMELO RANCHEIRO,0.4033002406358719,0.035028085112571716,['low_score'],5,"5,99",5.99,,,,,"5,99",5.99,regular,False,image_base_color,white,100.77822185373186,5,1
IMG_7286.HEIC,40,0.3327564001083374,1920,961,2266,1070,product_crops\product_0040_conf_0.33.jpg,__Unknown__,True,RANCHEIRO__RANCHEIRO ROSQUINHA RECHEADA DE MORANGO-CARAMELO RANCHEIRO,0.5035668015480042,0.68,-0.039999999999999925,RANCHEIRO__RANCHEIRO WAFER RANCHEIRO BAUNILHA,0.4926963746547699,0.010870426893234253,['low_score'],25,"4,88",4.88,,,,,"4,88",4.88,promo,True,yellow_vs_image_white,yellow,88.40955830678038,25,1
IMG_7286.HEIC,41,0.3222936987876892,1231,1846,1572,2106,product_crops\product_0041_conf_0.32.jpg,__Unknown__,True,RANCHEIRO__RANCHEIRO ROSQUINHA RECHEADA DE MORANGO RANCHEIRO,0.5502492785453796,0.72,0.0,RANCHEIRO__RANCHEIRO CREAM CRACKER RANCHEIRO,0.5449999272823334,0.005249351263046265,['low_score'],,,,,,,,,,,,,,,,0
IMG_7286.HEIC,42,0.2966468930244446,855,1585,1300,1738,product_crops\product_0042_conf_0.30.jpg,__Unknown__,True,RANCHEIRO__RANCHEIRO COOKIES CHOCOLATE RANCHEIRO,0.6169193983078003,0.72,0.0,RANCHEIRO__RANCHEIRO COOKIES RANCHEIRO,0.6036410927772522,0.013278305530548096,['low_score'],,,,,,,,,,,,,,,,0
IMG_7287.HEIC,0,0.9511761665344238,1430,892,1820,1306,product_crops\product_0000_conf_0.95.jpg,RANCHEIRO__RANCHEIRO ROSQUINHA DE COCO RANCHEIRO,False,RANCHEIRO__RANCHEIRO ROSQUINHA DE COCO RANCHEIRO,0.741160225868225,0.72,0.0,,,,[],,,,,,,,,,,,,,,,0
IMG_7287.HEIC,1,0.9502419829368591,749,923,1102,1315,product_crops\product_0001_conf_0.95.jpg,RANCHEIRO__RANCHEIRO ROSQUINHA DE COCO RANCHEIRO,False,RANCHEIRO__RANCHEIRO ROSQUINHA DE COCO RANCHEIRO,0.8847125053405762,0.72,0.0,,,,[],,,,,,,,,,,,,,,,0
IMG_7287.HEIC,2,0.9459162950515747,1824,851,2184,1299,product_crops\product_0002_conf_0.95.jpg,RANCHEIRO__RANCHEIRO ROSQUINHA DE COCO RANCHEIRO,False,RANCHEIRO__RANCHEIRO ROSQUINHA DE COCO RANCHEIRO,0.7512089133262634,0.72,0.0,,,,[],,,,,,,,,,,,,,,,0
IMG_7287.HEIC,3,0.9403440356254578,115,892,478,1309,product_crops\product_0003_conf_0.94.jpg,RANCHEIRO__RANCHEIRO ROSQUINHA DE COCO RANCHEIRO,False,RANCHEIRO__RANCHEIRO ROSQUINHA DE COCO RANCHEIRO,0.8139248728752136,0.72,0.0,,,,[],,,,,,,,,,,,,,,,0
IMG_7287.HEIC,4,0.9257456660270691,474,959,760,1312,product_crops\product_0004_conf_0.93.jpg,RANCHEIRO__RANCHEIRO ROSQUINHA DE COCO RANCHEIRO,False,RANCHEIRO__RANCHEIRO ROSQUINHA DE COCO RANCHEIRO,0.7280288139979044,0.72,0.0,RANCHEIRO__RANCHEIRO ROSQUINHA BANANA-CANELA RANCHEIRO,0.7165001332759857,0.011528680721918705,[],,,,,,,,,,,,,,,,0
IMG_7287.HEIC,5,0.9032478332519531,1925,2467,2262,2884,product_crops\product_0005_conf_0.90.jpg,RANCHEIRO__RANCHEIRO ROSQUINHA BANANA-CANELA RANCHEIRO,False,RANCHEIRO__RANCHEIRO ROSQUINHA BANANA-CANELA RANCHEIRO,0.8360443711280823,0.72,0.0,,,,[],,,,,,,,,,,,,,,,0
IMG_7287.HEIC,6,0.8909611105918884,1080,923,1437,1421,product_crops\product_0006_conf_0.89.jpg,RANCHEIRO__RANCHEIRO ROSQUINHA DE COCO RANCHEIRO,False,RANCHEIRO__RANCHEIRO ROSQUINHA DE COCO RANCHEIRO,0.8273806691169738,0.72,0.0,,,,[],,,,,,,,,,,,,,,,0
IMG_7287.HEIC,7,0.8762537837028503,113,2947,676,4024,product_crops\product_0007_conf_0.88.jpg,RANCHEIRO__RANCHEIRO BOX,False,RANCHEIRO__RANCHEIRO BOX,0.748233413696289,0.67,-0.04999999999999993,,,,[],,,,,,,,,,,,,,,,0
IMG_7287.HEIC,8,0.8727901577949524,1670,1927,2142,2340,product_crops\product_0008_conf_0.87.jpg,RANCHEIRO__RANCHEIRO ROSQUINHA DE CHOCOLATE RANCHEIRO,False,RANCHEIRO__RANCHEIRO ROSQUINHA DE CHOCOLATE RANCHEIRO,0.7845759987831116,0.62,-0.09999999999999998,RANCHEIRO__RANCHEIRO BISCOITO QUEBRADOR RANC LIMAO,0.7833112478256226,0.0012647509574890137,[],,,,,,,,,,,,,,,,0
IMG_7287.HEIC,9,0.8709508776664734,902,2605,1220,2875,product_crops\product_0009_conf_0.87.jpg,__Unknown__,True,RANCHEIRO__RANCHEIRO ROSQUINHA BANANA-CANELA RANCHEIRO,0.6876643538475037,0.72,0.0,,,,['low_score'],,,,,,,,,,,,,,,,0
IMG_7287.HEIC,10,0.8659979104995728,2106,1429,2267,1782,product_crops\product_0010_conf_0.87.jpg,Mabel__Mabel Rosquinha Mabel Sabor Coco,False,Mabel__Mabel Rosquinha Mabel Sabor Coco,0.7420990467071533,0.72,0.0,Mabel__Mabel Rosquinha Mabel Sabor Banana e Canela,0.7324548959732056,0.009644150733947754,[],,,,,,,,,,,,,,,,0
IMG_7287.HEIC,11,0.8634053468704224,1527,2571,1875,2861,product_crops\product_0011_conf_0.86.jpg,RANCHEIRO__RANCHEIRO ROSQUINHA BANANA-CANELA RANCHEIRO,False,RANCHEIRO__RANCHEIRO ROSQUINHA BANANA-CANELA RANCHEIRO,0.7631857991218567,0.72,0.0,RANCHEIRO__RANCHEIRO ROSQUINHA DE CHOCOLATE RANCHEIRO,0.7407165765762329,0.02246922254562378,[],,,,,,,,,,,,,,,,0
IMG_7287.HEIC,12,0.8448998928070068,199,2413,532,2825,product_crops\product_0012_conf_0.84.jpg,RANCHEIRO__RANCHEIRO ROSQUINHA BANANA-CANELA RANCHEIRO,False,RANCHEIRO__RANCHEIRO ROSQUINHA BANANA-CANELA RANCHEIRO,0.8761441826820373,0.72,0.0,,,,[],,,,,,,,,,,,,,,,0
IMG_7287.HEIC,13,0.817406177520752,1672,1457,2133,1784,product_crops\product_0013_conf_0.82.jpg,RANCHEIRO__RANCHEIRO ROSQUINHA DE COCO RANCHEIRO,False,RANCHEIRO__RANCHEIRO ROSQUINHA DE COCO RANCHEIRO,0.7358802318572998,0.72,0.0,,,,[],,,,,,,,,,,,,,,,0
IMG_7287.HEIC,14,0.8164705634117126,1208,2665,1538,2867,product_crops\product_0014_conf_0.82.jpg,__Unknown__,True,RANCHEIRO__RANCHEIRO ROSQUINHA BANANA-CANELA RANCHEIRO,0.6736919432878494,0.72,0.0,RANCHEIRO__RANCHEIRO ROSQUINHA DE CHOCOLATE RANCHEIRO,0.6575322151184082,0.016159728169441223,['low_score'],0,"2,79",2.79,"5,79",5.79,"1,19",1.19,"2,79 / 5,79 / 1,19",2.79 / 5.79 / 1.19,uncertain,,insufficient_color_baseline,white,134.00839525940157,0,1
IMG_7287.HEIC,15,0.7995771765708923,1,891,130,1273,product_crops\product_0015_conf_0.80.jpg,__Unknown__,True,RANCHEIRO__RANCHEIRO ROSQUINHA DE COCO RANCHEIRO,0.6247650980949402,0.72,0.0,RANCHEIRO__RANCHEIRO BISCOITO MARIA RANCHEIRO,0.6180753111839294,0.006689786911010742,['low_score'],,,,,,,,,,,,,,,,0
IMG_7287.HEIC,16,0.7723716497421265,605,2139,997,2317,product_crops\product_0016_conf_0.77.jpg,__Unknown__,True,RANCHEIRO__RANCHEIRO ROSQUINHA DE CHOCOLATE RANCHEIRO,0.5189585387706757,0.62,-0.09999999999999998,RANCHEIRO__RANCHEIRO BISCOITO MARIA RANCHEIRO,0.48079200585683185,0.03816653291384381,['low_score'],,,,,,,,,,,,,,,,0
IMG_7287.HEIC,17,0.7376569509506226,692,2541,927,2832,product_crops\product_0017_conf_0.74.jpg,RANCHEIRO__RANCHEIRO ROSQUINHA BANANA-CANELA RANCHEIRO,False,RANCHEIRO__RANCHEIRO ROSQUINHA BANANA-CANELA RANCHEIRO,0.7598713159561157,0.72,0.0,,,,[],,,,,,,,,,,,,,,,0
IMG_7287.HEIC,18,0.6588207483291626,25,1917,359,2328,product_crops\product_0018_conf_0.66.jpg,__Unknown__,True,RANCHEIRO__RANCHEIRO ROSQUINHA DE COCO RANCHEIRO,0.6179081400235494,0.72,0.0,RANCHEIRO__RANCHEIRO ROSQUINHA DE CHOCOLATE RANCHEIRO,0.6054065823554993,0.012501557668050167,['low_score'],,,,,,,,,,,,,,,,0
IMG_7287.HEIC,19,0.5509977340698242,297,2118,643,2308,product_crops\product_0019_conf_0.55.jpg,__Unknown__,True,Mabel__Mabel Amanteigado Mabel Sabor Chocolate,0.7110744416713715,0.75,0.030000000000000027,Mabel__Mabel Rosquinha Mabel Sabor Banana e Canela,0.705501139163971,0.005573302507400513,['low_score'],,,,,,,,,,,,,,,,0
IMG_7287.HEIC,20,0.46856454014778137,2118,1934,2267,2261,product_crops\product_0020_conf_0.47.jpg,__Unknown__,True,Mabel__Mabel Rosquinha Mabel Sabor Banana e Canela,0.6131993979215622,0.72,0.0,RANCHEIRO__RANCHEIRO ROSQUINHA DE CHOCOLATE RANCHEIRO,0.592216968536377,0.02098242938518524,['low_score'],,,,,,,,,,,,,,,,0
IMG_7287.HEIC,21,0.42997249960899353,1396,1642,1715,1773,product_crops\product_0021_conf_0.43.jpg,__Unknown__,True,RANCHEIRO__RANCHEIRO BISCOITO MARIA RANCHEIRO,0.5202132642269135,0.72,0.0,,,,['low_score'],,,,,,,,,,,,,,,,0
IMG_7287.HEIC,22,0.3145516514778137,5,1455,436,1818,product_crops\product_0022_conf_0.31.jpg,__Unknown__,True,RANCHEIRO__RANCHEIRO ROSQUINHA DE CHOCOLATE RANCHEIRO,0.5873478651046753,0.62,-0.09999999999999998,RANCHEIRO__RANCHEIRO COOKIES CHOCOLATE RANCHEIRO,0.5832746922969818,0.0040731728076934814,['low_score'],,,,,,,,,,,,,,,,0
IMG_7287.HEIC,23,0.29356861114501953,2183,1001,2266,1292,product_crops\product_0023_conf_0.29.jpg,__Unknown__,True,Mabel__Mabel Cookie Mabel Chocolate com gotas de chocolate,0.6436637043952942,0.72,0.0,Mabel__Mabel Rosquinha Mabel Sabor Banana e Canela,0.6194168329238892,0.02424687147140503,['low_score'],,,,,,,,,,,,,,,,0
IMG_7287.HEIC,24,0.2720179557800293,1080,2100,1453,2299,product_crops\product_0024_conf_0.27.jpg,__Unknown__,True,RANCHEIRO__RANCHEIRO ROSQUINHA DE CHOCOLATE RANCHEIRO,0.4578684687614441,0.62,-0.09999999999999998,,,,['low_score'],,,,,,,,,,,,,,,,0
IMG_7288.HEIC,0,0.9749128222465515,887,3862,1322,4032,product_crops\product_0000_conf_0.97.jpg,RANCHEIRO__RANCHEIRO BOX,False,RANCHEIRO__RANCHEIRO BOX,0.696311616897583,0.67,-0.04999999999999993,,,,[],,,,,,,,,,,,,,,,0
IMG_7288.HEIC,1,0.971318781375885,450,3864,895,4032,product_crops\product_0001_conf_0.97.jpg,__Unknown__,True,RANCHEIRO__RANCHEIRO BOX,0.6349222183227539,0.67,-0.04999999999999993,,,,['low_score'],,,,,,,,,,,,,,,,0
IMG_7288.HEIC,2,0.9700377583503723,1314,3869,1770,4032,product_crops\product_0002_conf_0.97.jpg,__Unknown__,True,RANCHEIRO__RANCHEIRO BOX,0.6559517860412598,0.67,-0.04999999999999993,,,,['low_score'],,,,,,,,,,,,,,,,0
IMG_7288.HEIC,3,0.9660637974739075,1763,3858,2218,4032,product_crops\product_0003_conf_0.97.jpg,__Unknown__,True,RANCHEIRO__RANCHEIRO BOX,0.5890819311141968,0.67,-0.04999999999999993,,,,['low_score'],,,,,,,,,,,,,,,,0
IMG_7288.HEIC,4,0.9634989500045776,1328,3377,1789,3887,product_crops\product_0004_conf_0.96.jpg,__Unknown__,True,RANCHEIRO__RANCHEIRO ROSQUINHA RECHEADA DE MORANGO RANCHEIRO,0.6925496657689413,0.72,0.0,RANCHEIRO__RANCHEIRO ROSQUINHA RECHEADA DE BAUNILHA RANCHEIRO,0.6878215670585632,0.004728098710378048,['low_score'],,,,,,,,,,,,,,,,0
IMG_7288.HEIC,5,0.9598084688186646,14,3858,460,4032,product_crops\product_0005_conf_0.96.jpg,RANCHEIRO__RANCHEIRO BOX,False,RANCHEIRO__RANCHEIRO BOX,0.6797173500061036,0.67,-0.04999999999999993,,,,[],,,,,,,,,,,,,,,,0
IMG_7288.HEIC,6,0.9579368233680725,1770,3371,2245,3881,product_crops\product_0006_conf_0.96.jpg,__Unknown__,True,RANCHEIRO__RANCHEIRO ROSQUINHA RECHEADA DE MORANGO RANCHEIRO,0.6683197816212972,0.72,0.0,RANCHEIRO__RANCHEIRO ROSQUINHA RECHEADA DE CHOCOLATE RANCHEIRO,0.6677887737751007,0.0005310078461965295,['low_score'],,,,,,,,,,,,,,,,0
IMG_7288.HEIC,7,0.9565945267677307,0,3366,448,3880,product_crops\product_0007_conf_0.96.jpg,RANCHEIRO__RANCHEIRO ROSQUINHA RECHEADA DE CHOCOLATE RANCHEIRO,False,RANCHEIRO__RANCHEIRO ROSQUINHA RECHEADA DE CHOCOLATE RANCHEIRO,0.6854569315910339,0.64,-0.07999999999999996,RANCHEIRO__RANCHEIRO BOX,0.6661635637283325,0.019293367862701416,[],,,,,,,,,,,,,,,,0
IMG_7288.HEIC,8,0.940096914768219,434,3376,892,3878,product_crops\product_0008_conf_0.94.jpg,RANCHEIRO__RANCHEIRO ROSQUINHA RECHEADA DE BAUNILHA RANCHEIRO,False,RANCHEIRO__RANCHEIRO ROSQUINHA RECHEADA DE BAUNILHA RANCHEIRO,0.7213026881217957,0.69,-0.030000000000000027,RANCHEIRO__RANCHEIRO ROSQUINHA RECHEADA DE MORANGO RANCHEIRO,0.714799553155899,0.0065031349658966064,[],,,,,,,,,,,,,,,,0
IMG_7288.HEIC,9,0.8961881399154663,1392,2479,1598,2692,product_crops\product_0009_conf_0.90.jpg,__Unknown__,True,RANCHEIRO__RANCHEIRO COOKIES RANCHEIRO,0.5166298151016235,0.68,-0.039999999999999925,RANCHEIRO__RANCHEIRO ROSQ RECHEADA RANCHEIRO CHOC-COCO,0.5145928859710693,0.0020369291305541992,['low_score'],,,,,,,,,,,,,,,,0
IMG_7288.HEIC,10,0.880298912525177,136,2231,533,2348,product_crops\product_0010_conf_0.88.jpg,RANCHEIRO__RANCHEIRO ROSQUINHA RECHEADA DE CHOCOLATE RANCHEIRO,False,RANCHEIRO__RANCHEIRO ROSQUINHA RECHEADA DE CHOCOLATE RANCHEIRO,0.8290321588516235,0.64,-0.07999999999999996,,,,[],,,,,,,,,,,,,,,,0
IMG_7288.HEIC,11,0.8750022649765015,77,933,459,1040,product_crops\product_0011_conf_0.88.jpg,RANCHEIRO__RANCHEIRO ROSQUINHA RECHEADA DE CHOCOLATE RANCHEIRO,False,RANCHEIRO__RANCHEIRO ROSQUINHA RECHEADA DE CHOCOLATE RANCHEIRO,0.855895483493805,0.64,-0.07999999999999996,,,,[],,,,,,,,,,,,,,,,0
IMG_7288.HEIC,12,0.8279546499252319,540,2227,956,2345,product_crops\product_0012_conf_0.83.jpg,RANCHEIRO__RANCHEIRO ROSQUINHA RECHEADA DE CHOCOLATE RANCHEIRO,False,RANCHEIRO__RANCHEIRO ROSQUINHA RECHEADA DE CHOCOLATE RANCHEIRO,0.8426534533500671,0.64,-0.07999999999999996,,,,[],,,,,,,,,,,,,,,,0
IMG_7288.HEIC,13,0.8279078006744385,1770,2227,2204,2336,product_crops\product_0013_conf_0.83.jpg,RANCHEIRO__RANCHEIRO ROSQUINHA RECHEADA DE BAUNILHA RANCHEIRO,False,RANCHEIRO__RANCHEIRO ROSQUINHA RECHEADA DE BAUNILHA RANCHEIRO,0.7221718430519104,0.69,-0.030000000000000027,RANCHEIRO__RANCHEIRO ROSQUINHA RECHEADA DE MORANGO RANCHEIRO,0.7012245655059814,0.020947277545928955,[],,,,,,,,,,,,,,,,0
IMG_7288.HEIC,14,0.8163848519325256,58,1685,483,1801,product_crops\product_0014_conf_0.82.jpg,RANCHEIRO__RANCHEIRO ROSQUINHA RECHEADA DE CHOCOLATE RANCHEIRO,False,RANCHEIRO__RANCHEIRO ROSQUINHA RECHEADA DE CHOCOLATE RANCHEIRO,0.7090056777000427,0.64,-0.07999999999999996,,,,[],0,"1,79",1.79,"1,79",1.79,"1,99",1.99,"1,79 / 1,79 / 1,99",1.79 / 1.79 / 1.99,regular,False,image_single_palette,white,83.55387483534201,0,1
IMG_7288.HEIC,15,0.8045920729637146,145,2432,379,2631,product_crops\product_0015_conf_0.80.jpg,__Unknown__,True,RANCHEIRO__RANCHEIRO COOKIES CHOCOLATE RANCHEIRO,0.5241506298383077,0.72,0.0,RANCHEIRO__RANCHEIRO ROSQUINHA DE COCO RANCHEIRO,0.5217322111129761,0.0024184187253316614,['low_score'],,,,,,,,,,,,,,,,0
IMG_7288.HEIC,16,0.7951896786689758,460,3033,901,3390,product_crops\product_0016_conf_0.80.jpg,__Unknown__,True,RANCHEIRO__RANCHEIRO WAFER RANCHEIRO CHOCOLATE,0.6396099030971527,0.71,-0.010000000000000009,RANCHEIRO__RANCHEIRO BOX,0.6062078475952148,0.033402055501937866,['low_score'],,,,,,,,,,,,,,,,0
IMG_7288.HEIC,17,0.7929078936576843,515,1592,901,1674,product_crops\product_0017_conf_0.79.jpg,RANCHEIRO__RANCHEIRO ROSQUINHA RECHEADA DE CHOCOLATE RANCHEIRO,False,RANCHEIRO__RANCHEIRO ROSQUINHA RECHEADA DE CHOCOLATE RANCHEIRO,0.9316112041473389,0.64,-0.07999999999999996,,,,[],,,,,,,,,,,,,,,,0
IMG_7288.HEIC,18,0.7820075154304504,1058,2602,1308,2890,product_crops\product_0018_conf_0.78.jpg,__Unknown__,True,RANCHEIRO__RANCHEIRO COOKIES CHOCOLATE RANCHEIRO,0.5510077595710754,0.72,0.0,,,,['low_score'],3,"1,89",1.89,"1,89",1.89,"1,99",1.99,"1,89 / 1,89 / 1,99",1.89 / 1.89 / 1.99,regular,False,image_single_palette,white,222.3083444227859,3,1
IMG_7288.HEIC,19,0.7733451128005981,117,1889,545,1980,product_crops\product_0019_conf_0.77.jpg,RANCHEIRO__RANCHEIRO ROSQUINHA RECHEADA DE CHOCOLATE RANCHEIRO,False,RANCHEIRO__RANCHEIRO ROSQUINHA RECHEADA DE CHOCOLATE RANCHEIRO,0.8630346536636353,0.64,-0.07999999999999996,,,,[],,,,,,,,,,,,,,,,0
IMG_7288.HEIC,20,0.7694676518440247,1324,925,1709,1014,product_crops\product_0020_conf_0.77.jpg,RANCHEIRO__RANCHEIRO ROSQUINHA RECHEADA DE BAUNILHA RANCHEIRO,False,RANCHEIRO__RANCHEIRO ROSQUINHA RECHEADA DE BAUNILHA RANCHEIRO,0.7902603507041931,0.69,-0.030000000000000027,,,,[],,,,,,,,,,,,,,,,0
IMG_7288.HEIC,21,0.7658431529998779,552,1365,914,1443,product_crops\product_0021_conf_0.77.jpg,RANCHEIRO__RANCHEIRO ROSQUINHA RECHEADA DE CHOCOLATE RANCHEIRO,False,RANCHEIRO__RANCHEIRO ROSQUINHA RECHEADA DE CHOCOLATE RANCHEIRO,0.8898275256156921,0.64,-0.07999999999999996,,,,[],,,,,,,,,,,,,,,,0
IMG_7288.HEIC,22,0.7623933553695679,898,3035,1343,3395,product_crops\product_0022_conf_0.76.jpg,__Unknown__,True,RANCHEIRO__RANCHEIRO WAFER RANCHEIRO CHOCOLATE,0.5909728407859802,0.71,-0.010000000000000009,RANCHEIRO__RANCHEIRO BOX,0.5736117164293925,0.017361124356587765,['low_score'],,,,,,,,,,,,,,,,0
IMG_7288.HEIC,23,0.7492788434028625,886,898,1307,1035,product_crops\product_0023_conf_0.75.jpg,RANCHEIRO__RANCHEIRO ROSQUINHA RECHEADA DE BAUNILHA RANCHEIRO,False,RANCHEIRO__RANCHEIRO ROSQUINHA RECHEADA DE BAUNILHA RANCHEIRO,0.7568198442459106,0.69,-0.030000000000000027,RANCHEIRO__RANCHEIRO ROSQUINHA RECHEADA DE MORANGO RANCHEIRO,0.7548640072345734,0.0019558370113372803,[],,,,,,,,,,,,,,,,0
IMG_7288.HEIC,24,0.7333716750144958,1314,1147,1719,1232,product_crops\product_0024_conf_0.73.jpg,RANCHEIRO__RANCHEIRO ROSQUINHA RECHEADA DE BAUNILHA RANCHEIRO,False,RANCHEIRO__RANCHEIRO ROSQUINHA RECHEADA DE BAUNILHA RANCHEIRO,0.8899515628814697,0.69,-0.030000000000000027,,,,[],,,,,,,,,,,,,,,,0
IMG_7288.HEIC,25,0.7271531820297241,467,894,878,1027,product_crops\product_0025_conf_0.73.jpg,RANCHEIRO__RANCHEIRO ROSQUINHA RECHEADA DE CHOCOLATE RANCHEIRO,False,RANCHEIRO__RANCHEIRO ROSQUINHA RECHEADA DE CHOCOLATE RANCHEIRO,0.8545599102973938,0.64,-0.07999999999999996,,,,[],,,,,,,,,,,,,,,,0
IMG_7288.HEIC,26,0.7160318493843079,553,2095,962,2222,product_crops\product_0026_conf_0.72.jpg,RANCHEIRO__RANCHEIRO ROSQUINHA RECHEADA DE CHOCOLATE RANCHEIRO,False,RANCHEIRO__RANCHEIRO ROSQUINHA RECHEADA DE CHOCOLATE RANCHEIRO,0.8471576571464539,0.64,-0.07999999999999996,,,,[],,,,,,,,,,,,,,,,0
IMG_7288.HEIC,27,0.6965115666389465,472,1029,882,1110,product_crops\product_0027_conf_0.70.jpg,RANCHEIRO__RANCHEIRO ROSQUINHA RECHEADA DE CHOCOLATE RANCHEIRO,False,RANCHEIRO__RANCHEIRO ROSQUINHA RECHEADA DE CHOCOLATE RANCHEIRO,0.772700023651123,0.64,-0.07999999999999996,,,,[],,,,,,,,,,,,,,,,0
IMG_7288.HEIC,28,0.6933559775352478,1377,2251,1759,2344,product_crops\product_0028_conf_0.69.jpg,RANCHEIRO__RANCHEIRO ROSQUINHA RECHEADA DE BAUNILHA RANCHEIRO,False,RANCHEIRO__RANCHEIRO ROSQUINHA RECHEADA DE BAUNILHA RANCHEIRO,0.8957913994789124,0.69,-0.030000000000000027,,,,[],,,,,,,,,,,,,,,,0
IMG_7288.HEIC,29,0.692308247089386,76,1041,462,1124,product_crops\product_0029_conf_0.69.jpg,RANCHEIRO__RANCHEIRO ROSQUINHA RECHEADA DE CHOCOLATE RANCHEIRO,False,RANCHEIRO__RANCHEIRO ROSQUINHA RECHEADA DE CHOCOLATE RANCHEIRO,0.8780370235443116,0.64,-0.07999999999999996,,,,[],,,,,,,,,,,,,,,,0
IMG_7288.HEIC,30,0.6788967251777649,964,2271,1367,2347,product_crops\product_0030_conf_0.68.jpg,RANCHEIRO__RANCHEIRO ROSQUINHA RECHEADA DE BAUNILHA RANCHEIRO,False,RANCHEIRO__RANCHEIRO ROSQUINHA RECHEADA DE BAUNILHA RANCHEIRO,0.8675681591033936,0.69,-0.030000000000000027,,,,[],,,,,,,,,,,,,,,,0
IMG_7288.HEIC,31,0.6778162717819214,528,1472,912,1579,product_crops\product_0031_conf_0.68.jpg,__Unknown__,True,RANCHEIRO__RANCHEIRO BISCOITO MARIA RANCHEIRO,0.6678958773612976,0.72,0.0,,,,['low_score'],,,,,,,,,,,,,,,,0
IMG_7288.HEIC,32,0.6655418276786804,58,1137,466,1243,product_crops\product_0032_conf_0.67.jpg,RANCHEIRO__RANCHEIRO ROSQUINHA RECHEADA DE CHOCOLATE RANCHEIRO,False,RANCHEIRO__RANCHEIRO ROSQUINHA RECHEADA DE CHOCOLATE RANCHEIRO,0.8005544662475585,0.64,-0.07999999999999996,,,,[],,,,,,,,,,,,,,,,0
IMG_7288.HEIC,33,0.6618907451629639,1335,1589,1749,1705,product_crops\product_0033_conf_0.66.jpg,RANCHEIRO__RANCHEIRO ROSQUINHA RECHEADA DE BAUNILHA RANCHEIRO,False,RANCHEIRO__RANCHEIRO ROSQUINHA RECHEADA DE BAUNILHA RANCHEIRO,0.920553469657898,0.69,-0.030000000000000027,,,,[],,,,,,,,,,,,,,,,0
IMG_7288.HEIC,34,0.6590681076049805,896,1034,1302,1120,product_crops\product_0034_conf_0.66.jpg,RANCHEIRO__RANCHEIRO ROSQUINHA RECHEADA DE MORANGO RANCHEIRO,False,RANCHEIRO__RANCHEIRO ROSQUINHA RECHEADA DE MORANGO RANCHEIRO,0.841641366481781,0.72,0.0,,,,[],,,,,,,,,,,,,,,,0
IMG_7288.HEIC,35,0.6589756011962891,885,3421,1337,3878,product_crops\product_0035_conf_0.66.jpg,__Unknown__,True,RANCHEIRO__RANCHEIRO BOX,0.6623259981473287,0.67,-0.04999999999999993,RANCHEIRO__RANCHEIRO ROSQUINHA RECHEADA DE MORANGO RANCHEIRO,0.6598860621452332,0.0024399360020955774,['low_score'],,,,,,,,,,,,,,,,0
IMG_7288.HEIC,36,0.6551413536071777,485,1678,898,1803,product_crops\product_0036_conf_0.66.jpg,RANCHEIRO__RANCHEIRO ROSQUINHA RECHEADA DE CHOCOLATE RANCHEIRO,False,RANCHEIRO__RANCHEIRO ROSQUINHA RECHEADA DE CHOCOLATE RANCHEIRO,0.878544545173645,0.64,-0.07999999999999996,,,,[],,,,,,,,,,,,,,,,0
IMG_7288.HEIC,37,0.6285503506660461,896,1149,1304,1235,product_crops\product_0037_conf_0.63.jpg,RANCHEIRO__RANCHEIRO ROSQUINHA RECHEADA DE MORANGO RANCHEIRO,False,RANCHEIRO__RANCHEIRO ROSQUINHA RECHEADA DE MORANGO RANCHEIRO,0.8705118894577026,0.72,0.0,RANCHEIRO__RANCHEIRO ROSQUINHA RECHEADA DE BAUNILHA RANCHEIRO,0.8697685996691386,0.0007432897885640832,[],,,,,,,,,,,,,,,,0
IMG_7288.HEIC,38,0.6243476867675781,1725,1140,2197,1228,product_crops\product_0038_conf_0.62.jpg,RANCHEIRO__RANCHEIRO ROSQUINHA RECHEADA DE BAUNILHA RANCHEIRO,False,RANCHEIRO__RANCHEIRO ROSQUINHA RECHEADA DE BAUNILHA RANCHEIRO,0.8435879111289978,0.69,-0.030000000000000027,,,,[],,,,,,,,,,,,,,,,0
IMG_7288.HEIC,39,0.6232530474662781,606,2678,834,2880,product_crops\product_0039_conf_0.62.jpg,__Unknown__,True,RANCHEIRO__RANCHEIRO COOKIES CHOCOLATE RANCHEIRO,0.5028533339500427,0.72,0.0,,,,['low_score'],,,,,,,,,,,,,,,,0
IMG_7288.HEIC,40,0.6038529276847839,1778,2150,2207,2223,product_crops\product_0040_conf_0.60.jpg,RANCHEIRO__RANCHEIRO ROSQUINHA RECHEADA DE BAUNILHA RANCHEIRO,False,RANCHEIRO__RANCHEIRO ROSQUINHA RECHEADA DE BAUNILHA RANCHEIRO,0.8149999976158142,0.69,-0.030000000000000027,,,,[],,,,,,,,,,,,,,,,0
IMG_7288.HEIC,41,0.6033201813697815,477,1140,888,1238,product_crops\product_0041_conf_0.60.jpg,RANCHEIRO__RANCHEIRO ROSQUINHA RECHEADA DE CHOCOLATE RANCHEIRO,False,RANCHEIRO__RANCHEIRO ROSQUINHA RECHEADA DE CHOCOLATE RANCHEIRO,0.8996589422225952,0.64,-0.07999999999999996,,,,[],,,,,,,,,,,,,,,,0
IMG_7288.HEIC,42,0.5995934009552002,131,2030,536,2110,product_crops\product_0042_conf_0.60.jpg,RANCHEIRO__RANCHEIRO ROSQUINHA RECHEADA DE CHOCOLATE RANCHEIRO,False,RANCHEIRO__RANCHEIRO ROSQUINHA RECHEADA DE CHOCOLATE RANCHEIRO,0.8422669291496276,0.64,-0.07999999999999996,,,,[],,,,,,,,,,,,,,,,0
IMG_7288.HEIC,43,0.589587390422821,137,2113,538,2229,product_crops\product_0043_conf_0.59.jpg,RANCHEIRO__RANCHEIRO ROSQUINHA RECHEADA DE CHOCOLATE RANCHEIRO,False,RANCHEIRO__RANCHEIRO ROSQUINHA RECHEADA DE CHOCOLATE RANCHEIRO,0.8682179927825928,0.64,-0.07999999999999996,,,,[],,,,,,,,,,,,,,,,0
IMG_7288.HEIC,44,0.5648034811019897,167,1362,520,1451,product_crops\product_0044_conf_0.56.jpg,RANCHEIRO__RANCHEIRO ROSQUINHA RECHEADA DE CHOCOLATE RANCHEIRO,False,RANCHEIRO__RANCHEIRO ROSQUINHA RECHEADA DE CHOCOLATE RANCHEIRO,0.8388801455497742,0.64,-0.07999999999999996,,,,[],,,,,,,,,,,,,,,,0
IMG_7288.HEIC,45,0.5594449043273926,1983,2540,2263,2924,product_crops\product_0045_conf_0.56.jpg,__Unknown__,True,RANCHEIRO__RANCHEIRO COOKIES CHOCOLATE RANCHEIRO,0.5400794744491577,0.72,0.0,RANCHEIRO__RANCHEIRO COOKIES RANCHEIRO,0.5368709564208984,0.0032085180282592773,['low_score'],,,,,,,,,,,,,,,,0
IMG_7288.HEIC,46,0.5501835346221924,915,1594,1324,1677,product_crops\product_0046_conf_0.55.jpg,RANCHEIRO__RANCHEIRO ROSQUINHA RECHEADA DE MORANGO RANCHEIRO,False,RANCHEIRO__RANCHEIRO ROSQUINHA RECHEADA DE MORANGO RANCHEIRO,0.8725588321685791,0.72,0.0,RANCHEIRO__RANCHEIRO ROSQUINHA RECHEADA DE BAUNILHA RANCHEIRO,0.8703382015228271,0.002220630645751953,[],,,,,,,,,,,,,,,,0
IMG_7288.HEIC,47,0.5415002107620239,1,2136,133,2203,product_crops\product_0047_conf_0.54.jpg,__Unknown__,True,RANCHEIRO__RANCHEIRO ROSQUINHA RECHEADA DE BAUNILHA RANCHEIRO,0.565505850315094,0.69,-0.030000000000000027,,,,['low_score'],,,,,,,,,,,,,,,,0
IMG_7288.HEIC,48,0.5348010063171387,1719,925,2146,1014,product_crops\product_0048_conf_0.53.jpg,__Unknown__,True,RANCHEIRO__RANCHEIRO WAFER RANCHEIRO BAUNILHA,0.5738279342651367,0.7,-0.020000000000000018,,,,['low_score'],,,,,,,,,,,,,,,,0
IMG_7288.HEIC,49,0.5287933945655823,1345,3039,1790,3389,product_crops\product_0049_conf_0.53.jpg,__Unknown__,True,RANCHEIRO__RANCHEIRO WAFER RANCHEIRO BAUNILHA,0.47255839705467223,0.7,-0.020000000000000018,,,,['low_score'],,,,,,,,,,,,,,,,0
IMG_7288.HEIC,50,0.5092372894287109,927,1419,1321,1474,product_crops\product_0050_conf_0.51.jpg,__Unknown__,True,RANCHEIRO__RANCHEIRO ROSQUINHA RECHEADA DE MORANGO RANCHEIRO,0.5037461817264557,0.72,0.0,RANCHEIRO__RANCHEIRO WAFER RANCHEIRO BAUNILHA,0.499697282910347,0.004048898816108704,['low_score'],,,,,,,,,,,,,,,,0
IMG_7288.HEIC,51,0.502564549446106,345,2452,720,2898,product_crops\product_0051_conf_0.50.jpg,__Unknown__,True,RANCHEIRO__RANCHEIRO WAFER RANCHEIRO CHOCOLATE,0.5520793199539185,0.71,-0.010000000000000009,,,,['low_score'],,,,,,,,,,,,,,,,0
IMG_7288.HEIC,52,0.47107934951782227,49,1551,484,1682,product_crops\product_0052_conf_0.47.jpg,RANCHEIRO__RANCHEIRO ROSQUINHA RECHEADA DE CHOCOLATE RANCHEIRO,False,RANCHEIRO__RANCHEIRO ROSQUINHA RECHEADA DE CHOCOLATE RANCHEIRO,0.8689345479011535,0.64,-0.07999999999999996,,,,[],,,,,,,,,,,,,,,,0
IMG_7288.HEIC,53,0.45724889636039734,1377,2157,1762,2242,product_crops\product_0053_conf_0.46.jpg,RANCHEIRO__RANCHEIRO ROSQUINHA RECHEADA DE MORANGO RANCHEIRO,False,RANCHEIRO__RANCHEIRO ROSQUINHA RECHEADA DE MORANGO RANCHEIRO,0.8802393078804016,0.72,0.0,RANCHEIRO__RANCHEIRO ROSQUINHA RECHEADA DE BAUNILHA RANCHEIRO,0.8752781748771667,0.004961133003234863,[],,,,,,,,,,,,,,,,0
IMG_7288.HEIC,54,0.4500109851360321,562,1986,955,2087,product_crops\product_0054_conf_0.45.jpg,RANCHEIRO__RANCHEIRO ROSQUINHA RECHEADA DE CHOCOLATE RANCHEIRO,False,RANCHEIRO__RANCHEIRO ROSQUINHA RECHEADA DE CHOCOLATE RANCHEIRO,0.8633155107498169,0.64,-0.07999999999999996,,,,[],,,,,,,,,,,,,,,,0
IMG_7288.HEIC,55,0.44523733854293823,905,1679,1324,1802,product_crops\product_0055_conf_0.45.jpg,__Unknown__,True,RANCHEIRO__RANCHEIRO ROSQUINHA RECHEADA DE BAUNILHA RANCHEIRO,0.6459713578224182,0.69,-0.030000000000000027,RANCHEIRO__RANCHEIRO ROSQUINHA RECHEADA DE MORANGO RANCHEIRO,0.6407440900802612,0.005227267742156982,['low_score'],1,"1,79",1.79,"1,79",1.79,"1,99",1.99,"1,79 / 1,79 / 1,99",1.79 / 1.79 / 1.99,regular,False,image_single_palette,white,62.03224967708329,1,1
IMG_7288.HEIC,56,0.4434117376804352,1779,3036,2223,3379,product_crops\product_0056_conf_0.44.jpg,__Unknown__,True,RANCHEIRO__RANCHEIRO ROSQ RECHEADA RANCHEIRO CHOC-COCO,0.40508097410202026,0.71,-0.010000000000000009,RANCHEIRO__RANCHEIRO WAFER RANCHEIRO MORANGO,0.39727485179901123,0.007806122303009033,['low_score'],,,,,,,,,,,,,,,,0
IMG_7288.HEIC,57,0.4167688190937042,37,1464,509,1548,product_crops\product_0057_conf_0.42.jpg,RANCHEIRO__RANCHEIRO ROSQUINHA RECHEADA DE CHOCOLATE RANCHEIRO,False,RANCHEIRO__RANCHEIRO ROSQUINHA RECHEADA DE CHOCOLATE RANCHEIRO,0.9148446202278138,0.64,-0.07999999999999996,,,,[],,,,,,,,,,,,,,,,0
IMG_7288.HEIC,58,0.3946923017501831,972,2137,1367,2228,product_crops\product_0058_conf_0.39.jpg,RANCHEIRO__RANCHEIRO ROSQUINHA RECHEADA DE BAUNILHA RANCHEIRO,False,RANCHEIRO__RANCHEIRO ROSQUINHA RECHEADA DE BAUNILHA RANCHEIRO,0.89174964427948,0.69,-0.030000000000000027,,,,[],,,,,,,,,,,,,,,,0
IMG_7288.HEIC,59,0.3932035565376282,1724,1017,2161,1136,product_crops\product_0059_conf_0.39.jpg,RANCHEIRO__RANCHEIRO ROSQUINHA RECHEADA DE BAUNILHA RANCHEIRO,False,RANCHEIRO__RANCHEIRO ROSQUINHA RECHEADA DE BAUNILHA RANCHEIRO,0.8987191081047058,0.69,-0.030000000000000027,,,,[],,,,,,,,,,,,,,,,0
IMG_7288.HEIC,60,0.3668278157711029,836,2505,1090,2889,product_crops\product_0060_conf_0.37.jpg,__Unknown__,True,RANCHEIRO__RANCHEIRO COOKIES CHOCOLATE RANCHEIRO,0.5425723791122437,0.72,0.0,RANCHEIRO__RANCHEIRO WAFER RANCHEIRO CHOCOLATE,0.5177530944347382,0.024819284677505493,['low_score'],,,,,,,,,,,,,,,,0
IMG_7288.HEIC,61,0.35607385635375977,1315,1018,1719,1139,product_crops\product_0061_conf_0.36.jpg,RANCHEIRO__RANCHEIRO ROSQUINHA RECHEADA DE BAUNILHA RANCHEIRO,False,RANCHEIRO__RANCHEIRO ROSQUINHA RECHEADA DE BAUNILHA RANCHEIRO,0.8342641194661459,0.69,-0.030000000000000027,RANCHEIRO__RANCHEIRO ROSQUINHA RECHEADA DE MORANGO RANCHEIRO,0.8304750919342041,0.0037890275319417688,[],,,,,,,,,,,,,,,,0
IMG_7288.HEIC,62,0.35137519240379333,1,2072,128,2135,product_crops\product_0062_conf_0.35.jpg,__Unknown__,True,RANCHEIRO__RANCHEIRO ROSQUINHA RECHEADA DE BAUNILHA RANCHEIRO,0.42061154544353485,0.69,-0.030000000000000027,RANCHEIRO__RANCHEIRO ROSQUINHA RECHEADA DE MORANGO RANCHEIRO,0.41599351167678833,0.004618033766746521,['low_score'],,,,,,,,,,,,,,,,0
IMG_7288.HEIC,63,0.32576054334640503,2,2266,125,2356,product_crops\product_0063_conf_0.33.jpg,__Unknown__,True,RANCHEIRO__RANCHEIRO ROSQUINHA DE CHOCOLATE RANCHEIRO,0.4151502549648285,0.62,-0.09999999999999998,RANCHEIRO__RANCHEIRO ROSQUINHA RECHEADA DE MORANGO RANCHEIRO,0.4043155511220296,0.010834703842798887,['low_score'],,,,,,,,,,,,,,,,0
IMG_7288.HEIC,64,0.3133269250392914,922,1478,1329,1564,product_crops\product_0064_conf_0.31.jpg,RANCHEIRO__RANCHEIRO ROSQUINHA RECHEADA DE BAUNILHA RANCHEIRO,False,RANCHEIRO__RANCHEIRO ROSQUINHA RECHEADA DE BAUNILHA RANCHEIRO,0.8929588794708252,0.69,-0.030000000000000027,RANCHEIRO__RANCHEIRO ROSQUINHA RECHEADA DE MORANGO RANCHEIRO,0.885979175567627,0.006979703903198242,[],,,,,,,,,,,,,,,,0
IMG_7288.HEIC,65,0.29090845584869385,1,2202,133,2266,product_crops\product_0065_conf_0.29.jpg,__Unknown__,True,RANCHEIRO__RANCHEIRO WAFER RANCHEIRO BAUNILHA,0.4493952890237172,0.7,-0.020000000000000018,RANCHEIRO__RANCHEIRO ROSQUINHA RECHEADA DE MORANGO RANCHEIRO,0.42088913917541504,0.028506149848302187,['low_score'],,,,,,,,,,,,,,,,0
IMG_7288.HEIC,66,0.2765357792377472,1784,2069,2206,2150,product_crops\product_0066_conf_0.28.jpg,__Unknown__,True,RANCHEIRO__RANCHEIRO ROSQUINHA DE CHOCOLATE RANCHEIRO,0.43089503049850464,0.62,-0.09999999999999998,RANCHEIRO__RANCHEIRO COOKIES CHOCOLATE RANCHEIRO,0.39985841512680054,0.0310366153717041,['low_score'],,,,,,,,,,,,,,,,0
IMG_7288.HEIC,67,0.27354946732521057,88,2639,354,2840,product_crops\product_0067_conf_0.27.jpg,__Unknown__,True,RANCHEIRO__RANCHEIRO WAFER RANCHEIRO CHOCOLATE,0.6088772416114807,0.71,-0.010000000000000009,RANCHEIRO__RANCHEIRO COOKIES CHOCOLATE RANCHEIRO,0.5921783447265625,0.016698896884918213,['low_score'],,,,,,,,,,,,,,,,0
IMG_7288.HEIC,68,0.2601848244667053,1714,1403,2032,1489,product_crops\product_0068_conf_0.26.jpg,__Unknown__,True,RANCHEIRO__RANCHEIRO ROSQUINHA RECHEADA DE MORANGO RANCHEIRO,0.565690666437149,0.72,0.0,RANCHEIRO__RANCHEIRO ROSQUINHA RECHEADA DE BAUNILHA RANCHEIRO,0.5602598190307617,0.005430847406387329,['low_score'],,,,,,,,,,,,,,,,0
IMG_7289.HEIC,0,0.9607574939727783,667,2685,1143,3031,product_crops\product_0000_conf_0.96.jpg,RANCHEIRO__RANCHEIRO BOX,False,RANCHEIRO__RANCHEIRO BOX,0.790562093257904,0.67,-0.04999999999999993,,,,[],,,,,,,,,,,,,,,,0
IMG_7289.HEIC,1,0.9603670239448547,1140,2701,1612,3036,product_crops\product_0001_conf_0.96.jpg,RANCHEIRO__RANCHEIRO BOX,False,RANCHEIRO__RANCHEIRO BOX,0.8321949362754821,0.67,-0.04999999999999993,,,,[],,,,,,,,,,,,,,,,0
IMG_7289.HEIC,2,0.9529913067817688,675,3035,1131,3324,product_crops\product_0002_conf_0.95.jpg,RANCHEIRO__RANCHEIRO BOX,False,RANCHEIRO__RANCHEIRO BOX,0.8297813892364502,0.67,-0.04999999999999993,,,,[],,,,,,,,,,,,,,,,0
IMG_7289.HEIC,3,0.9506248235702515,163,2659,673,3032,product_crops\product_0003_conf_0.95.jpg,RANCHEIRO__RANCHEIRO BOX,False,RANCHEIRO__RANCHEIRO BOX,0.789073359966278,0.67,-0.04999999999999993,,,,[],,,,,,,,,,,,,,,,0
IMG_7289.HEIC,4,0.9504997730255127,1128,3042,1593,3358,product_crops\product_0004_conf_0.95.jpg,RANCHEIRO__RANCHEIRO BOX,False,RANCHEIRO__RANCHEIRO BOX,0.8267425656318664,0.67,-0.04999999999999993,,,,[],,,,,,,,,,,,,,,,0
IMG_7289.HEIC,5,0.9466784000396729,1113,3357,1567,3636,product_crops\product_0005_conf_0.95.jpg,RANCHEIRO__RANCHEIRO BOX,False,RANCHEIRO__RANCHEIRO BOX,0.8082107424736023,0.67,-0.04999999999999993,,,,[],,,,,,,,,,,,,,,,0
IMG_7289.HEIC,6,0.9452559947967529,197,3034,678,3324,product_crops\product_0006_conf_0.95.jpg,RANCHEIRO__RANCHEIRO BOX,False,RANCHEIRO__RANCHEIRO BOX,0.8011179208755493,0.67,-0.04999999999999993,,,,[],,,,,,,,,,,,,,,,0
IMG_7289.HEIC,7,0.9352123737335205,1607,2708,2121,3064,product_crops\product_0007_conf_0.94.jpg,RANCHEIRO__RANCHEIRO BOX,False,RANCHEIRO__RANCHEIRO BOX,0.8036091327667236,0.67,-0.04999999999999993,,,,[],,,,,,,,,,,,,,,,0
IMG_7289.HEIC,8,0.9324440360069275,669,3322,1103,3580,product_crops\product_0008_conf_0.93.jpg,RANCHEIRO__RANCHEIRO BOX,False,RANCHEIRO__RANCHEIRO BOX,0.8109404802322387,0.67,-0.04999999999999993,,,,[],,,,,,,,,,,,,,,,0
IMG_7289.HEIC,9,0.9317823052406311,204,3320,671,3581,product_crops\product_0009_conf_0.93.jpg,RANCHEIRO__RANCHEIRO BOX,False,RANCHEIRO__RANCHEIRO BOX,0.8027745246887207,0.67,-0.04999999999999993,,,,[],,,,,,,,,,,,,,,,0
IMG_7289.HEIC,10,0.9276465773582458,1589,3064,2078,3369,product_crops\product_0010_conf_0.93.jpg,RANCHEIRO__RANCHEIRO BOX,False,RANCHEIRO__RANCHEIRO BOX,0.8156365156173706,0.67,-0.04999999999999993,,,,[],,,,,,,,,,,,,,,,0
IMG_7289.HEIC,11,0.9246543049812317,1560,3367,2020,3652,product_crops\product_0011_conf_0.92.jpg,RANCHEIRO__RANCHEIRO BOX,False,RANCHEIRO__RANCHEIRO BOX,0.8154549121856689,0.67,-0.04999999999999993,,,,[],,,,,,,,,,,,,,,,0
IMG_7289.HEIC,12,0.8864609003067017,0,2060,294,2552,product_crops\product_0012_conf_0.89.jpg,__Unknown__,True,RANCHEIRO__RANCHEIRO WAFER RANCHEIRO MORANGO,0.6273128628730774,0.72,0.0,,,,['low_score'],,,,,,,,,,,,,,,,0
IMG_7289.HEIC,13,0.8799061179161072,757,1530,1072,1927,product_crops\product_0013_conf_0.88.jpg,RANCHEIRO__RANCHEIRO WAFER RANCHEIRO BAUNILHA,False,RANCHEIRO__RANCHEIRO WAFER RANCHEIRO BAUNILHA,0.7302741527557373,0.7,-0.020000000000000018,,,,[],5,"1,89",1.89,"1,89",1.89,"1,99",1.99,"1,89 / 1,89 / 1,99",1.89 / 1.89 / 1.99,regular,False,image_single_palette,white,292.3683464398976,5,1
IMG_7289.HEIC,14,0.8749020099639893,1893,745,2268,876,product_crops\product_0014_conf_0.87.jpg,__Unknown__,True,RANCHEIRO__RANCHEIRO ROSQUINHA RECHEADA DE CHOCOLATE RANCHEIRO,0.43286290764808655,0.64,-0.07999999999999996,RANCHEIRO__RANCHEIRO BISCOITO MARIA RANCHEIRO,0.4224751442670822,0.010387763381004333,['low_score'],,,,,,,,,,,,,,,,0
IMG_7289.HEIC,15,0.8536315560340881,10,700,372,825,product_crops\product_0015_conf_0.85.jpg,__Unknown__,True,RANCHEIRO__RANCHEIRO ROSQUINHA RECHEADA DE CHOCOLATE RANCHEIRO,0.4438621401786804,0.64,-0.07999999999999996,RANCHEIRO__RANCHEIRO BISCOITO QUEBRADOR RANC LIMAO,0.41823530942201614,0.025626830756664276,['low_score'],,,,,,,,,,,,,,,,0
IMG_7289.HEIC,16,0.8494508266448975,1059,1556,1371,1924,product_crops\product_0016_conf_0.85.jpg,RANCHEIRO__RANCHEIRO WAFER RANCHEIRO CHOCOLATE,False,RANCHEIRO__RANCHEIRO WAFER RANCHEIRO CHOCOLATE,0.7153799533843994,0.71,-0.010000000000000009,,,,[],,,,,,,,,,,,,,,,0
IMG_7289.HEIC,17,0.8288770318031311,0,1575,285,1987,product_crops\product_0017_conf_0.83.jpg,__Unknown__,True,RANCHEIRO__RANCHEIRO WAFER RANCHEIRO MORANGO,0.5986806273460388,0.72,0.0,,,,['low_score'],,,,,,,,,,,,,,,,0
IMG_7289.HEIC,18,0.8256001472473145,1878,657,2266,741,product_crops\product_0018_conf_0.83.jpg,__Unknown__,True,RANCHEIRO__RANCHEIRO WAFER RANCHEIRO LIMAO,0.4881394743919373,0.72,0.0,,,,['low_score'],,,,,,,,,,,,,,,,0
IMG_7289.HEIC,19,0.8254938125610352,3,609,345,692,product_crops\product_0019_conf_0.83.jpg,__Unknown__,True,RANCHEIRO__RANCHEIRO WAFER RANCHEIRO LIMAO,0.5128452181816101,0.72,0.0,,,,['low_score'],,,,,,,,,,,,,,,,0
IMG_7289.HEIC,20,0.8157010078430176,1375,1310,1768,1468,product_crops\product_0020_conf_0.82.jpg,__Unknown__,True,RANCHEIRO__RANCHEIRO BISCOITO MAIZENA RANCHEIRO,0.5870661735534668,0.76,0.040000000000000036,RANCHEIRO__RANCHEIRO ROSQUINHA RECHEADA DE MORANGO-CARAMELO RANCHEIRO,0.5848731398582458,0.0021930336952209473,['low_score'],,,,,,,,,,,,,,,,0
IMG_7289.HEIC,21,0.8017079830169678,1717,2301,2129,2624,product_crops\product_0021_conf_0.80.jpg,__Unknown__,True,RANCHEIRO__RANCHEIRO WAFER RANCHEIRO BAUNILHA,0.4665261059999466,0.7,-0.020000000000000018,RANCHEIRO__RANCHEIRO ROSQUINHA RECHEADA DE MORANGO RANCHEIRO,0.45411327481269836,0.01241283118724823,['low_score'],,,,,,,,,,,,,,,,0
IMG_7289.HEIC,22,0.7775907516479492,200,2351,614,2536,product_crops\product_0022_conf_0.78.jpg,RANCHEIRO__RANCHEIRO WAFER RANCHEIRO MORANGO,False,RANCHEIRO__RANCHEIRO WAFER RANCHEIRO MORANGO,0.7270811915397644,0.72,0.0,,,,[],,,,,,,,,,,,,,,,0
IMG_7289.HEIC,23,0.7743520140647888,328,2065,701,2357,product_crops\product_0023_conf_0.77.jpg,RANCHEIRO__RANCHEIRO WAFER RANCHEIRO MORANGO,False,RANCHEIRO__RANCHEIRO WAFER RANCHEIRO MORANGO,0.7232051372528077,0.72,0.0,,,,[],,,,,,,,,,,,,,,,0
IMG_7289.HEIC,24,0.6534102559089661,1678,1595,2012,1973,product_crops\product_0024_conf_0.65.jpg,__Unknown__,True,RANCHEIRO__RANCHEIRO WAFER RANCHEIRO LIMAO,0.5141334384679794,0.72,0.0,RANCHEIRO__RANCHEIRO WAFER RANCHEIRO CHOCOLATE,0.48003852367401123,0.0340949147939682,['low_score'],6,"1,89",1.89,"1,89",1.89,"1,99",1.99,"1,89 / 1,89 / 1,99",1.89 / 1.89 / 1.99,regular,False,image_single_palette,white,303.15425116597,6,1
IMG_7289.HEIC,25,0.5818725824356079,1352,2308,1736,2616,product_crops\product_0025_conf_0.58.jpg,__Unknown__,True,RANCHEIRO__RANCHEIRO WAFER RANCHEIRO CHOCOLATE,0.4835783541202545,0.71,-0.010000000000000009,RANCHEIRO__RANCHEIRO WAFER RANCHEIRO MORANGO,0.47375184297561646,0.009826511144638062,['low_score'],,,,,,,,,,,,,,,,0
IMG_7289.HEIC,26,0.5611401200294495,946,1309,1378,1449,product_crops\product_0026_conf_0.56.jpg,__Unknown__,True,RANCHEIRO__RANCHEIRO BISCOITO MAIZENA RANCHEIRO,0.45201563835144043,0.76,0.040000000000000036,RANCHEIRO__RANCHEIRO WAFER RANCHEIRO MORANGO,0.4447243809700012,0.007291257381439209,['low_score'],1,"1,95",1.95,"1,95",1.95,"1,99",1.99,"1,95 / 1,95 / 1,99",1.95 / 1.95 / 1.99,regular,False,image_single_palette,white,104.00120191613172,1,1
IMG_7289.HEIC,27,0.5443779826164246,490,1218,960,1448,product_crops\product_0027_conf_0.54.jpg,__Unknown__,True,RANCHEIRO__RANCHEIRO WAFER RANCHEIRO CHOCOLATE,0.6854555308818817,0.71,-0.010000000000000009,RANCHEIRO__RANCHEIRO COOKIES CHOCOLATE RANCHEIRO,0.6206405758857727,0.06481495499610901,['low_score'],,,,,,,,,,,,,,,,0
IMG_7289.HEIC,28,0.5429546236991882,299,1746,716,1964,product_crops\product_0028_conf_0.54.jpg,__Unknown__,True,RANCHEIRO__RANCHEIRO WAFER RANCHEIRO CHOCOLATE,0.677194333076477,0.71,-0.010000000000000009,,,,['low_score'],2,"1,89",1.89,"1,89",1.89,"1,99",1.99,"1,89 / 1,89 / 1,99",1.89 / 1.89 / 1.99,regular,False,image_single_palette,white,152.80052355931247,2,1
IMG_7289.HEIC,29,0.5323930978775024,2088,2217,2266,2619,product_crops\product_0029_conf_0.53.jpg,__Unknown__,True,RANCHEIRO__RANCHEIRO WAFER RANCHEIRO CHOCOLATE,0.416079081594944,0.71,-0.010000000000000009,Mabel__Mabel Recheado Mabel Sabor Chocolate,0.40907174348831177,0.007007338106632233,['low_score'],,,,,,,,,,,,,,,,0
IMG_7289.HEIC,30,0.5154741406440735,1666,1171,2192,1317,product_crops\product_0030_conf_0.52.jpg,__Unknown__,True,RANCHEIRO__RANCHEIRO ROSQUINHA DE CHOCOLATE RANCHEIRO,0.5652071237564087,0.62,-0.09999999999999998,Mabel__Mabel Rosquinha Mabel Sabor Chocolate,0.5158346891403198,0.04937243461608887,['low_score'],0,"1,95",1.95,"1,95",1.95,"1,99",1.99,"1,95 / 1,95 / 1,99",1.95 / 1.95 / 1.99,regular,False,image_single_palette,white,270.135151359463,0,1
IMG_7289.HEIC,31,0.5127344131469727,1351,1590,1734,1972,product_crops\product_0031_conf_0.51.jpg,RANCHEIRO__RANCHEIRO WAFER RANCHEIRO CHOCOLATE,False,RANCHEIRO__RANCHEIRO WAFER RANCHEIRO CHOCOLATE,0.8973569393157959,0.71,-0.010000000000000009,,,,[],3,"1,89",1.89,"1,89",1.89,"1,99",1.99,"1,89 / 1,89 / 1,99",1.89 / 1.89 / 1.99,regular,False,image_single_palette,white,273.99361306424646,3,1
IMG_7289.HEIC,32,0.5040255784988403,485,751,816,842,product_crops\product_0032_conf_0.50.jpg,__Unknown__,True,RANCHEIRO__RANCHEIRO WAFER RANCHEIRO MORANGO,0.4329575300216675,0.72,0.0,RANCHEIRO__RANCHEIRO WAFER RANCHEIRO LIMAO,0.42262640595436096,0.010331124067306519,['low_score'],,,,,,,,,,,,,,,,0
IMG_7289.HEIC,33,0.49101120233535767,1270,730,1852,860,product_crops\product_0033_conf_0.49.jpg,__Unknown__,True,RANCHEIRO__RANCHEIRO WAFER RANCHEIRO LIMAO,0.4814794659614563,0.72,0.0,Mabel__Mabel Rosquinha Mabel Sabor Coco,0.4616876244544983,0.019791841506958008,['low_score'],,,,,,,,,,,,,,,,0
IMG_7289.HEIC,34,0.43388447165489197,1001,2297,1367,2600,product_crops\product_0034_conf_0.43.jpg,RANCHEIRO__RANCHEIRO WAFER RANCHEIRO CHOCOLATE,False,RANCHEIRO__RANCHEIRO WAFER RANCHEIRO CHOCOLATE,0.8578871726989746,0.71,-0.010000000000000009,,,,[],,,,,,,,,,,,,,,,0
IMG_7289.HEIC,35,0.34102723002433777,6,1243,418,1362,product_crops\product_0035_conf_0.34.jpg,__Unknown__,True,Adoralle__Adoralle Alimentos Laminados Doces Maizena,0.5662311315536499,0.73,0.010000000000000009,Adoralle__Adoralle Alimentos Laminados Doces Leite,0.559593141078949,0.006637990474700928,['low_score'],4,"1,95",1.95,"1,95",1.95,"1,99",1.99,"1,95 / 1,95 / 1,99",1.95 / 1.95 / 1.99,regular,False,image_single_palette,white,135.42617915307218,4,1
IMG_7289.HEIC,36,0.2548576295375824,693,2388,1014,2585,product_crops\product_0036_conf_0.25.jpg,__Unknown__,True,RANCHEIRO__RANCHEIRO WAFER RANCHEIRO BAUNILHA,0.6144134640693665,0.7,-0.020000000000000018,,,,['low_score'],,,,,,,,,,,,,,,,0
IMG_7290.HEIC,0,0.910807192325592,1111,2367,1605,2579,product_crops\product_0000_conf_0.91.jpg,__Unknown__,True,RANCHEIRO__RANCHEIRO ROSQUINHA RECHEADA DE MORANGO RANCHEIRO,0.6333378851413727,0.72,0.0,RANCHEIRO__RANCHEIRO ROSQUINHA RECHEADA DE BAUNILHA RANCHEIRO,0.6279614567756653,0.0053764283657073975,['low_score'],,,,,,,,,,,,,,,,0
IMG_7290.HEIC,1,0.8885201215744019,1815,975,2205,1089,product_crops\product_0001_conf_0.89.jpg,RANCHEIRO__RANCHEIRO COOKIES RANCHEIRO,False,RANCHEIRO__RANCHEIRO COOKIES RANCHEIRO,0.8723178803920746,0.68,-0.039999999999999925,RANCHEIRO__RANCHEIRO COOKIES CHOCOLATE RANCHEIRO,0.8714946508407593,0.0008232295513153076,[],,,,,,,,,,,,,,,,0
IMG_7290.HEIC,2,0.8832573890686035,1437,961,1807,1075,product_crops\product_0002_conf_0.88.jpg,RANCHEIRO__RANCHEIRO COOKIES RANCHEIRO,False,RANCHEIRO__RANCHEIRO COOKIES RANCHEIRO,0.7885494589805603,0.68,-0.039999999999999925,,,,[],,,,,,,,,,,,,,,,0
IMG_7290.HEIC,3,0.8715306520462036,1061,949,1430,1063,product_crops\product_0003_conf_0.87.jpg,RANCHEIRO__RANCHEIRO COOKIES RANCHEIRO,False,RANCHEIRO__RANCHEIRO COOKIES RANCHEIRO,0.8944913625717164,0.68,-0.039999999999999925,,,,[],,,,,,,,,,,,,,,,0
IMG_7290.HEIC,4,0.8591960668563843,1866,1532,2244,1673,product_crops\product_0004_conf_0.86.jpg,RANCHEIRO__RANCHEIRO COOKIES CHOCOLATE RANCHEIRO,False,RANCHEIRO__RANCHEIRO COOKIES CHOCOLATE RANCHEIRO,0.8203075726826986,0.72,0.0,RANCHEIRO__RANCHEIRO COOKIES RANCHEIRO,0.8091384172439575,0.011169155438741085,[],,,,,,,,,,,,,,,,0
IMG_7290.HEIC,5,0.8574990630149841,1110,2814,1359,3293,product_crops\product_0005_conf_0.86.jpg,__Unknown__,True,RANCHEIRO__RANCHEIRO WAFER RANCHEIRO CHOCOLATE,0.5388031005859375,0.71,-0.010000000000000009,RANCHEIRO__RANCHEIRO WAFER RANCHEIRO BAUNILHA,0.535668283700943,0.003134816884994507,['low_score'],,,,,,,,,,,,,,,,0
IMG_7290.HEIC,6,0.8533338308334351,1083,771,1462,935,product_crops\product_0006_conf_0.85.jpg,RANCHEIRO__RANCHEIRO COOKIES CHOCOLATE RANCHEIRO,False,RANCHEIRO__RANCHEIRO COOKIES CHOCOLATE RANCHEIRO,0.8672407865524292,0.72,0.0,RANCHEIRO__RANCHEIRO COOKIES RANCHEIRO,0.8573515713214874,0.009889215230941772,[],,,,,,,,,,,,,,,,0
IMG_7290.HEIC,7,0.8474575877189636,157,1795,486,1906,product_crops\product_0007_conf_0.85.jpg,__Unknown__,True,RANCHEIRO__RANCHEIRO ROSQUINHA DE CHOCOLATE RANCHEIRO,0.5462960481643677,0.62,-0.09999999999999998,,,,['low_score'],,,,,,,,,,,,,,,,0
IMG_7290.HEIC,8,0.8395673036575317,1100,2575,1603,2733,product_crops\product_0008_conf_0.84.jpg,__Unknown__,True,RANCHEIRO__RANCHEIRO WAFER RANCHEIRO BAUNILHA,0.5296929478645325,0.7,-0.020000000000000018,RANCHEIRO__RANCHEIRO ROSQUINHA RECHEADA DE MORANGO RANCHEIRO,0.5208984464406967,0.008794501423835754,['low_score'],,,,,,,,,,,,,,,,0
IMG_7290.HEIC,9,0.8280853629112244,1469,795,1827,947,product_crops\product_0009_conf_0.83.jpg,RANCHEIRO__RANCHEIRO COOKIES RANCHEIRO,False,RANCHEIRO__RANCHEIRO COOKIES RANCHEIRO,0.830081969499588,0.68,-0.039999999999999925,RANCHEIRO__RANCHEIRO COOKIES CHOCOLATE RANCHEIRO,0.8223968744277954,0.0076850950717926025,[],,,,,,,,,,,,,,,,0
IMG_7290.HEIC,10,0.8203194737434387,742,777,1070,925,product_crops\product_0010_conf_0.82.jpg,RANCHEIRO__RANCHEIRO COOKIES RANCHEIRO,False,RANCHEIRO__RANCHEIRO COOKIES RANCHEIRO,0.8266623854637146,0.68,-0.039999999999999925,,,,[],,,,,,,,,,,,,,,,0
IMG_7290.HEIC,11,0.7807033658027649,463,1260,790,1347,product_crops\product_0011_conf_0.78.jpg,RANCHEIRO__RANCHEIRO COOKIES RANCHEIRO,False,RANCHEIRO__RANCHEIRO COOKIES RANCHEIRO,0.813235322634379,0.68,-0.039999999999999925,RANCHEIRO__RANCHEIRO COOKIES CHOCOLATE RANCHEIRO,0.8064758777618408,0.006759444872538212,[],,,,,,,,,,,,,,,,0
IMG_7290.HEIC,12,0.7782986760139465,380,1471,737,1625,product_crops\product_0012_conf_0.78.jpg,RANCHEIRO__RANCHEIRO COOKIES CHOCOLATE RANCHEIRO,False,RANCHEIRO__RANCHEIRO COOKIES CHOCOLATE RANCHEIRO,0.8752730488777161,0.72,0.0,RANCHEIRO__RANCHEIRO COOKIES RANCHEIRO,0.8667494058609009,0.008523643016815186,[],,,,,,,,,,,,,,,,0
IMG_7290.HEIC,13,0.7715865969657898,1482,1528,1860,1660,product_crops\product_0013_conf_0.77.jpg,RANCHEIRO__RANCHEIRO COOKIES RANCHEIRO,False,RANCHEIRO__RANCHEIRO COOKIES RANCHEIRO,0.8777810037136078,0.68,-0.039999999999999925,RANCHEIRO__RANCHEIRO COOKIES CHOCOLATE RANCHEIRO,0.8508457144101461,0.026935289303461674,[],,,,,,,,,,,,,,,,0
IMG_7290.HEIC,14,0.7543030977249146,606,2374,1106,2559,product_crops\product_0014_conf_0.75.jpg,__Unknown__,True,RANCHEIRO__RANCHEIRO WAFER RANCHEIRO CHOCOLATE,0.5422559976577759,0.71,-0.010000000000000009,RANCHEIRO__RANCHEIRO ROSQUINHA RECHEADA DE BAUNILHA RANCHEIRO,0.5347303152084351,0.00752568244934082,['low_score'],,,,,,,,,,,,,,,,0
IMG_7290.HEIC,15,0.7386956214904785,1614,2268,1845,2604,product_crops\product_0015_conf_0.74.jpg,__Unknown__,True,RANCHEIRO__RANCHEIRO WAFER RANCHEIRO CHOCOLATE,0.5494750738143921,0.71,-0.010000000000000009,RANCHEIRO__RANCHEIRO ROSQUINHA RECHEADA DE BAUNILHA RANCHEIRO,0.5435497164726257,0.005925357341766357,['low_score'],,,,,,,,,,,,,,,,0
IMG_7290.HEIC,16,0.7219107151031494,700,934,1059,1052,product_crops\product_0016_conf_0.72.jpg,RANCHEIRO__RANCHEIRO COOKIES RANCHEIRO,False,RANCHEIRO__RANCHEIRO COOKIES RANCHEIRO,0.8851681798696518,0.68,-0.039999999999999925,RANCHEIRO__RANCHEIRO COOKIES CHOCOLATE RANCHEIRO,0.8746095895767212,0.010558590292930603,[],,,,,,,,,,,,,,,,0
IMG_7290.HEIC,17,0.7204697132110596,598,1932,931,2039,product_crops\product_0017_conf_0.72.jpg,__Unknown__,True,RANCHEIRO__RANCHEIRO COOKIES RANCHEIRO,0.6511841654777527,0.68,-0.039999999999999925,,,,['low_score'],,,,,,,,,,,,,,,,0
IMG_7290.HEIC,18,0.7199705839157104,163,1695,526,1792,product_crops\product_0018_conf_0.72.jpg,__Unknown__,True,Mabel__Mabel Cookie Mabel Chocolate com gotas de chocolate,0.5314276417096456,0.72,0.0,Mabel__Mabel Laminado Doce Mabel Sabor Chocolate,0.5269142985343933,0.004513343175252316,['low_score'],,,,,,,,,,,,,,,,0
IMG_7290.HEIC,19,0.714147686958313,1114,1389,1395,1504,product_crops\product_0019_conf_0.71.jpg,RANCHEIRO__RANCHEIRO COOKIES RANCHEIRO,False,RANCHEIRO__RANCHEIRO COOKIES RANCHEIRO,0.8926090449094772,0.68,-0.039999999999999925,RANCHEIRO__RANCHEIRO COOKIES CHOCOLATE RANCHEIRO,0.8793780207633972,0.013231024146080017,[],4,"1,89",1.89,,,,,"1,89",1.89,regular,False,image_single_palette,white,212.98943635776868,4,1
IMG_7290.HEIC,20,0.7097851037979126,744,1513,1097,1637,product_crops\product_0020_conf_0.71.jpg,RANCHEIRO__RANCHEIRO COOKIES CHOCOLATE RANCHEIRO,False,RANCHEIRO__RANCHEIRO COOKIES CHOCOLATE RANCHEIRO,0.8572297692298889,0.72,0.0,RANCHEIRO__RANCHEIRO COOKIES RANCHEIRO,0.8353322545687357,0.021897514661153195,[],,,,,,,,,,,,,,,,0
IMG_7290.HEIC,21,0.6876757740974426,426,1352,791,1426,product_crops\product_0021_conf_0.69.jpg,__Unknown__,True,Adoralle__Adoralle Alimentos Laminados Doces Leite,0.6440417766571045,0.72,0.0,Adoralle__Adoralle Alimentos Laminados Doces Coco,0.6370195150375366,0.007022261619567871,['low_score'],,,,,,,,,,,,,,,,0
IMG_7290.HEIC,22,0.6858608722686768,1831,838,2196,971,product_crops\product_0022_conf_0.69.jpg,RANCHEIRO__RANCHEIRO COOKIES RANCHEIRO,False,RANCHEIRO__RANCHEIRO COOKIES RANCHEIRO,0.8935989439487457,0.68,-0.039999999999999925,RANCHEIRO__RANCHEIRO COOKIES CHOCOLATE RANCHEIRO,0.8751549124717712,0.018444031476974487,[],,,,,,,,,,,,,,,,0
IMG_7290.HEIC,23,0.6675001382827759,1802,1293,2158,1386,product_crops\product_0023_conf_0.67.jpg,RANCHEIRO__RANCHEIRO COOKIES CHOCOLATE RANCHEIRO,False,RANCHEIRO__RANCHEIRO COOKIES CHOCOLATE RANCHEIRO,0.8926771879196167,0.72,0.0,RANCHEIRO__RANCHEIRO COOKIES RANCHEIRO,0.8791408389806747,0.013536348938941956,[],,,,,,,,,,,,,,,,0
IMG_7290.HEIC,24,0.6576667428016663,96,2551,602,2700,product_crops\product_0024_conf_0.66.jpg,__Unknown__,True,RANCHEIRO__RANCHEIRO ROSQUINHA RECHEADA DE BAUNILHA RANCHEIRO,0.5212106704711914,0.69,-0.030000000000000027,RANCHEIRO__RANCHEIRO ROSQUINHA RECHEADA DE MORANGO RANCHEIRO,0.504756361246109,0.016454309225082397,['low_score'],,,,,,,,,,,,,,,,0
IMG_7290.HEIC,25,0.6573442816734314,1792,1400,2224,1525,product_crops\product_0025_conf_0.66.jpg,RANCHEIRO__RANCHEIRO COOKIES CHOCOLATE RANCHEIRO,False,RANCHEIRO__RANCHEIRO COOKIES CHOCOLATE RANCHEIRO,0.8244488835334778,0.72,0.0,RANCHEIRO__RANCHEIRO COOKIES RANCHEIRO,0.8235546797513962,0.000894203782081604,[],,,,,,,,,,,,,,,,0
IMG_7290.HEIC,26,0.6449151039123535,992,1776,1339,1884,product_crops\product_0026_conf_0.64.jpg,__Unknown__,True,RANCHEIRO__RANCHEIRO CREAM CRACKER RANCHEIRO,0.5529893835385641,0.81,0.09000000000000008,RANCHEIRO__RANCHEIRO COOKIES CHOCOLATE RANCHEIRO,0.547659158706665,0.005330224831899044,['low_score'],,,,,,,,,,,,,,,,0
IMG_7290.HEIC,27,0.6354095935821533,1000,1719,1337,1778,product_crops\product_0027_conf_0.64.jpg,__Unknown__,True,Mabel__Mabel Laminado Doce Mabel Sabor Chocolate,0.4793369174003601,0.72,0.0,Mabel__Mabel Rosquinha Mabel Sabor Chocolate,0.4503133296966553,0.029023587703704834,['low_score'],,,,,,,,,,,,,,,,0
IMG_7290.HEIC,28,0.6217219233512878,1742,1811,1865,2153,product_crops\product_0028_conf_0.62.jpg,__Unknown__,True,RANCHEIRO__RANCHEIRO WAFER RANCHEIRO LIMAO,0.3376496732234955,0.72,0.0,RANCHEIRO__RANCHEIRO WAFER RANCHEIRO BAUNILHA,0.33540982007980347,0.0022398531436920166,['low_score'],6,"6,59",6.59,,,,,"6,59",6.59,regular,False,image_single_palette,white,265.82419002039677,6,1
IMG_7290.HEIC,29,0.607164204120636,1287,1509,1481,1643,product_crops\product_0029_conf_0.61.jpg,__Unknown__,True,RANCHEIRO__RANCHEIRO WAFER RANCHEIRO LIMAO,0.5959605574607849,0.72,0.0,RANCHEIRO__RANCHEIRO WAFER RANCHEIRO MORANGO,0.5746474266052246,0.021313130855560303,['low_score'],,,,,,,,,,,,,,,,0
IMG_7290.HEIC,30,0.5979759097099304,1402,1413,1706,1510,product_crops\product_0030_conf_0.60.jpg,RANCHEIRO__RANCHEIRO COOKIES RANCHEIRO,False,RANCHEIRO__RANCHEIRO COOKIES RANCHEIRO,0.9070757627487183,0.68,-0.039999999999999925,RANCHEIRO__RANCHEIRO COOKIES CHOCOLATE RANCHEIRO,0.8891243934631348,0.017951369285583496,[],,,,,,,,,,,,,,,,0
IMG_7290.HEIC,31,0.593387246131897,1101,1505,1283,1635,product_crops\product_0031_conf_0.59.jpg,__Unknown__,True,RANCHEIRO__RANCHEIRO COOKIES CHOCOLATE RANCHEIRO,0.6946061054865519,0.72,0.0,RANCHEIRO__RANCHEIRO COOKIES RANCHEIRO,0.6942291855812073,0.0003769199053446082,['low_score'],,,,,,,,,,,,,,,,0
IMG_7290.HEIC,32,0.5848631262779236,1832,2304,2097,2593,product_crops\product_0032_conf_0.58.jpg,__Unknown__,True,Emege__Emege Rosquinha Sabor Coco,0.47612082958221436,0.72,0.0,RANCHEIRO__RANCHEIRO COOKIES CHOCOLATE RANCHEIRO,0.4299705922603607,0.04615023732185364,['low_score'],,,,,,,,,,,,,,,,0
IMG_7290.HEIC,33,0.5798711180686951,929,2905,1084,3275,product_crops\product_0033_conf_0.58.jpg,__Unknown__,True,RANCHEIRO__RANCHEIRO ROSQUINHA RECHEADA DE MORANGO-CARAMELO RANCHEIRO,0.5171565413475037,0.68,-0.039999999999999925,,,,['low_score'],,,,,,,,,,,,,,,,0
IMG_7290.HEIC,34,0.5613061189651489,599,2560,1097,2723,product_crops\product_0034_conf_0.56.jpg,__Unknown__,True,RANCHEIRO__RANCHEIRO ROSQUINHA RECHEADA DE BAUNILHA RANCHEIRO,0.5706737041473389,0.69,-0.030000000000000027,RANCHEIRO__RANCHEIRO ROSQUINHA RECHEADA DE MORANGO RANCHEIRO,0.5185575783252716,0.05211612582206726,['low_score'],5,"0,99",0.99,"0,99",0.99,"1,09",1.09,"0,99 / 0,99 / 1,09",0.99 / 0.99 / 1.09,regular,False,image_single_palette,white,248.08919766890295,5,1
IMG_7290.HEIC,35,0.5588787794113159,2040,1773,2199,2170,product_crops\product_0035_conf_0.56.jpg,__Unknown__,True,Mabel__Mabel Laminado Doce Mabel Sabor Chocolate,0.5258534848690033,0.72,0.0,Mabel__Mabel Cookie Mabel Chocolate com gotas de chocolate,0.5174767971038818,0.00837668776512146,['low_score'],8,,,,,,,,,regular,False,image_single_palette,white,278.2103520719529,8,1
IMG_7290.HEIC,36,0.5586022138595581,153,1909,481,2010,product_crops\product_0036_conf_0.56.jpg,__Unknown__,True,RANCHEIRO__RANCHEIRO COOKIES CHOCOLATE RANCHEIRO,0.5084870606660843,0.72,0.0,RANCHEIRO__RANCHEIRO COOKIES RANCHEIRO,0.5040626525878906,0.0044244080781936646,['low_score'],,,,,,,,,,,,,,,,0
IMG_7290.HEIC,37,0.5068948268890381,1002,1948,1362,2051,product_crops\product_0037_conf_0.51.jpg,__Unknown__,True,Mabel__Mabel Cookie Mabel Chocolate com gotas de chocolate,0.5409854650497437,0.72,0.0,RANCHEIRO__RANCHEIRO COOKIES CHOCOLATE RANCHEIRO,0.5388034582138062,0.0021820068359375,['low_score'],,,,,,,,,,,,,,,,0
IMG_7290.HEIC,38,0.5059491991996765,102,1264,453,1332,product_crops\product_0038_conf_0.51.jpg,RANCHEIRO__RANCHEIRO COOKIES RANCHEIRO,False,RANCHEIRO__RANCHEIRO COOKIES RANCHEIRO,0.8191470503807068,0.68,-0.039999999999999925,RANCHEIRO__RANCHEIRO COOKIES CHOCOLATE RANCHEIRO,0.8136836290359497,0.00546342134475708,[],,,,,,,,,,,,,,,,0
IMG_7290.HEIC,39,0.49765855073928833,1673,2911,1979,3769,product_crops\product_0039_conf_0.50.jpg,__Unknown__,True,Mabel__Mabel BOX,0.4184745609760284,0.72,0.0,,,,['low_score'],,,,,,,,,,,,,,,,0
IMG_7290.HEIC,40,0.4651782214641571,529,2867,938,3703,product_crops\product_0040_conf_0.47.jpg,__Unknown__,True,RANCHEIRO__RANCHEIRO ROSQUINHA RECHEADA DE MORANGO-CARAMELO RANCHEIRO,0.535234808921814,0.68,-0.039999999999999925,RANCHEIRO__RANCHEIRO ROSQUINHA DE CHOCOLATE RANCHEIRO,0.5242012143135071,0.011033594608306885,['low_score'],,,,,,,,,,,,,,,,0
IMG_7290.HEIC,41,0.44775766134262085,782,1417,1107,1514,product_crops\product_0041_conf_0.45.jpg,RANCHEIRO__RANCHEIRO COOKIES RANCHEIRO,False,RANCHEIRO__RANCHEIRO COOKIES RANCHEIRO,0.9107109904289246,0.68,-0.039999999999999925,,,,[],,,,,,,,,,,,,,,,0
IMG_7290.HEIC,42,0.4431191086769104,604,2041,934,2115,product_crops\product_0042_conf_0.44.jpg,__Unknown__,True,RANCHEIRO__RANCHEIRO COOKIES RANCHEIRO,0.5959609746932983,0.68,-0.039999999999999925,RANCHEIRO__RANCHEIRO ROSQUINHA RECHEADA DE CHOCOLATE RANCHEIRO,0.5907381176948547,0.0052228569984436035,['low_score'],0,"6,09",6.09,"6,09",6.09,"6,50",6.5,"6,09 / 6,09 / 6,50",6.09 / 6.09 / 6.50,regular,False,image_single_palette,white,76.76262111210117,0,1
IMG_7290.HEIC,43,0.3932962715625763,637,2217,1112,2362,product_crops\product_0043_conf_0.39.jpg,__Unknown__,True,RANCHEIRO__RANCHEIRO CREAM CRACKER 65 RANCHEIRO,0.5115389823913574,0.75,0.030000000000000027,RANCHEIRO__RANCHEIRO WAFER RANCHEIRO BAUNILHA,0.5022629499435425,0.009276032447814941,['low_score'],,,,,,,,,,,,,,,,0
IMG_7290.HEIC,44,0.3882391154766083,153,2009,480,2101,product_crops\product_0044_conf_0.39.jpg,__Unknown__,True,Mabel__Mabel Cookie Mabel Chocolate com gotas de chocolate,0.527375320593516,0.72,0.0,RANCHEIRO__RANCHEIRO COOKIES CHOCOLATE RANCHEIRO,0.5184637308120728,0.008911589781443241,['low_score'],7,"6,45",6.45,"6,45",6.45,"6,89",6.89,"6,45 / 6,45 / 6,89",6.45 / 6.45 / 6.89,regular,False,image_single_palette,white,82.58480489775344,7,1
IMG_7290.HEIC,45,0.3783967196941376,1001,2046,1360,2126,product_crops\product_0045_conf_0.38.jpg,__Unknown__,True,Mabel__Mabel Cookie Mabel Chocolate com gotas de chocolate,0.5428305715322495,0.72,0.0,Mabel__Mabel Cookie Mabel Original com gotas de chocolate,0.5242549180984497,0.018575653433799744,['low_score'],3,"6,45",6.45,"6,45",6.45,"6,69",6.69,"6,45 / 6,45 / 6,69",6.45 / 6.45 / 6.69,regular,False,image_single_palette,white,83.21658488546619,3,1
IMG_7290.HEIC,46,0.3629988431930542,78,2426,599,2556,product_crops\product_0046_conf_0.36.jpg,__Unknown__,True,RANCHEIRO__RANCHEIRO WAFER RANCHEIRO CHOCOLATE,0.5847744941711426,0.71,-0.010000000000000009,RANCHEIRO__RANCHEIRO CREAM CRACKER 65 RANCHEIRO,0.5465604066848755,0.03821408748626709,['low_score'],,,,,,,,,,,,,,,,0
IMG_7290.HEIC,47,0.33662208914756775,1603,2588,2120,2755,product_crops\product_0047_conf_0.34.jpg,__Unknown__,True,RANCHEIRO__RANCHEIRO ROSQUINHA RECHEADA DE BAUNILHA RANCHEIRO,0.49235662817955017,0.69,-0.030000000000000027,RANCHEIRO__RANCHEIRO ROSQUINHA RECHEADA DE MORANGO RANCHEIRO,0.47473713755607605,0.01761949062347412,['low_score'],2,"0,99",0.99,"0,90",0.9,"1,09",1.09,"0,99 / 0,90 / 1,09",0.99 / 0.90 / 1.09,regular,False,image_single_palette,white,246.8425611599426,2,1
IMG_7290.HEIC,48,0.3186122477054596,1325,2822,1722,3747,product_crops\product_0048_conf_0.32.jpg,__Unknown__,True,RANCHEIRO__RANCHEIRO ROSQ RECHEADA RANCHEIRO CHOC-COCO,0.44197866320610046,0.71,-0.010000000000000009,RANCHEIRO__RANCHEIRO BOX,0.43172233551740646,0.010256327688694,['low_score'],,,,,,,,,,,,,,,,0
IMG_7290.HEIC,49,0.3067198693752289,123,2879,547,3725,product_crops\product_0049_conf_0.31.jpg,__Unknown__,True,RANCHEIRO__RANCHEIRO COOKIES CHOCOLATE RANCHEIRO,0.6042022903760275,0.72,0.0,Mabel__Mabel Cookie Mabel Chocolate com gotas de chocolate,0.5930572748184204,0.011145015557607052,['low_score'],,,,,,,,,,,,,,,,0
IMG_7290.HEIC,50,0.30118608474731445,7,1431,376,1616,product_crops\product_0050_conf_0.30.jpg,RANCHEIRO__RANCHEIRO COOKIES CHOCOLATE RANCHEIRO,False,RANCHEIRO__RANCHEIRO COOKIES CHOCOLATE RANCHEIRO,0.8202174504597982,0.72,0.0,RANCHEIRO__RANCHEIRO COOKIES RANCHEIRO,0.8150855302810669,0.0051319201787313196,[],,,,,,,,,,,,,,,,0
IMG_7290.HEIC,51,0.2933192849159241,119,765,709,1029,product_crops\product_0051_conf_0.29.jpg,RANCHEIRO__RANCHEIRO COOKIES RANCHEIRO,False,RANCHEIRO__RANCHEIRO COOKIES RANCHEIRO,0.8117783665657043,0.68,-0.039999999999999925,,,,[],,,,,,,,,,,,,,,,0
IMG_7290.HEIC,52,0.28976327180862427,2106,2454,2249,2753,product_crops\product_0052_conf_0.29.jpg,__Unknown__,True,RANCHEIRO__RANCHEIRO WAFER RANCHEIRO LIMAO,0.5725168228149414,0.72,0.0,,,,['low_score'],,,,,,,,,,,,,,,,0
IMG_7290.HEIC,53,0.28446632623672485,1406,2024,1728,2129,product_crops\product_0053_conf_0.28.jpg,__Unknown__,True,Mabel__Mabel Cookie Mabel Chocolate com gotas de chocolate,0.5120920240879059,0.72,0.0,Mabel__Mabel Laminado Doce Mabel Sabor Chocolate,0.49828994274139404,0.01380208134651184,['low_score'],1,"6,45",6.45,"6,45",6.45,"6,89",6.89,"6,45 / 6,45 / 6,89",6.45 / 6.45 / 6.89,regular,False,image_single_palette,white,113.51761977772438,1,1
IMG_7290.HEIC,54,0.27636370062828064,1396,1306,1774,1408,product_crops\product_0054_conf_0.28.jpg,RANCHEIRO__RANCHEIRO COOKIES RANCHEIRO,False,RANCHEIRO__RANCHEIRO COOKIES RANCHEIRO,0.8572112123171488,0.68,-0.039999999999999925,RANCHEIRO__RANCHEIRO COOKIES CHOCOLATE RANCHEIRO,0.8196324706077576,0.03757874170939124,[],,,,,,,,,,,,,,,,0
IMG_7290.HEIC,55,0.2511661648750305,1118,2221,1593,2374,product_crops\product_0055_conf_0.25.jpg,__Unknown__,True,RANCHEIRO__RANCHEIRO WAFER RANCHEIRO BAUNILHA,0.5471411347389221,0.7,-0.020000000000000018,RANCHEIRO__RANCHEIRO WAFER RANCHEIRO MORANGO,0.5266612768173218,0.020479857921600342,['low_score'],,,,,,,,,,,,,,,,0
IMG_7291.HEIC,0,0.9745206236839294,806,407,1186,867,product_crops\product_0000_conf_0.97.jpg,RANCHEIRO__RANCHEIRO ROSQUINHA DE COCO RANCHEIRO,False,RANCHEIRO__RANCHEIRO ROSQUINHA DE COCO RANCHEIRO,0.8928065896034241,0.72,0.0,,,,[],,,,,,,,,,,,,,,,0
IMG_7291.HEIC,1,0.9718241095542908,1518,415,1898,861,product_crops\product_0001_conf_0.97.jpg,RANCHEIRO__RANCHEIRO ROSQUINHA DE COCO RANCHEIRO,False,RANCHEIRO__RANCHEIRO ROSQUINHA DE COCO RANCHEIRO,0.8800015211105346,0.72,0.0,,,,[],,,,,,,,,,,,,,,,0
IMG_7291.HEIC,2,0.9703970551490784,474,449,818,865,product_crops\product_0002_conf_0.97.jpg,RANCHEIRO__RANCHEIRO ROSQUINHA DE COCO RANCHEIRO,False,RANCHEIRO__RANCHEIRO ROSQUINHA DE COCO RANCHEIRO,0.9072442770004272,0.72,0.0,,,,[],,,,,,,,,,,,,,,,0
IMG_7291.HEIC,3,0.9671372175216675,807,1073,1150,1487,product_crops\product_0003_conf_0.97.jpg,RANCHEIRO__RANCHEIRO ROSQUINHA DE COCO RANCHEIRO,False,RANCHEIRO__RANCHEIRO ROSQUINHA DE COCO RANCHEIRO,0.9089155197143555,0.72,0.0,,,,[],2,"7,49",7.49,"7,99",7.99,,,"7,49 / 7,99",7.49 / 7.99,regular,False,image_single_palette,white,258.73393669945966,2,1
IMG_7291.HEIC,4,0.9667619466781616,93,424,480,867,product_crops\product_0004_conf_0.97.jpg,RANCHEIRO__RANCHEIRO ROSQUINHA BANANA-CANELA RANCHEIRO,False,RANCHEIRO__RANCHEIRO ROSQUINHA BANANA-CANELA RANCHEIRO,0.8572338223457336,0.72,0.0,RANCHEIRO__RANCHEIRO ROSQUINHA DE COCO RANCHEIRO,0.8272107392549515,0.030023083090782166,[],,,,,,,,,,,,,,,,0
IMG_7291.HEIC,5,0.9656602740287781,483,1069,816,1484,product_crops\product_0005_conf_0.97.jpg,RANCHEIRO__RANCHEIRO ROSQUINHA DE COCO RANCHEIRO,False,RANCHEIRO__RANCHEIRO ROSQUINHA DE COCO RANCHEIRO,0.8774141520261765,0.72,0.0,RANCHEIRO__RANCHEIRO ROSQUINHA BANANA-CANELA RANCHEIRO,0.8712554574012756,0.006158694624900818,[],,,,,,,,,,,,,,,,0
IMG_7291.HEIC,6,0.9635674357414246,1178,450,1523,863,product_crops\product_0006_conf_0.96.jpg,RANCHEIRO__RANCHEIRO ROSQUINHA BANANA-CANELA RANCHEIRO,False,RANCHEIRO__RANCHEIRO ROSQUINHA BANANA-CANELA RANCHEIRO,0.7449355721473694,0.72,0.0,RANCHEIRO__RANCHEIRO ROSQUINHA DE COCO RANCHEIRO,0.7395360767841339,0.005399495363235474,[],,,,,,,,,,,,,,,,0
IMG_7291.HEIC,7,0.9619030952453613,149,1059,489,1487,product_crops\product_0007_conf_0.96.jpg,RANCHEIRO__RANCHEIRO ROSQUINHA DE COCO RANCHEIRO,False,RANCHEIRO__RANCHEIRO ROSQUINHA DE COCO RANCHEIRO,0.7378516674041748,0.72,0.0,,,,[],,,,,,,,,,,,,,,,0
IMG_7291.HEIC,8,0.9602503776550293,1141,1060,1512,1507,product_crops\product_0008_conf_0.96.jpg,RANCHEIRO__RANCHEIRO ROSQUINHA DE COCO RANCHEIRO,False,RANCHEIRO__RANCHEIRO ROSQUINHA DE COCO RANCHEIRO,0.8419300198554993,0.72,0.0,,,,[],,,,,,,,,,,,,,,,0
IMG_7291.HEIC,9,0.9535759091377258,1499,1095,1839,1506,product_crops\product_0009_conf_0.95.jpg,RANCHEIRO__RANCHEIRO ROSQUINHA DE COCO RANCHEIRO,False,RANCHEIRO__RANCHEIRO ROSQUINHA DE COCO RANCHEIRO,0.9092546939849854,0.72,0.0,,,,[],,,,,,,,,,,,,,,,0
IMG_7291.HEIC,10,0.9508365392684937,1844,1020,2247,1510,product_crops\product_0010_conf_0.95.jpg,RANCHEIRO__RANCHEIRO ROSQUINHA DE COCO RANCHEIRO,False,RANCHEIRO__RANCHEIRO ROSQUINHA DE COCO RANCHEIRO,0.8431907773017884,0.72,0.0,,,,[],,,,,,,,,,,,,,,,0
IMG_7291.HEIC,11,0.9504533410072327,491,2892,828,3380,product_crops\product_0011_conf_0.95.jpg,RANCHEIRO__RANCHEIRO ROSQUINHA DE COCO RANCHEIRO,False,RANCHEIRO__RANCHEIRO ROSQUINHA DE COCO RANCHEIRO,0.9060950875282288,0.72,0.0,,,,[],,,,,,,,,,,,,,,,0
IMG_7291.HEIC,12,0.9477221369743347,1519,1725,1816,2070,product_crops\product_0012_conf_0.95.jpg,RANCHEIRO__RANCHEIRO ROSQUINHA DE CHOCOLATE RANCHEIRO,False,RANCHEIRO__RANCHEIRO ROSQUINHA DE CHOCOLATE RANCHEIRO,0.8670855522155761,0.62,-0.09999999999999998,,,,[],3,"4,59",4.59,"4,89",4.89,"4,40",4.4,"4,59 / 4,89 / 4,40",4.59 / 4.89 / 4.40,promo,True,offer_keyword,white,253.78386473532947,3,1
IMG_7291.HEIC,13,0.9432266354560852,177,2961,501,3375,product_crops\product_0013_conf_0.94.jpg,RANCHEIRO__RANCHEIRO ROSQUINHA DE COCO RANCHEIRO,False,RANCHEIRO__RANCHEIRO ROSQUINHA DE COCO RANCHEIRO,0.888554859161377,0.72,0.0,,,,[],,,,,,,,,,,,,,,,0
IMG_7291.HEIC,14,0.9428898096084595,1805,2328,2165,2734,product_crops\product_0014_conf_0.94.jpg,RANCHEIRO__RANCHEIRO ROSQUINHA DE COCO RANCHEIRO,False,RANCHEIRO__RANCHEIRO ROSQUINHA DE COCO RANCHEIRO,0.8845743060111999,0.72,0.0,,,,[],,,,,,,,,,,,,,,,0
IMG_7291.HEIC,15,0.9388797283172607,1883,405,2244,880,product_crops\product_0015_conf_0.94.jpg,RANCHEIRO__RANCHEIRO ROSQUINHA DE COCO RANCHEIRO,False,RANCHEIRO__RANCHEIRO ROSQUINHA DE COCO RANCHEIRO,0.859573221206665,0.72,0.0,,,,[],,,,,,,,,,,,,,,,0
IMG_7291.HEIC,16,0.933220386505127,1399,2885,1673,3306,product_crops\product_0016_conf_0.93.jpg,RANCHEIRO__RANCHEIRO ROSQUINHA BANANA-CANELA RANCHEIRO,False,RANCHEIRO__RANCHEIRO ROSQUINHA BANANA-CANELA RANCHEIRO,0.8119396865367889,0.72,0.0,RANCHEIRO__RANCHEIRO ROSQUINHA DE COCO RANCHEIRO,0.8080965677897135,0.0038431187470754358,[],,,,,,,,,,,,,,,,0
IMG_7291.HEIC,17,0.9330667853355408,1674,2969,2051,3499,product_crops\product_0017_conf_0.93.jpg,RANCHEIRO__RANCHEIRO ROSQUINHA DE COCO RANCHEIRO,False,RANCHEIRO__RANCHEIRO ROSQUINHA DE COCO RANCHEIRO,0.8719888687133789,0.72,0.0,,,,[],,,,,,,,,,,,,,,,0
IMG_7291.HEIC,18,0.9272529482841492,1821,1743,2170,2078,product_crops\product_0018_conf_0.93.jpg,RANCHEIRO__RANCHEIRO ROSQUINHA DE CHOCOLATE RANCHEIRO,False,RANCHEIRO__RANCHEIRO ROSQUINHA DE CHOCOLATE RANCHEIRO,0.8989544034004211,0.62,-0.09999999999999998,,,,[],,,,,,,,,,,,,,,,0
IMG_7291.HEIC,19,0.9250463247299194,0,2953,172,3451,product_crops\product_0019_conf_0.93.jpg,Mabel__Mabel Rosquinha Mabel Sabor Leite,False,Mabel__Mabel Rosquinha Mabel Sabor Leite,0.7223710060119629,0.72,0.0,,,,[],,,,,,,,,,,,,,,,0
IMG_7291.HEIC,20,0.9247662425041199,664,1724,956,2061,product_crops\product_0020_conf_0.92.jpg,RANCHEIRO__RANCHEIRO ROSQUINHA BANANA-CANELA RANCHEIRO,False,RANCHEIRO__RANCHEIRO ROSQUINHA BANANA-CANELA RANCHEIRO,0.8701336979866028,0.72,0.0,,,,[],,,,,,,,,,,,,,,,0
IMG_7291.HEIC,21,0.9239804744720459,835,2875,1123,3218,product_crops\product_0021_conf_0.92.jpg,RANCHEIRO__RANCHEIRO ROSQUINHA DE COCO RANCHEIRO,False,RANCHEIRO__RANCHEIRO ROSQUINHA DE COCO RANCHEIRO,0.7979535857836405,0.72,0.0,RANCHEIRO__RANCHEIRO ROSQUINHA BANANA-CANELA RANCHEIRO,0.7904085218906403,0.007545063893000248,[],,,,,,,,,,,,,,,,0
IMG_7291.HEIC,22,0.9230533242225647,0,1113,158,1483,product_crops\product_0022_conf_0.92.jpg,__Unknown__,True,Mabel__Mabel Rosquinha Mabel Sabor Chocolate,0.6656119227409363,0.69,-0.030000000000000027,RANCHEIRO__RANCHEIRO ROSQUINHA DE COCO RANCHEIRO,0.6619924704233805,0.0036194523175557825,['low_score'],,,,,,,,,,,,,,,,0
IMG_7291.HEIC,23,0.9211605787277222,955,1714,1243,2066,product_crops\product_0023_conf_0.92.jpg,RANCHEIRO__RANCHEIRO ROSQUINHA DE CHOCOLATE RANCHEIRO,False,RANCHEIRO__RANCHEIRO ROSQUINHA DE CHOCOLATE RANCHEIRO,0.8445390462875366,0.62,-0.09999999999999998,,,,[],,,,,,,,,,,,,,,,0
IMG_7291.HEIC,24,0.904619574546814,791,3217,1133,3585,product_crops\product_0024_conf_0.90.jpg,__Unknown__,True,RANCHEIRO__RANCHEIRO BISCOITO MARIA RANCHEIRO,0.5947853326797485,0.72,0.0,Adoralle__Adoralle Alimentos Rosquinhas Coco,0.5946073532104492,0.0001779794692993164,['low_score'],,,,,,,,,,,,,,,,0
IMG_7291.HEIC,25,0.8852795362472534,1281,2257,1537,2546,product_crops\product_0025_conf_0.89.jpg,RANCHEIRO__RANCHEIRO ROSQUINHA DE COCO RANCHEIRO,False,RANCHEIRO__RANCHEIRO ROSQUINHA DE COCO RANCHEIRO,0.8348264694213867,0.72,0.0,RANCHEIRO__RANCHEIRO ROSQUINHA DE CHOCOLATE RANCHEIRO,0.8348188102245331,7.659196853637695e-06,[],,,,,,,,,,,,,,,,0
IMG_7291.HEIC,26,0.8832370042800903,98,1735,531,2068,product_crops\product_0026_conf_0.88.jpg,RANCHEIRO__RANCHEIRO ROSQUINHA BANANA-CANELA RANCHEIRO,False,RANCHEIRO__RANCHEIRO ROSQUINHA BANANA-CANELA RANCHEIRO,0.8931379914283752,0.72,0.0,,,,[],,,,,,,,,,,,,,,,0
IMG_7291.HEIC,27,0.8753287196159363,1539,2311,1815,2696,product_crops\product_0027_conf_0.88.jpg,RANCHEIRO__RANCHEIRO ROSQUINHA DE COCO RANCHEIRO,False,RANCHEIRO__RANCHEIRO ROSQUINHA DE COCO RANCHEIRO,0.8765670537948609,0.72,0.0,,,,[],,,,,,,,,,,,,,,,0
IMG_7291.HEIC,28,0.8467677235603333,624,2317,948,2681,product_crops\product_0028_conf_0.85.jpg,RANCHEIRO__RANCHEIRO ROSQUINHA DE COCO RANCHEIRO,False,RANCHEIRO__RANCHEIRO ROSQUINHA DE COCO RANCHEIRO,0.8266588568687439,0.72,0.0,,,,[],,,,,,,,,,,,,,,,0
IMG_7291.HEIC,29,0.8351029753684998,1245,1720,1521,2066,product_crops\product_0029_conf_0.84.jpg,RANCHEIRO__RANCHEIRO ROSQUINHA DE CHOCOLATE RANCHEIRO,False,RANCHEIRO__RANCHEIRO ROSQUINHA DE CHOCOLATE RANCHEIRO,0.7422013521194458,0.62,-0.09999999999999998,,,,[],,,,,,,,,,,,,,,,0
IMG_7291.HEIC,30,0.8344910740852356,175,2293,509,2682,product_crops\product_0030_conf_0.83.jpg,RANCHEIRO__RANCHEIRO ROSQUINHA DE COCO RANCHEIRO,False,RANCHEIRO__RANCHEIRO ROSQUINHA DE COCO RANCHEIRO,0.8857718467712402,0.72,0.0,,,,[],,,,,,,,,,,,,,,,0
IMG_7291.HEIC,31,0.8299182057380676,495,1755,680,2058,product_crops\product_0031_conf_0.83.jpg,__Unknown__,True,RANCHEIRO__RANCHEIRO ROSQUINHA BANANA-CANELA RANCHEIRO,0.6161580284436544,0.72,0.0,RANCHEIRO__RANCHEIRO ROSQUINHA DE CHOCOLATE RANCHEIRO,0.6109210252761841,0.005237003167470333,['low_score'],0,"4,29",4.29,"4,69",4.69,,,"4,29 / 4,69",4.29 / 4.69,regular,False,image_single_palette,white,220.85119424626166,0,1
IMG_7291.HEIC,32,0.8290883898735046,1031,2256,1284,2508,product_crops\product_0032_conf_0.83.jpg,RANCHEIRO__RANCHEIRO BISCOITO QUEBRADOR RANC LIMAO,False,RANCHEIRO__RANCHEIRO BISCOITO QUEBRADOR RANC LIMAO,0.8684431314468384,0.67,-0.04999999999999993,RANCHEIRO__RANCHEIRO ROSQUINHA DE CHOCOLATE RANCHEIRO,0.8488096793492635,0.019633452097574833,[],,,,,,,,,,,,,,,,0
IMG_7291.HEIC,33,0.8262799382209778,14,2200,269,2504,product_crops\product_0033_conf_0.83.jpg,__Unknown__,True,Mabel__Mabel Rosquinha Mabel Sabor Banana e Canela,0.6836445927619934,0.72,0.0,Mabel__Mabel Rosquinha Mabel Sabor Coco,0.6741638630628586,0.009480729699134827,['low_score'],,,,,,,,,,,,,,,,0
IMG_7291.HEIC,34,0.7776055932044983,1116,2906,1400,3167,product_crops\product_0034_conf_0.78.jpg,RANCHEIRO__RANCHEIRO ROSQUINHA DE COCO RANCHEIRO,False,RANCHEIRO__RANCHEIRO ROSQUINHA DE COCO RANCHEIRO,0.7738947868347168,0.72,0.0,RANCHEIRO__RANCHEIRO BISCOITO QUEBRADOR RANC LIMAO,0.7688708901405334,0.00502389669418335,[],,,,,,,,,,,,,,,,0
IMG_7291.HEIC,35,0.7761527299880981,1122,3316,1564,3866,product_crops\product_0035_conf_0.78.jpg,__Unknown__,True,RANCHEIRO__RANCHEIRO BISCOITO QUEBRADOR RANC LIMAO,0.6150677800178528,0.67,-0.04999999999999993,Mabel__Mabel Rosquinha Mabel Sabor Coco,0.6139659285545349,0.001101851463317871,['low_score'],,,,,,,,,,,,,,,,0
IMG_7291.HEIC,36,0.7648447751998901,0,1675,103,2081,product_crops\product_0036_conf_0.76.jpg,__Unknown__,True,RANCHEIRO__RANCHEIRO ROSQUINHA DE CHOCOLATE RANCHEIRO,0.6192334691683451,0.62,-0.09999999999999998,RANCHEIRO__RANCHEIRO COOKIES RANCHEIRO,0.5571348667144775,0.06209860245386756,['low_score'],,,,,,,,,,,,,,,,0
IMG_7291.HEIC,37,0.7557398676872253,0,362,114,872,product_crops\product_0037_conf_0.76.jpg,__Unknown__,True,RANCHEIRO__RANCHEIRO COOKIES CHOCOLATE RANCHEIRO,0.6452875733375549,0.72,0.0,Mabel__Mabel Rosquinha Mabel Sabor Leite,0.6390732526779175,0.006214320659637451,['low_score'],,,,,,,,,,,,,,,,0
IMG_7291.HEIC,38,0.5032193660736084,493,2268,671,2608,product_crops\product_0038_conf_0.50.jpg,RANCHEIRO__RANCHEIRO ROSQUINHA BANANA-CANELA RANCHEIRO,False,RANCHEIRO__RANCHEIRO ROSQUINHA BANANA-CANELA RANCHEIRO,0.8037180105845133,0.72,0.0,RANCHEIRO__RANCHEIRO ROSQUINHA DE COCO RANCHEIRO,0.7914902567863464,0.012227753798166874,[],,,,,,,,,,,,,,,,0
IMG_7291.HEIC,39,0.3373505175113678,958,2499,1364,2725,product_crops\product_0039_conf_0.34.jpg,RANCHEIRO__RANCHEIRO ROSQUINHA DE CHOCOLATE RANCHEIRO,False,RANCHEIRO__RANCHEIRO ROSQUINHA DE CHOCOLATE RANCHEIRO,0.6845817565917969,0.62,-0.09999999999999998,Mabel__Mabel Rosquinha Mabel Sabor Coco,0.6790845990180969,0.005497157573699951,[],1,"3,49",3.49,"3,99",3.99,,,"3,49 / 3,99",3.49 / 3.99,regular,False,image_single_palette,white,139.00359707575916,1,1
IMG_7291.HEIC,40,0.3318420648574829,1109,3161,1429,3355,product_crops\product_0040_conf_0.33.jpg,__Unknown__,True,RANCHEIRO__RANCHEIRO BISCOITO MARIA RANCHEIRO,0.5230873674154282,0.72,0.0,RANCHEIRO__RANCHEIRO ROSQUINHA RECHEADA DE CHOCOLATE RANCHEIRO,0.5171730518341064,0.005914315581321716,['low_score'],,,,,,,,,,,,,,,,0
IMG_7291.HEIC,41,0.26622655987739563,2127,1707,2249,2071,product_crops\product_0041_conf_0.27.jpg,__Unknown__,True,Mabel__Mabel Rosquinha Mabel Sabor Chocolate,0.5722115635871887,0.69,-0.030000000000000027,Mabel__Mabel Rosquinha Mabel Sabor Banana e Canela,0.5545700192451477,0.017641544342041016,['low_score'],,,,,,,,,,,,,,,,0
IMG_7292.HEIC,0,0.97502201795578,1030,622,1417,1054,product_crops\product_0000_conf_0.98.jpg,Mabel__Mabel Rosquinha Mabel Sabor Leite,False,Mabel__Mabel Rosquinha Mabel Sabor Leite,0.9057788252830505,0.72,0.0,,,,[],,,,,,,,,,,,,,,,0
IMG_7292.HEIC,1,0.9637522101402283,62,2389,453,2816,product_crops\product_0001_conf_0.96.jpg,Mabel__Mabel Rosquinha Mabel Sabor Coco,False,Mabel__Mabel Rosquinha Mabel Sabor Coco,0.8955749630928039,0.72,0.0,,,,[],,,,,,,,,,,,,,,,0
IMG_7292.HEIC,2,0.963181734085083,1295,1879,1638,2296,product_crops\product_0002_conf_0.96.jpg,Mabel__Mabel Rosquinha Mabel Sabor Leite,False,Mabel__Mabel Rosquinha Mabel Sabor Leite,0.8777242541313172,0.72,0.0,,,,[],,,,,,,,,,,,,,,,0
IMG_7292.HEIC,3,0.9609832167625427,1065,3177,1408,3663,product_crops\product_0003_conf_0.96.jpg,Mabel__Mabel Rosquinha Mabel Sabor Leite,False,Mabel__Mabel Rosquinha Mabel Sabor Leite,0.8793574690818786,0.72,0.0,,,,[],,,,,,,,,,,,,,,,0
IMG_7292.HEIC,4,0.9607659578323364,1408,646,1821,1067,product_crops\product_0004_conf_0.96.jpg,Mabel__Mabel Rosquinha Mabel Sabor Leite,False,Mabel__Mabel Rosquinha Mabel Sabor Leite,0.8705420732498169,0.72,0.0,,,,[],,,,,,,,,,,,,,,,0
IMG_7292.HEIC,5,0.9606330394744873,1400,1286,1739,1700,product_crops\product_0005_conf_0.96.jpg,Mabel__Mabel Rosquinha Mabel Sabor Leite,False,Mabel__Mabel Rosquinha Mabel Sabor Leite,0.8032188266515732,0.72,0.0,Mabel__Mabel Rosquinha Mabel Sabor Banana e Canela,0.7962348461151123,0.0069839805364608765,[],,,,,,,,,,,,,,,,0
IMG_7292.HEIC,6,0.9591676592826843,1725,1294,2068,1707,product_crops\product_0006_conf_0.96.jpg,__Unknown__,True,RANCHEIRO__RANCHEIRO ROSQUINHA DE COCO RANCHEIRO,0.7015141487121582,0.72,0.0,,,,['low_score'],,,,,,,,,,,,,,,,0
IMG_7292.HEIC,7,0.9591478109359741,454,2393,803,2749,product_crops\product_0007_conf_0.96.jpg,Mabel__Mabel Rosquinha Mabel Sabor Coco,False,Mabel__Mabel Rosquinha Mabel Sabor Coco,0.9165788650512695,0.72,0.0,,,,[],,,,,,,,,,,,,,,,0
IMG_7292.HEIC,8,0.9580011963844299,777,720,1044,1046,product_crops\product_0008_conf_0.96.jpg,Mabel__Mabel Rosquinha Mabel Sabor Coco,False,Mabel__Mabel Rosquinha Mabel Sabor Coco,0.8774981697400411,0.72,0.0,Mabel__Mabel Amanteigado Mabel Sabor Coco,0.8692874908447266,0.008210678895314572,[],,,,,,,,,,,,,,,,0
IMG_7292.HEIC,9,0.9563120007514954,2030,3119,2267,3640,product_crops\product_0009_conf_0.96.jpg,RANCHEIRO__RANCHEIRO ROSQUINHA DE COCO RANCHEIRO,False,RANCHEIRO__RANCHEIRO ROSQUINHA DE COCO RANCHEIRO,0.8418006062507629,0.72,0.0,,,,[],,,,,,,,,,,,,,,,0
IMG_7292.HEIC,10,0.9556364417076111,431,685,784,1040,product_crops\product_0010_conf_0.96.jpg,Mabel__Mabel Rosquinha Mabel Sabor Coco,False,Mabel__Mabel Rosquinha Mabel Sabor Coco,0.8909075617790222,0.72,0.0,,,,[],,,,,,,,,,,,,,,,0
IMG_7292.HEIC,11,0.954530656337738,780,1829,1088,2197,product_crops\product_0011_conf_0.95.jpg,Mabel__Mabel Rosquinha Mabel Sabor Coco,False,Mabel__Mabel Rosquinha Mabel Sabor Coco,0.8743841767311096,0.72,0.0,,,,[],,,,,,,,,,,,,,,,0
IMG_7292.HEIC,12,0.9509550929069519,758,3174,1071,3551,product_crops\product_0012_conf_0.95.jpg,Mabel__Mabel Rosquinha Mabel Sabor Coco,False,Mabel__Mabel Rosquinha Mabel Sabor Coco,0.8598583817481995,0.72,0.0,,,,[],,,,,,,,,,,,,,,,0
IMG_7292.HEIC,13,0.9508682489395142,1824,559,2266,1085,product_crops\product_0013_conf_0.95.jpg,Mabel__Mabel Rosquinha Mabel Sabor Leite,False,Mabel__Mabel Rosquinha Mabel Sabor Leite,0.7801619648933411,0.72,0.0,,,,[],,,,,,,,,,,,,,,,0
IMG_7292.HEIC,14,0.949094295501709,1637,1888,2018,2318,product_crops\product_0014_conf_0.95.jpg,Mabel__Mabel Rosquinha Mabel Sabor Leite,False,Mabel__Mabel Rosquinha Mabel Sabor Leite,0.8161709785461426,0.72,0.0,,,,[],,,,,,,,,,,,,,,,0
IMG_7292.HEIC,15,0.9442291259765625,409,3204,763,3673,product_crops\product_0015_conf_0.94.jpg,Mabel__Mabel Rosquinha Mabel Sabor Coco,False,Mabel__Mabel Rosquinha Mabel Sabor Coco,0.8356111198663712,0.72,0.0,Mabel__Mabel Amanteigado Mabel Sabor Coco,0.7867414951324463,0.048869624733924866,[],,,,,,,,,,,,,,,,0
IMG_7292.HEIC,16,0.9418309926986694,1078,1856,1308,2279,product_crops\product_0016_conf_0.94.jpg,Mabel__Mabel Rosquinha Mabel Sabor Banana e Canela,False,Mabel__Mabel Rosquinha Mabel Sabor Banana e Canela,0.8180427253246307,0.72,0.0,Mabel__Mabel Rosquinha Mabel Sabor Coco,0.8001415133476257,0.017901211977005005,[],,,,,,,,,,,,,,,,0
IMG_7292.HEIC,17,0.9414503574371338,117,3253,427,3750,product_crops\product_0017_conf_0.94.jpg,Mabel__Mabel Rosquinha Mabel Sabor Coco,False,Mabel__Mabel Rosquinha Mabel Sabor Coco,0.8817926526069642,0.72,0.0,,,,[],,,,,,,,,,,,,,,,0
IMG_7292.HEIC,18,0.929466724395752,2027,1927,2267,2349,product_crops\product_0018_conf_0.93.jpg,RANCHEIRO__RANCHEIRO ROSQUINHA BANANA-CANELA RANCHEIRO,False,RANCHEIRO__RANCHEIRO ROSQUINHA BANANA-CANELA RANCHEIRO,0.765496826171875,0.72,0.0,,,,[],,,,,,,,,,,,,,,,0
IMG_7292.HEIC,19,0.922956645488739,1689,3172,2036,3758,product_crops\product_0019_conf_0.92.jpg,Mabel__Mabel Rosquinha Mabel Sabor Leite,False,Mabel__Mabel Rosquinha Mabel Sabor Leite,0.8595485925674439,0.72,0.0,,,,[],,,,,,,,,,,,,,,,0
IMG_7292.HEIC,20,0.9111393690109253,2079,1265,2268,1717,product_crops\product_0020_conf_0.91.jpg,__Unknown__,True,RANCHEIRO__RANCHEIRO ROSQUINHA DE COCO RANCHEIRO,0.6750565469264984,0.72,0.0,Mabel__Mabel Rosquinha Mabel Sabor Leite,0.6654603481292725,0.009596198797225952,['low_score'],,,,,,,,,,,,,,,,0
IMG_7292.HEIC,21,0.8652374148368835,2072,2541,2267,2933,product_crops\product_0021_conf_0.87.jpg,RANCHEIRO__RANCHEIRO ROSQUINHA DE COCO RANCHEIRO,False,RANCHEIRO__RANCHEIRO ROSQUINHA DE COCO RANCHEIRO,0.7710412979125977,0.72,0.0,,,,[],,,,,,,,,,,,,,,,0
IMG_7292.HEIC,22,0.8647971153259277,706,1416,1142,1697,product_crops\product_0022_conf_0.86.jpg,Mabel__Mabel Laminado Doce Mabel Sabor Leite,False,Mabel__Mabel Laminado Doce Mabel Sabor Leite,0.7477960586547852,0.72,0.0,Mabel__Mabel Amanteigado Mabel Sabor Chocolate,0.7439106702804565,0.0038853883743286133,[],,,,,,,,,,,,,,,,0
IMG_7292.HEIC,23,0.8265836238861084,1144,1523,1464,1703,product_crops\product_0023_conf_0.83.jpg,__Unknown__,True,Mabel__Mabel Cracker Agua e Sal,0.6712333559989929,0.72,0.0,Mabel__Mabel Rosquinha Mabel Sabor Banana e Canela,0.6674951314926147,0.003738224506378174,['low_score'],,,,,,,,,,,,,,,,0
IMG_7292.HEIC,24,0.8073463439941406,497,1816,790,2148,product_crops\product_0024_conf_0.81.jpg,__Unknown__,True,RANCHEIRO__RANCHEIRO BISCOITO MARIA RANCHEIRO,0.4822657108306885,0.72,0.0,RANCHEIRO__RANCHEIRO WAFER RANCHEIRO LIMAO,0.47814786434173584,0.004117846488952637,['low_score'],0,"7,49",7.49,"7,99",7.99,,,"7,49 / 7,99",7.49 / 7.99,uncertain,,insufficient_color_baseline,white,365.8865944524341,0,1
IMG_7292.HEIC,25,0.7999544739723206,1399,3199,1703,3672,product_crops\product_0025_conf_0.80.jpg,Mabel__Mabel Rosquinha Mabel Sabor Banana e Canela,False,Mabel__Mabel Rosquinha Mabel Sabor Banana e Canela,0.8154882788658142,0.72,0.0,Mabel__Mabel Rosquinha Mabel Sabor Leite,0.8128435015678406,0.002644777297973633,[],,,,,,,,,,,,,,,,0
IMG_7292.HEIC,26,0.7967631220817566,712,2583,1111,2955,product_crops\product_0026_conf_0.80.jpg,Mabel__Mabel Rosquinha Mabel Sabor Coco,False,Mabel__Mabel Rosquinha Mabel Sabor Coco,0.7624038100242615,0.72,0.0,,,,[],,,,,,,,,,,,,,,,0
IMG_7292.HEIC,27,0.7616919875144958,1393,2699,1720,2973,product_crops\product_0027_conf_0.76.jpg,__Unknown__,True,Mabel__Mabel Rosquinha Mabel Sabor Leite,0.7118565559387207,0.72,0.0,,,,['low_score'],,,,,,,,,,,,,,,,0
IMG_7292.HEIC,28,0.709957480430603,5,2111,361,2320,product_crops\product_0028_conf_0.71.jpg,__Unknown__,True,Mabel__Mabel Cracker Agua e Sal,0.4906744460264842,0.72,0.0,RANCHEIRO__RANCHEIRO BISCOITO MARIA RANCHEIRO,0.4794183671474457,0.011256078879038511,['low_score'],,,,,,,,,,,,,,,,0
IMG_7292.HEIC,29,0.6594569683074951,150,1809,495,2111,product_crops\product_0029_conf_0.66.jpg,Mabel__Mabel Rosquinha Mabel Sabor Coco,False,Mabel__Mabel Rosquinha Mabel Sabor Coco,0.8980514764785766,0.72,0.0,,,,[],,,,,,,,,,,,,,,,0
IMG_7292.HEIC,30,0.5790442824363708,5,1562,500,1721,product_crops\product_0030_conf_0.58.jpg,__Unknown__,True,Mabel__Mabel Cracker Agua e Sal,0.581420972943306,0.72,0.0,RANCHEIRO__RANCHEIRO BISCOITO MARIA RANCHEIRO,0.5621078014373779,0.01931317150592804,['low_score'],,,,,,,,,,,,,,,,0
IMG_7292.HEIC,31,0.5750749707221985,0,806,304,1048,product_crops\product_0031_conf_0.58.jpg,__Unknown__,True,Mabel__Mabel Cracker Agua e Sal,0.6829330325126648,0.72,0.0,Mabel__Mabel Amanteigado Mabel Sabor Coco,0.6668097972869873,0.01612323522567749,['low_score'],,,,,,,,,,,,,,,,0
IMG_7292.HEIC,32,0.4859727621078491,1099,2628,1446,2967,product_crops\product_0032_conf_0.49.jpg,Mabel__Mabel Rosquinha Mabel Sabor Leite,False,Mabel__Mabel Rosquinha Mabel Sabor Leite,0.7439214388529459,0.72,0.0,Mabel__Mabel Rosquinha Mabel Sabor Banana e Canela,0.702824592590332,0.041096846262613895,[],,,,,,,,,,,,,,,,0
IMG_7292.HEIC,33,0.3020457625389099,179,1339,496,1559,product_crops\product_0033_conf_0.30.jpg,__Unknown__,True,RANCHEIRO__RANCHEIRO BISCOITO MARIA RANCHEIRO,0.4964938759803772,0.72,0.0,RANCHEIRO__RANCHEIRO WAFER RANCHEIRO LIMAO,0.49603408575057983,0.0004597902297973633,['low_score'],,,,,,,,,,,,,,,,0
IMG_7292.HEIC,34,0.2835259735584259,1713,2432,1997,2691,product_crops\product_0034_conf_0.28.jpg,__Unknown__,True,Mabel__Mabel Rosquinha Mabel Sabor Banana e Canela,0.7083065509796143,0.72,0.0,Mabel__Mabel Rosquinha Mabel Sabor Coco,0.7053551822900772,0.0029513686895370483,['low_score'],,,,,,,,,,,,,,,,0
IMG_7293.HEIC,0,0.9185869097709656,1258,579,1785,701,product_crops\product_0000_conf_0.92.jpg,__Unknown__,True,Mabel__Mabel Cookie Mabel Chocolate com gotas de chocolate,0.6242611408233643,0.72,0.0,RANCHEIRO__RANCHEIRO COOKIES RANCHEIRO,0.6201643149058024,0.004096825917561886,['low_score'],,,,,,,,,,,,,,,,0
IMG_7293.HEIC,1,0.9151872396469116,1877,1336,2268,1447,product_crops\product_0001_conf_0.92.jpg,__Unknown__,True,RANCHEIRO__RANCHEIRO COOKIES CHOCOLATE RANCHEIRO,0.6478374302387238,0.72,0.0,RANCHEIRO__RANCHEIRO COOKIES RANCHEIRO,0.645509680112203,0.0023277501265207556,['low_score'],,,,,,,,,,,,,,,,0
IMG_7293.HEIC,2,0.909368097782135,108,684,573,794,product_crops\product_0002_conf_0.91.jpg,__Unknown__,True,RANCHEIRO__RANCHEIRO COOKIES RANCHEIRO,0.6458285252253214,0.68,-0.039999999999999925,RANCHEIRO__RANCHEIRO COOKIES CHOCOLATE RANCHEIRO,0.6323260068893433,0.013502518335978153,['low_score'],,,,,,,,,,,,,,,,0
IMG_7293.HEIC,3,0.9079324007034302,1833,583,2266,703,product_crops\product_0003_conf_0.91.jpg,__Unknown__,True,RANCHEIRO__RANCHEIRO COOKIES CHOCOLATE RANCHEIRO,0.6155418455600739,0.72,0.0,RANCHEIRO__RANCHEIRO COOKIES RANCHEIRO,0.6067275404930115,0.008814305067062378,['low_score'],,,,,,,,,,,,,,,,0
IMG_7293.HEIC,4,0.9078832864761353,664,573,1199,694,product_crops\product_0004_conf_0.91.jpg,__Unknown__,True,RANCHEIRO__RANCHEIRO COOKIES RANCHEIRO,0.6272378961245219,0.68,-0.039999999999999925,RANCHEIRO__RANCHEIRO COOKIES CHOCOLATE RANCHEIRO,0.6210719347000122,0.006165961424509647,['low_score'],,,,,,,,,,,,,,,,0
IMG_7293.HEIC,5,0.9078130125999451,1854,1207,2267,1331,product_crops\product_0005_conf_0.91.jpg,__Unknown__,True,RANCHEIRO__RANCHEIRO COOKIES CHOCOLATE RANCHEIRO,0.6414204239845276,0.72,0.0,RANCHEIRO__RANCHEIRO COOKIES RANCHEIRO,0.6403758923212687,0.0010445316632589075,['low_score'],,,,,,,,,,,,,,,,0
IMG_7293.HEIC,6,0.8966389298439026,75,1223,630,1333,product_crops\product_0006_conf_0.90.jpg,__Unknown__,True,RANCHEIRO__RANCHEIRO COOKIES RANCHEIRO,0.6386667788028717,0.68,-0.039999999999999925,Adoralle__Adoralle Alimentos Laminados Doces Coco,0.6169319152832031,0.02173486351966858,['low_score'],,,,,,,,,,,,,,,,0
IMG_7293.HEIC,7,0.8957287073135376,690,700,1165,812,product_crops\product_0007_conf_0.90.jpg,__Unknown__,True,RANCHEIRO__RANCHEIRO COOKIES RANCHEIRO,0.6357340216636658,0.68,-0.039999999999999925,RANCHEIRO__RANCHEIRO COOKIES CHOCOLATE RANCHEIRO,0.6343556642532349,0.0013783574104309082,['low_score'],,,,,,,,,,,,,,,,0
IMG_7293.HEIC,8,0.8956368565559387,68,552,599,679,product_crops\product_0008_conf_0.90.jpg,__Unknown__,True,RANCHEIRO__RANCHEIRO COOKIES RANCHEIRO,0.6211892068386078,0.68,-0.039999999999999925,RANCHEIRO__RANCHEIRO COOKIES CHOCOLATE RANCHEIRO,0.5984053611755371,0.02278384566307068,['low_score'],,,,,,,,,,,,,,,,0
IMG_7293.HEIC,9,0.8919956684112549,1857,708,2267,814,product_crops\product_0009_conf_0.89.jpg,__Unknown__,True,RANCHEIRO__RANCHEIRO ROSQUINHA RECHEADA DE CHOCOLATE RANCHEIRO,0.6020914316177368,0.64,-0.07999999999999996,Adoralle__Adoralle Alimentos Laminados Doces Coco,0.601349949836731,0.0007414817810058594,['low_score'],,,,,,,,,,,,,,,,0
IMG_7293.HEIC,10,0.8913605213165283,69,1099,649,1216,product_crops\product_0010_conf_0.89.jpg,__Unknown__,True,RANCHEIRO__RANCHEIRO COOKIES RANCHEIRO,0.6350530385971069,0.68,-0.039999999999999925,Adoralle__Adoralle Alimentos Laminados Doces Coco,0.6177990436553955,0.017253994941711426,['low_score'],,,,,,,,,,,,,,,,0
IMG_7293.HEIC,11,0.8726074695587158,218,1830,538,1939,product_crops\product_0011_conf_0.87.jpg,__Unknown__,True,RANCHEIRO__RANCHEIRO COOKIES RANCHEIRO,0.6425731480121613,0.68,-0.039999999999999925,RANCHEIRO__RANCHEIRO COOKIES CHOCOLATE RANCHEIRO,0.6240799427032471,0.018493205308914185,['low_score'],,,,,,,,,,,,,,,,0
IMG_7293.HEIC,12,0.8722062110900879,1278,706,1744,825,product_crops\product_0012_conf_0.87.jpg,__Unknown__,True,RANCHEIRO__RANCHEIRO COOKIES RANCHEIRO,0.6315702795982361,0.68,-0.039999999999999925,RANCHEIRO__RANCHEIRO COOKIES CHOCOLATE RANCHEIRO,0.6213356057802836,0.010234673817952511,['low_score'],,,,,,,,,,,,,,,,0
IMG_7293.HEIC,13,0.872136116027832,109,1336,603,1442,product_crops\product_0013_conf_0.87.jpg,__Unknown__,True,RANCHEIRO__RANCHEIRO COOKIES RANCHEIRO,0.6336208879947662,0.68,-0.039999999999999925,RANCHEIRO__RANCHEIRO COOKIES CHOCOLATE RANCHEIRO,0.624049574136734,0.009571313858032227,['low_score'],,,,,,,,,,,,,,,,0
IMG_7293.HEIC,14,0.8710143566131592,1265,1150,1786,1256,product_crops\product_0014_conf_0.87.jpg,__Unknown__,True,RANCHEIRO__RANCHEIRO COOKIES RANCHEIRO,0.6082517703374227,0.68,-0.039999999999999925,Adoralle__Adoralle Alimentos Laminados Doces Coco,0.6048402190208435,0.00341155131657922,['low_score'],,,,,,,,,,,,,,,,0
IMG_7293.HEIC,15,0.8598024845123291,1876,1452,2267,1532,product_crops\product_0015_conf_0.86.jpg,__Unknown__,True,Adoralle__Adoralle Alimentos Laminados Doces Coco,0.6023595333099365,0.72,0.0,RANCHEIRO__RANCHEIRO BISCOITO MARIA RANCHEIRO,0.5929678678512573,0.0093916654586792,['low_score'],,,,,,,,,,,,,,,,0
IMG_7293.HEIC,16,0.8579082489013672,232,1941,540,2039,product_crops\product_0016_conf_0.86.jpg,__Unknown__,True,RANCHEIRO__RANCHEIRO COOKIES RANCHEIRO,0.5846652686595917,0.68,-0.039999999999999925,Mabel__Mabel Cookie Mabel Chocolate com gotas de chocolate,0.5757343769073486,0.008930891752243042,['low_score'],,,,,,,,,,,,,,,,0
IMG_7293.HEIC,17,0.8510684370994568,726,1304,1214,1375,product_crops\product_0017_conf_0.85.jpg,__Unknown__,True,Adoralle__Adoralle Alimentos Laminados Doces Coco,0.6382591923077902,0.72,0.0,RANCHEIRO__RANCHEIRO COOKIES RANCHEIRO,0.6339778900146484,0.00428130229314172,['low_score'],,,,,,,,,,,,,,,,0
IMG_7293.HEIC,18,0.8353024125099182,1659,1875,1957,1973,product_crops\product_0018_conf_0.84.jpg,__Unknown__,True,Mabel__Mabel Cookie Mabel Chocolate com gotas de chocolate,0.5906519889831543,0.72,0.0,RANCHEIRO__RANCHEIRO COOKIES RANCHEIRO,0.5851836204528809,0.0054683685302734375,['low_score'],,,,,,,,,,,,,,,,0
IMG_7293.HEIC,19,0.8122819662094116,2011,1884,2267,1967,product_crops\product_0019_conf_0.81.jpg,__Unknown__,True,Mabel__Mabel Recheado Mabel Sabor Chocolate,0.6040104329586029,0.72,0.0,RANCHEIRO__RANCHEIRO COOKIES RANCHEIRO,0.6023699641227722,0.0016404688358306885,['low_score'],,,,,,,,,,,,,,,,0
IMG_7293.HEIC,20,0.8002417683601379,719,1225,1225,1299,product_crops\product_0020_conf_0.80.jpg,__Unknown__,True,RANCHEIRO__RANCHEIRO COOKIES RANCHEIRO,0.6096199750900269,0.68,-0.039999999999999925,Adoralle__Adoralle Alimentos Laminados Doces Coco,0.5955016613006592,0.014118313789367676,['low_score'],,,,,,,,,,,,,,,,0
IMG_7293.HEIC,21,0.7950470447540283,1270,1263,1785,1336,product_crops\product_0021_conf_0.80.jpg,__Unknown__,True,RANCHEIRO__RANCHEIRO WAFER RANCHEIRO MORANGO,0.588400403658549,0.72,0.0,RANCHEIRO__RANCHEIRO ROSQUINHA RECHEADA DE MORANGO-CARAMELO RANCHEIRO,0.5657236576080322,0.022676746050516727,['low_score'],,,,,,,,,,,,,,,,0
IMG_7293.HEIC,22,0.7891892194747925,1887,2436,2219,2545,product_crops\product_0022_conf_0.79.jpg,__Unknown__,True,RANCHEIRO__RANCHEIRO COOKIES CHOCOLATE RANCHEIRO,0.5587515830993652,0.72,0.0,Mabel__Mabel Cookie Mabel Chocolate com gotas de chocolate,0.5378659963607788,0.020885586738586426,['low_score'],,,,,,,,,,,,,,,,0
IMG_7293.HEIC,23,0.7703426480293274,715,1161,1241,1223,product_crops\product_0023_conf_0.77.jpg,__Unknown__,True,RANCHEIRO__RANCHEIRO ROSQUINHA RECHEADA DE CHOCOLATE RANCHEIRO,0.5835741957028707,0.64,-0.07999999999999996,RANCHEIRO__RANCHEIRO WAFER RANCHEIRO MORANGO,0.57486891746521,0.008705278237660763,['low_score'],,,,,,,,,,,,,,,,0
IMG_7293.HEIC,24,0.7685184478759766,2038,3401,2267,3471,product_crops\product_0024_conf_0.77.jpg,__Unknown__,True,RANCHEIRO__RANCHEIRO ROSQUINHA RECHEADA DE MORANGO-CARAMELO RANCHEIRO,0.6550379991531372,0.68,-0.039999999999999925,RANCHEIRO__RANCHEIRO COOKIES RANCHEIRO,0.6390557686487833,0.015982230504353878,['low_score'],,,,,,,,,,,,,,,,0
IMG_7293.HEIC,25,0.7640442252159119,1676,1979,1929,2066,product_crops\product_0025_conf_0.76.jpg,__Unknown__,True,RANCHEIRO__RANCHEIRO COOKIES RANCHEIRO,0.6373091141382853,0.68,-0.039999999999999925,RANCHEIRO__RANCHEIRO COOKIES CHOCOLATE RANCHEIRO,0.6188203394412994,0.018488774696985844,['low_score'],,,,,,,,,,,,,,,,0
IMG_7293.HEIC,26,0.7613036632537842,1903,2547,2194,2653,product_crops\product_0026_conf_0.76.jpg,__Unknown__,True,RANCHEIRO__RANCHEIRO COOKIES CHOCOLATE RANCHEIRO,0.5704535245895386,0.72,0.0,Mabel__Mabel Cookie Mabel Chocolate com gotas de chocolate,0.5465306639671326,0.023922860622406006,['low_score'],,,,,,,,,,,,,,,,0
IMG_7293.HEIC,27,0.6951636672019958,119,799,613,911,product_crops\product_0027_conf_0.70.jpg,__Unknown__,True,RANCHEIRO__RANCHEIRO BISCOITO MARIA RANCHEIRO,0.5716114997863769,0.72,0.0,,,,['low_score'],,,,,,,,,,,,,,,,0
IMG_7293.HEIC,28,0.6930077075958252,1299,1391,1778,1474,product_crops\product_0028_conf_0.69.jpg,RANCHEIRO__RANCHEIRO COOKIES RANCHEIRO,False,RANCHEIRO__RANCHEIRO COOKIES RANCHEIRO,0.7842219471931458,0.68,-0.039999999999999925,RANCHEIRO__RANCHEIRO COOKIES CHOCOLATE RANCHEIRO,0.763452410697937,0.02076953649520874,[],,,,,,,,,,,,,,,,0
IMG_7293.HEIC,29,0.6810795664787292,313,1699,617,1778,product_crops\product_0029_conf_0.68.jpg,__Unknown__,True,RANCHEIRO__RANCHEIRO COOKIES CHOCOLATE RANCHEIRO,0.713340699672699,0.72,0.0,RANCHEIRO__RANCHEIRO COOKIES RANCHEIRO,0.6969712773958842,0.016369422276814816,['low_score'],,,,,,,,,,,,,,,,0
IMG_7293.HEIC,30,0.6796979904174805,1295,1893,1603,2005,product_crops\product_0030_conf_0.68.jpg,__Unknown__,True,Mabel__Mabel Cookie Mabel Chocolate com gotas de chocolate,0.6286411285400391,0.72,0.0,RANCHEIRO__RANCHEIRO COOKIES RANCHEIRO,0.6187117546796799,0.009929373860359192,['low_score'],,,,,,,,,,,,,,,,0
IMG_7293.HEIC,31,0.6778252720832825,2036,3262,2266,3401,product_crops\product_0031_conf_0.68.jpg,RANCHEIRO__RANCHEIRO COOKIES RANCHEIRO,False,RANCHEIRO__RANCHEIRO COOKIES RANCHEIRO,0.7057979702949524,0.68,-0.039999999999999925,RANCHEIRO__RANCHEIRO COOKIES CHOCOLATE RANCHEIRO,0.6948950886726379,0.010902881622314453,[],,,,,,,,,,,,,,,,0
IMG_7293.HEIC,32,0.6654744744300842,1374,2979,1683,3094,product_crops\product_0032_conf_0.67.jpg,RANCHEIRO__RANCHEIRO COOKIES RANCHEIRO,False,RANCHEIRO__RANCHEIRO COOKIES RANCHEIRO,0.8126598238945008,0.68,-0.039999999999999925,,,,[],,,,,,,,,,,,,,,,0
IMG_7293.HEIC,33,0.6591620445251465,646,2321,1050,2742,product_crops\product_0033_conf_0.66.jpg,__Unknown__,True,RANCHEIRO__RANCHEIRO COOKIES CHOCOLATE RANCHEIRO,0.542329728603363,0.72,0.0,RANCHEIRO__RANCHEIRO ROSQUINHA RECHEADA DE MORANGO-CARAMELO RANCHEIRO,0.5362874567508698,0.006042271852493286,['low_score'],,,,,,,,,,,,,,,,0
IMG_7293.HEIC,34,0.637988805770874,2023,2057,2262,2133,product_crops\product_0034_conf_0.64.jpg,__Unknown__,True,RANCHEIRO__RANCHEIRO COOKIES RANCHEIRO,0.5872517824172974,0.68,-0.039999999999999925,RANCHEIRO__RANCHEIRO COOKIES CHOCOLATE RANCHEIRO,0.5761213600635529,0.011130422353744507,['low_score'],,,,,,,,,,,,,,,,0
IMG_7293.HEIC,35,0.6351890563964844,2070,2913,2267,3037,product_crops\product_0035_conf_0.64.jpg,__Unknown__,True,RANCHEIRO__RANCHEIRO BISCOITO MARIA RANCHEIRO,0.6685835719108582,0.72,0.0,Mabel__Mabel Amanteigado Mabel Sabor Leite,0.6601710915565491,0.008412480354309082,['low_score'],,,,,,,,,,,,,,,,0
IMG_7293.HEIC,36,0.6331294178962708,1902,2653,2185,2754,product_crops\product_0036_conf_0.63.jpg,__Unknown__,True,Mabel__Mabel Cookie Mabel Chocolate com gotas de chocolate,0.5242029428482056,0.72,0.0,RANCHEIRO__RANCHEIRO COOKIES CHOCOLATE RANCHEIRO,0.5230463147163391,0.001156628131866455,['low_score'],,,,,,,,,,,,,,,,0
IMG_7293.HEIC,37,0.6304503083229065,2072,3038,2266,3123,product_crops\product_0037_conf_0.63.jpg,RANCHEIRO__RANCHEIRO COOKIES CHOCOLATE RANCHEIRO,False,RANCHEIRO__RANCHEIRO COOKIES CHOCOLATE RANCHEIRO,0.8501678705215454,0.72,0.0,RANCHEIRO__RANCHEIRO COOKIES RANCHEIRO,0.8302821069955826,0.01988576352596283,[],,,,,,,,,,,,,,,,0
IMG_7293.HEIC,38,0.6279683709144592,1368,2888,1681,2980,product_crops\product_0038_conf_0.63.jpg,RANCHEIRO__RANCHEIRO COOKIES RANCHEIRO,False,RANCHEIRO__RANCHEIRO COOKIES RANCHEIRO,0.8903193235397339,0.68,-0.039999999999999925,,,,[],,,,,,,,,,,,,,,,0
IMG_7293.HEIC,39,0.6250684261322021,2032,1972,2265,2054,product_crops\product_0039_conf_0.63.jpg,__Unknown__,True,RANCHEIRO__RANCHEIRO COOKIES RANCHEIRO,0.5974131027857462,0.68,-0.039999999999999925,RANCHEIRO__RANCHEIRO COOKIES CHOCOLATE RANCHEIRO,0.5788711905479431,0.018541912237803104,['low_score'],,,,,,,,,,,,,,,,0
IMG_7293.HEIC,40,0.6204949617385864,300,2322,641,2732,product_crops\product_0040_conf_0.62.jpg,__Unknown__,True,RANCHEIRO__RANCHEIRO ROSQUINHA DE CHOCOLATE RANCHEIRO,0.5336563229560852,0.62,-0.09999999999999998,,,,['low_score'],,,,,,,,,,,,,,,,0
IMG_7293.HEIC,41,0.6121065616607666,237,2041,548,2117,product_crops\product_0041_conf_0.61.jpg,__Unknown__,True,RANCHEIRO__RANCHEIRO ROSQUINHA RECHEADA DE MORANGO-CARAMELO RANCHEIRO,0.5227973461151123,0.68,-0.039999999999999925,RANCHEIRO__RANCHEIRO BISCOITO MARIA RANCHEIRO,0.5208553075790405,0.0019420385360717773,['low_score'],,,,,,,,,,,,,,,,0
IMG_7293.HEIC,42,0.6116726398468018,292,2886,648,3232,product_crops\product_0042_conf_0.61.jpg,RANCHEIRO__RANCHEIRO COOKIES RANCHEIRO,False,RANCHEIRO__RANCHEIRO COOKIES RANCHEIRO,0.8510710835456848,0.68,-0.039999999999999925,,,,[],,,,,,,,,,,,,,,,0
IMG_7293.HEIC,43,0.6081520915031433,116,1443,631,1550,product_crops\product_0043_conf_0.61.jpg,__Unknown__,True,Adoralle__Adoralle Alimentos Laminados Doces Coco,0.6282214820384979,0.72,0.0,RANCHEIRO__RANCHEIRO ROSQUINHA RECHEADA DE CHOCOLATE RANCHEIRO,0.6264257431030273,0.001795738935470581,['low_score'],,,,,,,,,,,,,,,,0
IMG_7293.HEIC,44,0.5982873439788818,1010,2904,1348,3237,product_crops\product_0044_conf_0.60.jpg,RANCHEIRO__RANCHEIRO COOKIES RANCHEIRO,False,RANCHEIRO__RANCHEIRO COOKIES RANCHEIRO,0.8456697702407837,0.68,-0.039999999999999925,,,,[],,,,,,,,,,,,,,,,0
IMG_7293.HEIC,45,0.5913752913475037,1364,3339,1654,3411,product_crops\product_0045_conf_0.59.jpg,RANCHEIRO__RANCHEIRO COOKIES RANCHEIRO,False,RANCHEIRO__RANCHEIRO COOKIES RANCHEIRO,0.6948166489601135,0.68,-0.039999999999999925,RANCHEIRO__RANCHEIRO COOKIES CHOCOLATE RANCHEIRO,0.6439173221588135,0.05089932680130005,[],,,,,,,,,,,,,,,,0
IMG_7293.HEIC,46,0.5904254913330078,674,3239,1008,3535,product_crops\product_0046_conf_0.59.jpg,RANCHEIRO__RANCHEIRO COOKIES RANCHEIRO,False,RANCHEIRO__RANCHEIRO COOKIES RANCHEIRO,0.8569195568561554,0.68,-0.039999999999999925,RANCHEIRO__RANCHEIRO COOKIES CHOCOLATE RANCHEIRO,0.8448406457901001,0.012078911066055298,[],,,,,,,,,,,,,,,,0
IMG_7293.HEIC,47,0.5777605175971985,1036,3410,1314,3483,product_crops\product_0047_conf_0.58.jpg,RANCHEIRO__RANCHEIRO COOKIES RANCHEIRO,False,RANCHEIRO__RANCHEIRO COOKIES RANCHEIRO,0.8602577149868011,0.68,-0.039999999999999925,RANCHEIRO__RANCHEIRO COOKIES CHOCOLATE RANCHEIRO,0.8592026829719543,0.0010550320148468018,[],,,,,,,,,,,,,,,,0
IMG_7293.HEIC,48,0.5583990812301636,1704,2906,2041,3245,product_crops\product_0048_conf_0.56.jpg,RANCHEIRO__RANCHEIRO COOKIES RANCHEIRO,False,RANCHEIRO__RANCHEIRO COOKIES RANCHEIRO,0.8250023722648621,0.68,-0.039999999999999925,,,,[],,,,,,,,,,,,,,,,0
IMG_7293.HEIC,49,0.5533254742622375,1691,3249,2013,3340,product_crops\product_0049_conf_0.55.jpg,RANCHEIRO__RANCHEIRO COOKIES RANCHEIRO,False,RANCHEIRO__RANCHEIRO COOKIES RANCHEIRO,0.8558669537305832,0.68,-0.039999999999999925,RANCHEIRO__RANCHEIRO COOKIES CHOCOLATE RANCHEIRO,0.8436952829360962,0.012171670794487,[],,,,,,,,,,,,,,,,0
IMG_7293.HEIC,50,0.5523977875709534,1855,815,2266,895,product_crops\product_0050_conf_0.55.jpg,__Unknown__,True,RANCHEIRO__RANCHEIRO WAFER RANCHEIRO MORANGO,0.5832220315933228,0.72,0.0,RANCHEIRO__RANCHEIRO BISCOITO MARIA RANCHEIRO,0.5751101970672607,0.008111834526062012,['low_score'],,,,,,,,,,,,,,,,0
IMG_7293.HEIC,51,0.5431777834892273,1010,3240,1338,3538,product_crops\product_0051_conf_0.54.jpg,RANCHEIRO__RANCHEIRO COOKIES RANCHEIRO,False,RANCHEIRO__RANCHEIRO COOKIES RANCHEIRO,0.8478011965751648,0.68,-0.039999999999999925,,,,[],1,"2,59",2.59,"2,99",2.99,,,"2,59 / 2,99",2.59 / 2.99,regular,False,image_single_palette,white,265.69954836243136,1,1
IMG_7293.HEIC,52,0.5280224680900574,1344,3242,1670,3530,product_crops\product_0052_conf_0.53.jpg,RANCHEIRO__RANCHEIRO COOKIES RANCHEIRO,False,RANCHEIRO__RANCHEIRO COOKIES RANCHEIRO,0.8380911648273468,0.68,-0.039999999999999925,RANCHEIRO__RANCHEIRO COOKIES CHOCOLATE RANCHEIRO,0.8274241089820862,0.01066705584526062,[],,,,,,,,,,,,,,,,0
IMG_7293.HEIC,53,0.5246738791465759,1647,2067,1927,2135,product_crops\product_0053_conf_0.52.jpg,__Unknown__,True,Adoralle__Adoralle Alimentos Laminados Doces Coco,0.5798293948173523,0.72,0.0,RANCHEIRO__RANCHEIRO ROSQUINHA RECHEADA DE CHOCOLATE RANCHEIRO,0.578199565410614,0.0016298294067382812,['low_score'],,,,,,,,,,,,,,,,0
IMG_7293.HEIC,54,0.5244334936141968,1850,2272,2257,2429,product_crops\product_0054_conf_0.52.jpg,__Unknown__,True,Mabel__Mabel Cookie Mabel Chocolate com gotas de chocolate,0.5901637077331543,0.72,0.0,Mabel__Mabel Cookie Mabel Original com gotas de chocolate,0.5750784873962402,0.015085220336914062,['low_score'],,,,,,,,,,,,,,,,0
IMG_7293.HEIC,55,0.5172548890113831,729,1406,1199,1466,product_crops\product_0055_conf_0.52.jpg,__Unknown__,True,RANCHEIRO__RANCHEIRO WAFER RANCHEIRO MORANGO,0.6187744140625,0.72,0.0,RANCHEIRO__RANCHEIRO ROSQUINHA RECHEADA DE CHOCOLATE RANCHEIRO,0.5951274335384369,0.02364698052406311,['low_score'],,,,,,,,,,,,,,,,0
IMG_7293.HEIC,56,0.5070197582244873,1055,2274,1443,2749,product_crops\product_0056_conf_0.51.jpg,__Unknown__,True,RANCHEIRO__RANCHEIRO COOKIES CHOCOLATE RANCHEIRO,0.6045315861701965,0.72,0.0,Mabel__Mabel Cookie Mabel Original com gotas de chocolate,0.5795615315437317,0.024970054626464844,['low_score'],,,,,,,,,,,,,,,,0
IMG_7293.HEIC,57,0.5039555430412292,725,1464,1200,1529,product_crops\product_0057_conf_0.50.jpg,__Unknown__,True,RANCHEIRO__RANCHEIRO ROSQUINHA RECHEADA DE MORANGO-CARAMELO RANCHEIRO,0.6481140454610189,0.68,-0.039999999999999925,Mabel__Mabel Recheado Mabel Sabor Chocolate,0.5924417972564697,0.05567224820454919,['low_score'],0,"4,99",4.99,"5,49",5.49,,,"4,99 / 5,49",4.99 / 5.49,regular,False,image_single_palette,white,121.62236636408618,0,1
IMG_7293.HEIC,58,0.5030575394630432,1286,2014,1616,2129,product_crops\product_0058_conf_0.50.jpg,__Unknown__,True,RANCHEIRO__RANCHEIRO COOKIES CHOCOLATE RANCHEIRO,0.6334186792373657,0.72,0.0,RANCHEIRO__RANCHEIRO COOKIES RANCHEIRO,0.6276792287826538,0.005739450454711914,['low_score'],,,,,,,,,,,,,,,,0
IMG_7293.HEIC,59,0.4901919662952423,1034,3334,1313,3411,product_crops\product_0059_conf_0.49.jpg,RANCHEIRO__RANCHEIRO COOKIES CHOCOLATE RANCHEIRO,False,RANCHEIRO__RANCHEIRO COOKIES CHOCOLATE RANCHEIRO,0.8405523300170898,0.72,0.0,RANCHEIRO__RANCHEIRO COOKIES RANCHEIRO,0.8404518961906433,0.0001004338264465332,[],,,,,,,,,,,,,,,,0
IMG_7293.HEIC,60,0.47842082381248474,718,2239,1045,2327,product_crops\product_0060_conf_0.48.jpg,__Unknown__,True,Mabel__Mabel Laminado Doce Mabel Sabor Chocolate,0.5368078947067261,0.72,0.0,RANCHEIRO__RANCHEIRO ROSQUINHA DE CHOCOLATE RANCHEIRO,0.4953993931412697,0.04140850156545639,['low_score'],,,,,,,,,,,,,,,,0
IMG_7293.HEIC,61,0.4734456241130829,928,2037,1260,2124,product_crops\product_0061_conf_0.47.jpg,__Unknown__,True,RANCHEIRO__RANCHEIRO COOKIES RANCHEIRO,0.6286646872758865,0.68,-0.039999999999999925,RANCHEIRO__RANCHEIRO COOKIES CHOCOLATE RANCHEIRO,0.6270989179611206,0.0015657693147659302,['low_score'],3,"3,28",3.28,"3,58",3.58,,,"3,28 / 3,58",3.28 / 3.58,regular,False,image_single_palette,white,174.01149387324966,3,1
IMG_7293.HEIC,62,0.4675751030445099,1537,2591,1778,2690,product_crops\product_0062_conf_0.47.jpg,__Unknown__,True,RANCHEIRO__RANCHEIRO COOKIES CHOCOLATE RANCHEIRO,0.5865826606750488,0.72,0.0,RANCHEIRO__RANCHEIRO COOKIES RANCHEIRO,0.5641418695449829,0.022440791130065918,['low_score'],,,,,,,,,,,,,,,,0
IMG_7293.HEIC,63,0.4583091735839844,659,2893,1004,3239,product_crops\product_0063_conf_0.46.jpg,RANCHEIRO__RANCHEIRO COOKIES RANCHEIRO,False,RANCHEIRO__RANCHEIRO COOKIES RANCHEIRO,0.8450741648674012,0.68,-0.039999999999999925,,,,[],,,,,,,,,,,,,,,,0
IMG_7293.HEIC,64,0.4501747786998749,1542,2464,1787,2582,product_crops\product_0064_conf_0.45.jpg,__Unknown__,True,RANCHEIRO__RANCHEIRO COOKIES CHOCOLATE RANCHEIRO,0.6078730821609497,0.72,0.0,RANCHEIRO__RANCHEIRO COOKIES RANCHEIRO,0.5958296209573746,0.012043461203575134,['low_score'],,,,,,,,,,,,,,,,0
IMG_7293.HEIC,65,0.44876182079315186,729,1375,1204,1420,product_crops\product_0065_conf_0.45.jpg,__Unknown__,True,RANCHEIRO__RANCHEIRO ROSQUINHA RECHEADA DE MORANGO-CARAMELO RANCHEIRO,0.5679092705249786,0.68,-0.039999999999999925,RANCHEIRO__RANCHEIRO BISCOITO MARIA RANCHEIRO,0.5360226631164551,0.03188660740852356,['low_score'],,,,,,,,,,,,,,,,0
IMG_7293.HEIC,66,0.4436732232570648,1355,3092,1685,3241,product_crops\product_0066_conf_0.44.jpg,RANCHEIRO__RANCHEIRO COOKIES RANCHEIRO,False,RANCHEIRO__RANCHEIRO COOKIES RANCHEIRO,0.8075791746377945,0.68,-0.039999999999999925,RANCHEIRO__RANCHEIRO COOKIES CHOCOLATE RANCHEIRO,0.8068400025367737,0.000739172101020813,[],,,,,,,,,,,,,,,,0
IMG_7293.HEIC,67,0.4264218807220459,328,3233,675,3537,product_crops\product_0067_conf_0.43.jpg,RANCHEIRO__RANCHEIRO COOKIES RANCHEIRO,False,RANCHEIRO__RANCHEIRO COOKIES RANCHEIRO,0.8616473078727722,0.68,-0.039999999999999925,,,,[],,,,,,,,,,,,,,,,0
IMG_7293.HEIC,68,0.41618454456329346,606,1971,869,2045,product_crops\product_0068_conf_0.42.jpg,__Unknown__,True,RANCHEIRO__RANCHEIRO ROSQUINHA RECHEADA DE CHOCOLATE RANCHEIRO,0.6004420518875122,0.64,-0.07999999999999996,Mabel__Mabel Amanteigado Mabel Sabor Leite,0.5761090517044067,0.02433300018310547,['low_score'],,,,,,,,,,,,,,,,0
IMG_7293.HEIC,69,0.4127255976200104,1704,3344,1994,3413,product_crops\product_0069_conf_0.41.jpg,RANCHEIRO__RANCHEIRO COOKIES RANCHEIRO,False,RANCHEIRO__RANCHEIRO COOKIES RANCHEIRO,0.8639955967664719,0.68,-0.039999999999999925,RANCHEIRO__RANCHEIRO COOKIES CHOCOLATE RANCHEIRO,0.8611917495727539,0.0028038471937179565,[],,,,,,,,,,,,,,,,0
IMG_7293.HEIC,70,0.4096132516860962,616,1718,936,1839,product_crops\product_0070_conf_0.41.jpg,__Unknown__,True,RANCHEIRO__RANCHEIRO COOKIES CHOCOLATE RANCHEIRO,0.6481310129165649,0.72,0.0,RANCHEIRO__RANCHEIRO ROSQUINHA RECHEADA DE CHOCOLATE RANCHEIRO,0.6250201463699341,0.02311086654663086,['low_score'],,,,,,,,,,,,,,,,0
IMG_7293.HEIC,71,0.39604729413986206,91,2307,303,2741,product_crops\product_0071_conf_0.40.jpg,__Unknown__,True,RANCHEIRO__RANCHEIRO COOKIES CHOCOLATE RANCHEIRO,0.5316008031368256,0.72,0.0,RANCHEIRO__RANCHEIRO ROSQUINHA RECHEADA DE MORANGO-CARAMELO RANCHEIRO,0.529026210308075,0.0025745928287506104,['low_score'],,,,,,,,,,,,,,,,0
IMG_7293.HEIC,72,0.39351314306259155,667,813,1189,918,product_crops\product_0072_conf_0.39.jpg,__Unknown__,True,RANCHEIRO__RANCHEIRO BISCOITO MARIA RANCHEIRO,0.5225612670183182,0.72,0.0,RANCHEIRO__RANCHEIRO WAFER RANCHEIRO MORANGO,0.51532381772995,0.007237449288368225,['low_score'],,,,,,,,,,,,,,,,0
IMG_7293.HEIC,73,0.3897031545639038,2008,3474,2265,3537,product_crops\product_0073_conf_0.39.jpg,__Unknown__,True,RANCHEIRO__RANCHEIRO BISCOITO MARIA RANCHEIRO,0.5343944728374481,0.72,0.0,RANCHEIRO__RANCHEIRO ROSQUINHA DE COCO RANCHEIRO,0.528913140296936,0.005481332540512085,['low_score'],,,,,,,,,,,,,,,,0
IMG_7293.HEIC,74,0.37078234553337097,707,3396,986,3468,product_crops\product_0074_conf_0.37.jpg,RANCHEIRO__RANCHEIRO COOKIES RANCHEIRO,False,RANCHEIRO__RANCHEIRO COOKIES RANCHEIRO,0.8070090015729269,0.68,-0.039999999999999925,RANCHEIRO__RANCHEIRO COOKIES CHOCOLATE RANCHEIRO,0.7927401661872864,0.0142688353856405,[],,,,,,,,,,,,,,,,0
IMG_7293.HEIC,75,0.36527180671691895,6,1828,202,2010,product_crops\product_0075_conf_0.37.jpg,__Unknown__,True,Adoralle__Adoralle Alimentos Laminados Doces Leite,0.574813961982727,0.72,0.0,RANCHEIRO__RANCHEIRO COOKIES RANCHEIRO,0.5577929019927979,0.0170210599899292,['low_score'],,,,,,,,,,,,,,,,0
IMG_7293.HEIC,76,0.34238770604133606,578,2046,905,2124,product_crops\product_0076_conf_0.34.jpg,__Unknown__,True,RANCHEIRO__RANCHEIRO ROSQUINHA RECHEADA DE MORANGO-CARAMELO RANCHEIRO,0.5005032420158386,0.68,-0.039999999999999925,RANCHEIRO__RANCHEIRO WAFER RANCHEIRO MORANGO,0.4862585961818695,0.014244645833969116,['low_score'],,,,,,,,,,,,,,,,0
IMG_7293.HEIC,77,0.3362620770931244,1455,2379,1831,2753,product_crops\product_0077_conf_0.34.jpg,__Unknown__,True,RANCHEIRO__RANCHEIRO COOKIES CHOCOLATE RANCHEIRO,0.5850266695022583,0.72,0.0,,,,['low_score'],2,"3,15",3.15,"3,29",3.29,,,"3,15 / 3,29",3.15 / 3.29,regular,False,image_single_palette,white,307.08997052981067,2,1
IMG_7293.HEIC,78,0.3302951455116272,360,3398,670,3469,product_crops\product_0078_conf_0.33.jpg,RANCHEIRO__RANCHEIRO COOKIES RANCHEIRO,False,RANCHEIRO__RANCHEIRO COOKIES RANCHEIRO,0.7130670249462128,0.68,-0.039999999999999925,RANCHEIRO__RANCHEIRO COOKIES CHOCOLATE RANCHEIRO,0.683245062828064,0.029821962118148804,[],,,,,,,,,,,,,,,,0
IMG_7293.HEIC,79,0.3102143108844757,358,3319,655,3399,product_crops\product_0079_conf_0.31.jpg,RANCHEIRO__RANCHEIRO COOKIES CHOCOLATE RANCHEIRO,False,RANCHEIRO__RANCHEIRO COOKIES CHOCOLATE RANCHEIRO,0.8815819621086121,0.72,0.0,RANCHEIRO__RANCHEIRO COOKIES RANCHEIRO,0.8687989711761475,0.0127829909324646,[],,,,,,,,,,,,,,,,0
IMG_7293.HEIC,80,0.29799148440361023,1694,3410,1990,3474,product_crops\product_0080_conf_0.30.jpg,__Unknown__,True,RANCHEIRO__RANCHEIRO COOKIES CHOCOLATE RANCHEIRO,0.6368271112442017,0.72,0.0,RANCHEIRO__RANCHEIRO COOKIES RANCHEIRO,0.6258604526519775,0.010966658592224121,['low_score'],,,,,,,,,,,,,,,,0
IMG_7293.HEIC,81,0.2900080978870392,1726,3172,2022,3244,product_crops\product_0081_conf_0.29.jpg,__Unknown__,True,RANCHEIRO__RANCHEIRO BISCOITO MARIA RANCHEIRO,0.6165943145751953,0.72,0.0,RANCHEIRO__RANCHEIRO COOKIES CHOCOLATE RANCHEIRO,0.6037701666355133,0.012824147939682007,['low_score'],,,,,,,,,,,,,,,,0
IMG_7293.HEIC,82,0.27494680881500244,1734,3089,2005,3173,product_crops\product_0082_conf_0.27.jpg,RANCHEIRO__RANCHEIRO COOKIES CHOCOLATE RANCHEIRO,False,RANCHEIRO__RANCHEIRO COOKIES CHOCOLATE RANCHEIRO,0.7801847457885742,0.72,0.0,RANCHEIRO__RANCHEIRO COOKIES RANCHEIRO,0.7683128714561462,0.011871874332427979,[],,,,,,,,,,,,,,,,0
IMG_7293.HEIC,83,0.2638799548149109,688,3087,988,3160,product_crops\product_0083_conf_0.26.jpg,RANCHEIRO__RANCHEIRO COOKIES CHOCOLATE RANCHEIRO,False,RANCHEIRO__RANCHEIRO COOKIES CHOCOLATE RANCHEIRO,0.877592921257019,0.72,0.0,RANCHEIRO__RANCHEIRO COOKIES RANCHEIRO,0.872443675994873,0.005149245262145996,[],,,,,,,,,,,,,,,,0
IMG_7293.HEIC,84,0.2601494789123535,941,1960,1228,2036,product_crops\product_0084_conf_0.26.jpg,__Unknown__,True,RANCHEIRO__RANCHEIRO ROSQUINHA RECHEADA DE MORANGO-CARAMELO RANCHEIRO,0.5707353353500366,0.68,-0.039999999999999925,RANCHEIRO__RANCHEIRO BISCOITO MARIA RANCHEIRO,0.5706819891929626,5.334615707397461e-05,['low_score'],,,,,,,,,,,,,,,,0
IMG_7293.HEIC,85,0.25879621505737305,277,1774,583,1820,product_crops\product_0085_conf_0.26.jpg,__Unknown__,True,Adoralle__Adoralle Alimentos Laminados Doces Leite,0.6049825549125671,0.72,0.0,RANCHEIRO__RANCHEIRO BISCOITO MARIA RANCHEIRO,0.5963318347930908,0.008650720119476318,['low_score'],,,,,,,,,,,,,,,,0
IMG_7294.HEIC,0,0.9054788947105408,415,906,822,1003,product_crops\product_0000_conf_0.91.jpg,__Unknown__,True,RANCHEIRO__RANCHEIRO COOKIES RANCHEIRO,0.6576452553272247,0.68,-0.039999999999999925,RANCHEIRO__RANCHEIRO COOKIES CHOCOLATE RANCHEIRO,0.637870212395986,0.019775042931238773,['low_score'],,,,,,,,,,,,,,,,0
IMG_7294.HEIC,1,0.9052870273590088,1,1450,303,1549,product_crops\product_0001_conf_0.91.jpg,__Unknown__,True,RANCHEIRO__RANCHEIRO COOKIES RANCHEIRO,0.6172114312648773,0.68,-0.039999999999999925,RANCHEIRO__RANCHEIRO COOKIES CHOCOLATE RANCHEIRO,0.6100905934969584,0.007120837767918942,['low_score'],,,,,,,,,,,,,,,,0
IMG_7294.HEIC,2,0.9013351202011108,1,900,311,993,product_crops\product_0002_conf_0.90.jpg,__Unknown__,True,RANCHEIRO__RANCHEIRO COOKIES RANCHEIRO,0.633507251739502,0.68,-0.039999999999999925,RANCHEIRO__RANCHEIRO COOKIES CHOCOLATE RANCHEIRO,0.6277217467625936,0.005785504976908329,['low_score'],,,,,,,,,,,,,,,,0
IMG_7294.HEIC,3,0.8988102674484253,0,795,340,896,product_crops\product_0003_conf_0.90.jpg,__Unknown__,True,RANCHEIRO__RANCHEIRO COOKIES RANCHEIRO,0.6730299592018127,0.68,-0.039999999999999925,RANCHEIRO__RANCHEIRO COOKIES CHOCOLATE RANCHEIRO,0.6505024035771688,0.022527555624643925,['low_score'],,,,,,,,,,,,,,,,0
IMG_7294.HEIC,4,0.8697954416275024,1464,3147,1708,3227,product_crops\product_0004_conf_0.87.jpg,RANCHEIRO__RANCHEIRO COOKIES RANCHEIRO,False,RANCHEIRO__RANCHEIRO COOKIES RANCHEIRO,0.7742166221141815,0.68,-0.039999999999999925,RANCHEIRO__RANCHEIRO COOKIES CHOCOLATE RANCHEIRO,0.7597742478052775,0.014442374308904049,[],,,,,,,,,,,,,,,,0
IMG_7294.HEIC,5,0.8661293983459473,799,2023,1100,2115,product_crops\product_0005_conf_0.87.jpg,__Unknown__,True,RANCHEIRO__RANCHEIRO COOKIES CHOCOLATE RANCHEIRO,0.5465379953384399,0.72,0.0,RANCHEIRO__RANCHEIRO BISCOITO MARIA RANCHEIRO,0.5458533763885498,0.0006846189498901367,['low_score'],,,,,,,,,,,,,,,,0
IMG_7294.HEIC,6,0.8658050894737244,2,1331,333,1447,product_crops\product_0006_conf_0.87.jpg,__Unknown__,True,RANCHEIRO__RANCHEIRO COOKIES RANCHEIRO,0.6611899733543396,0.68,-0.039999999999999925,RANCHEIRO__RANCHEIRO COOKIES CHOCOLATE RANCHEIRO,0.6565621097882589,0.004627863566080692,['low_score'],,,,,,,,,,,,,,,,0
IMG_7294.HEIC,7,0.8642660975456238,413,2026,708,2114,product_crops\product_0007_conf_0.86.jpg,__Unknown__,True,RANCHEIRO__RANCHEIRO BISCOITO MARIA RANCHEIRO,0.5334348082542419,0.72,0.0,RANCHEIRO__RANCHEIRO COOKIES RANCHEIRO,0.5082882642745972,0.025146543979644775,['low_score'],,,,,,,,,,,,,,,,0
IMG_7294.HEIC,8,0.8606663942337036,920,845,1361,912,product_crops\product_0008_conf_0.86.jpg,__Unknown__,True,Adoralle__Adoralle Alimentos Laminados Doces Coco,0.5537112951278687,0.72,0.0,RANCHEIRO__RANCHEIRO COOKIES CHOCOLATE RANCHEIRO,0.5504628419876099,0.003248453140258789,['low_score'],,,,,,,,,,,,,,,,0
IMG_7294.HEIC,9,0.858258843421936,1127,3039,1382,3116,product_crops\product_0009_conf_0.86.jpg,RANCHEIRO__RANCHEIRO COOKIES RANCHEIRO,False,RANCHEIRO__RANCHEIRO COOKIES RANCHEIRO,0.7608062863349915,0.68,-0.039999999999999925,,,,[],,,,,,,,,,,,,,,,0
IMG_7294.HEIC,10,0.8576757311820984,1529,1993,1636,2177,product_crops\product_0010_conf_0.86.jpg,__Unknown__,True,RANCHEIRO__RANCHEIRO COOKIES CHOCOLATE RANCHEIRO,0.5838683048884074,0.72,0.0,RANCHEIRO__RANCHEIRO COOKIES RANCHEIRO,0.5783705115318298,0.005497793356577518,['low_score'],7,"2,29",2.29,"2,39",2.39,,,"2,29 / 2,39",2.29 / 2.39,regular,False,image_single_palette,white,155.54099138169335,7,1
IMG_7294.HEIC,11,0.8471714854240417,1802,802,2180,903,product_crops\product_0011_conf_0.85.jpg,__Unknown__,True,Mabel__Mabel Cookie Mabel Chocolate com gotas de chocolate,0.5961785713831583,0.72,0.0,Mabel__Mabel Laminado Doce Mabel Maisena,0.5884795188903809,0.0076990524927774695,['low_score'],,,,,,,,,,,,,,,,0
IMG_7294.HEIC,12,0.8444215655326843,397,815,847,902,product_crops\product_0012_conf_0.84.jpg,__Unknown__,True,RANCHEIRO__RANCHEIRO COOKIES RANCHEIRO,0.64250115553538,0.68,-0.039999999999999925,RANCHEIRO__RANCHEIRO COOKIES CHOCOLATE RANCHEIRO,0.6336117386817932,0.008889416853586796,['low_score'],,,,,,,,,,,,,,,,0
IMG_7294.HEIC,13,0.8434895277023315,785,1903,1130,2016,product_crops\product_0013_conf_0.84.jpg,__Unknown__,True,RANCHEIRO__RANCHEIRO WAFER RANCHEIRO MORANGO,0.5791158825159073,0.72,0.0,RANCHEIRO__RANCHEIRO BISCOITO MARIA RANCHEIRO,0.5781587362289429,0.0009571462869644165,['low_score'],,,,,,,,,,,,,,,,0
IMG_7294.HEIC,14,0.8425297737121582,1716,1478,2028,1566,product_crops\product_0014_conf_0.84.jpg,__Unknown__,True,RANCHEIRO__RANCHEIRO ROSQUINHA RECHEADA DE CHOCOLATE RANCHEIRO,0.5504018068313599,0.64,-0.07999999999999996,Mabel__Mabel Recheado Mabel Sabor Chocolate,0.5500332117080688,0.0003685951232910156,['low_score'],,,,,,,,,,,,,,,,0
IMG_7294.HEIC,15,0.834109365940094,375,1929,740,2022,product_crops\product_0015_conf_0.83.jpg,__Unknown__,True,RANCHEIRO__RANCHEIRO COOKIES RANCHEIRO,0.5114609599113464,0.68,-0.039999999999999925,Adoralle__Adoralle Alimentos Laminados Doces Coco,0.506225511431694,0.005235448479652405,['low_score'],,,,,,,,,,,,,,,,0
IMG_7294.HEIC,16,0.8331313729286194,908,1479,1196,1557,product_crops\product_0016_conf_0.83.jpg,__Unknown__,True,RANCHEIRO__RANCHEIRO ROSQUINHA RECHEADA DE MORANGO-CARAMELO RANCHEIRO,0.5891406536102295,0.68,-0.039999999999999925,RANCHEIRO__RANCHEIRO WAFER RANCHEIRO CHOCOLATE,0.5657913684844971,0.023349285125732422,['low_score'],,,,,,,,,,,,,,,,0
IMG_7294.HEIC,17,0.8283368349075317,1156,1936,1513,2027,product_crops\product_0017_conf_0.83.jpg,__Unknown__,True,RANCHEIRO__RANCHEIRO ROSQUINHA RECHEADA DE MORANGO-CARAMELO RANCHEIRO,0.6364052295684814,0.68,-0.039999999999999925,RANCHEIRO__RANCHEIRO COOKIES RANCHEIRO,0.6326195895671844,0.003785640001296997,['low_score'],,,,,,,,,,,,,,,,0
IMG_7294.HEIC,18,0.8281932473182678,1435,3268,1703,3355,product_crops\product_0018_conf_0.83.jpg,RANCHEIRO__RANCHEIRO COOKIES CHOCOLATE RANCHEIRO,False,RANCHEIRO__RANCHEIRO COOKIES CHOCOLATE RANCHEIRO,0.8580701947212219,0.72,0.0,RANCHEIRO__RANCHEIRO COOKIES RANCHEIRO,0.829419732093811,0.02865046262741089,[],,,,,,,,,,,,,,,,0
IMG_7294.HEIC,19,0.8272679448127747,1688,1380,2025,1473,product_crops\product_0019_conf_0.83.jpg,__Unknown__,True,Mabel__Mabel Recheado Mabel Sabor Chocolate,0.5625196099281311,0.72,0.0,Mabel__Mabel Amanteigado Mabel Sabor Coco,0.5570297837257385,0.005489826202392578,['low_score'],,,,,,,,,,,,,,,,0
IMG_7294.HEIC,20,0.8228136897087097,1316,1474,1624,1573,product_crops\product_0020_conf_0.82.jpg,__Unknown__,True,RANCHEIRO__RANCHEIRO BISCOITO MARIA RANCHEIRO,0.5317786455154419,0.72,0.0,,,,['low_score'],,,,,,,,,,,,,,,,0
IMG_7294.HEIC,21,0.8132401704788208,1462,3072,1719,3146,product_crops\product_0021_conf_0.81.jpg,RANCHEIRO__RANCHEIRO COOKIES CHOCOLATE RANCHEIRO,False,RANCHEIRO__RANCHEIRO COOKIES CHOCOLATE RANCHEIRO,0.8432234525680542,0.72,0.0,RANCHEIRO__RANCHEIRO COOKIES RANCHEIRO,0.8414037227630615,0.0018197298049926758,[],,,,,,,,,,,,,,,,0
IMG_7294.HEIC,22,0.8049670457839966,1820,907,2134,1004,product_crops\product_0022_conf_0.80.jpg,__Unknown__,True,Mabel__Mabel Recheado Mabel Sabor Chocolate,0.5836133062839508,0.72,0.0,RANCHEIRO__RANCHEIRO BISCOITO MARIA RANCHEIRO,0.5739997625350952,0.00961354374885559,['low_score'],,,,,,,,,,,,,,,,0
IMG_7294.HEIC,23,0.8024061918258667,1455,2967,1732,3070,product_crops\product_0023_conf_0.80.jpg,RANCHEIRO__RANCHEIRO COOKIES CHOCOLATE RANCHEIRO,False,RANCHEIRO__RANCHEIRO COOKIES CHOCOLATE RANCHEIRO,0.8345006704330444,0.72,0.0,RANCHEIRO__RANCHEIRO COOKIES RANCHEIRO,0.8217223882675171,0.012778282165527344,[],,,,,,,,,,,,,,,,0
IMG_7294.HEIC,24,0.8017845749855042,722,2568,943,2665,product_crops\product_0024_conf_0.80.jpg,__Unknown__,True,Adoralle__Adoralle Alimentos Cream Cracker,0.5442467629909515,0.72,0.0,Adoralle__Adoralle Alimentos Laminados Doces Leite,0.5335474014282227,0.010699361562728882,['low_score'],,,,,,,,,,,,,,,,0
IMG_7294.HEIC,25,0.7949490547180176,899,1561,1196,1626,product_crops\product_0025_conf_0.79.jpg,__Unknown__,True,Adoralle__Adoralle Alimentos Laminados Doces Coco,0.5458720028400421,0.72,0.0,RANCHEIRO__RANCHEIRO WAFER RANCHEIRO MORANGO,0.5439226031303406,0.001949399709701538,['low_score'],,,,,,,,,,,,,,,,0
IMG_7294.HEIC,26,0.7876062393188477,1441,3357,1690,3422,product_crops\product_0026_conf_0.79.jpg,RANCHEIRO__RANCHEIRO COOKIES CHOCOLATE RANCHEIRO,False,RANCHEIRO__RANCHEIRO COOKIES CHOCOLATE RANCHEIRO,0.746273398399353,0.72,0.0,RANCHEIRO__RANCHEIRO COOKIES RANCHEIRO,0.7281838357448578,0.01808956265449524,[],,,,,,,,,,,,,,,,0
IMG_7294.HEIC,27,0.7864176630973816,473,3252,741,3326,product_crops\product_0027_conf_0.79.jpg,RANCHEIRO__RANCHEIRO COOKIES RANCHEIRO,False,RANCHEIRO__RANCHEIRO COOKIES RANCHEIRO,0.7316038012504578,0.68,-0.039999999999999925,RANCHEIRO__RANCHEIRO COOKIES CHOCOLATE RANCHEIRO,0.7309433619181315,0.0006604393323262903,[],,,,,,,,,,,,,,,,0
IMG_7294.HEIC,28,0.7843165993690491,722,2665,944,2760,product_crops\product_0028_conf_0.78.jpg,__Unknown__,True,RANCHEIRO__RANCHEIRO ROSQUINHA RECHEADA DE MORANGO-CARAMELO RANCHEIRO,0.4736776500940323,0.68,-0.039999999999999925,RANCHEIRO__RANCHEIRO CREAM CRACKER RANCHEIRO,0.47359559933344525,8.205076058703797e-05,['low_score'],,,,,,,,,,,,,,,,0
IMG_7294.HEIC,29,0.7789724469184875,1798,3050,2057,3122,product_crops\product_0029_conf_0.78.jpg,RANCHEIRO__RANCHEIRO COOKIES CHOCOLATE RANCHEIRO,False,RANCHEIRO__RANCHEIRO COOKIES CHOCOLATE RANCHEIRO,0.7644190937280655,0.72,0.0,RANCHEIRO__RANCHEIRO COOKIES RANCHEIRO,0.7627357244491577,0.0016833692789077759,[],,,,,,,,,,,,,,,,0
IMG_7294.HEIC,30,0.7781643867492676,1703,1567,2023,1632,product_crops\product_0030_conf_0.78.jpg,__Unknown__,True,Adoralle__Adoralle Alimentos Laminados Doces Coco,0.618182584643364,0.72,0.0,RANCHEIRO__RANCHEIRO BISCOITO MARIA RANCHEIRO,0.6122816801071167,0.005900904536247253,['low_score'],3,"4,99",4.99,"5,49",5.49,,,"4,99 / 5,49",4.99 / 5.49,regular,False,image_single_palette,white,190.77014965659592,3,1
IMG_7294.HEIC,31,0.7780933976173401,1116,2936,1405,3036,product_crops\product_0031_conf_0.78.jpg,RANCHEIRO__RANCHEIRO COOKIES RANCHEIRO,False,RANCHEIRO__RANCHEIRO COOKIES RANCHEIRO,0.8356842398643494,0.68,-0.039999999999999925,RANCHEIRO__RANCHEIRO COOKIES CHOCOLATE RANCHEIRO,0.8004047671953837,0.035279472668965695,[],,,,,,,,,,,,,,,,0
IMG_7294.HEIC,32,0.7766645550727844,1432,890,1733,999,product_crops\product_0032_conf_0.78.jpg,__Unknown__,True,Mabel__Mabel Cookie Mabel Chocolate com gotas de chocolate,0.6029702226320902,0.72,0.0,RANCHEIRO__RANCHEIRO COOKIES RANCHEIRO,0.6028620004653931,0.00010822216669714724,['low_score'],,,,,,,,,,,,,,,,0
IMG_7294.HEIC,33,0.7697228789329529,487,3327,730,3397,product_crops\product_0033_conf_0.77.jpg,__Unknown__,True,RANCHEIRO__RANCHEIRO COOKIES CHOCOLATE RANCHEIRO,0.6619308888912201,0.72,0.0,RANCHEIRO__RANCHEIRO COOKIES RANCHEIRO,0.6402132511138916,0.02171763777732849,['low_score'],,,,,,,,,,,,,,,,0
IMG_7294.HEIC,34,0.7610111236572266,143,3113,397,3172,product_crops\product_0034_conf_0.76.jpg,__Unknown__,True,RANCHEIRO__RANCHEIRO ROSQUINHA RECHEADA DE MORANGO-CARAMELO RANCHEIRO,0.6311437487602234,0.68,-0.039999999999999925,RANCHEIRO__RANCHEIRO ROSQUINHA DE CHOCOLATE RANCHEIRO,0.5923183560371399,0.038825392723083496,['low_score'],,,,,,,,,,,,,,,,0
IMG_7294.HEIC,35,0.7578536868095398,792,2119,1110,2185,product_crops\product_0035_conf_0.76.jpg,__Unknown__,True,RANCHEIRO__RANCHEIRO BISCOITO MARIA RANCHEIRO,0.6304105917612711,0.72,0.0,Adoralle__Adoralle Alimentos Laminados Doces Leite,0.6204662322998047,0.009944359461466434,['low_score'],6,"4,99",4.99,"5,49",5.49,,,"4,99 / 5,49",4.99 / 5.49,regular,False,image_single_palette,white,150.88157607872475,6,1
IMG_7294.HEIC,36,0.7562295794487,51,1940,348,2018,product_crops\product_0036_conf_0.76.jpg,__Unknown__,True,Mabel__Mabel Recheado Mabel Sabor Chocolate,0.5911518335342407,0.72,0.0,RANCHEIRO__RANCHEIRO ROSQUINHA RECHEADA DE CHOCOLATE RANCHEIRO,0.5824880599975586,0.008663773536682129,['low_score'],,,,,,,,,,,,,,,,0
IMG_7294.HEIC,37,0.7498294711112976,1407,2410,1723,2546,product_crops\product_0037_conf_0.75.jpg,__Unknown__,True,Adoralle__Adoralle Alimentos Cream Cracker,0.5111776366829872,0.72,0.0,Mabel__Mabel Cookie Mabel Chocolate com gotas de chocolate,0.5021946430206299,0.00898299366235733,['low_score'],,,,,,,,,,,,,,,,0
IMG_7294.HEIC,38,0.7493436336517334,1182,1827,1490,1928,product_crops\product_0038_conf_0.75.jpg,__Unknown__,True,RANCHEIRO__RANCHEIRO ROSQUINHA RECHEADA DE MORANGO-CARAMELO RANCHEIRO,0.5444498658180237,0.68,-0.039999999999999925,RANCHEIRO__RANCHEIRO CREAM CRACKER RANCHEIRO,0.534846231341362,0.009603634476661682,['low_score'],,,,,,,,,,,,,,,,0
IMG_7294.HEIC,39,0.7429394721984863,1097,2570,1320,2680,product_crops\product_0039_conf_0.74.jpg,__Unknown__,True,Mabel__Mabel Amanteigado Mabel Sabor Coco,0.5271728336811066,0.72,0.0,Adoralle__Adoralle Alimentos Cream Cracker,0.526689887046814,0.00048294663429260254,['low_score'],,,,,,,,,,,,,,,,0
IMG_7294.HEIC,40,0.7424290180206299,1090,2680,1321,2766,product_crops\product_0040_conf_0.74.jpg,__Unknown__,True,Mabel__Mabel Cookie Mabel Chocolate com gotas de chocolate,0.5257128477096558,0.72,0.0,Mabel__Mabel Rosquinha Mabel Sabor Chocolate,0.510822057723999,0.014890789985656738,['low_score'],2,"3,15",3.15,"3,29",3.29,,,"3,15 / 3,29",3.15 / 3.29,regular,False,image_single_palette,white,164.76422548599558,2,1
IMG_7294.HEIC,41,0.7397958040237427,940,916,1335,1001,product_crops\product_0041_conf_0.74.jpg,__Unknown__,True,RANCHEIRO__RANCHEIRO COOKIES RANCHEIRO,0.6619224548339844,0.68,-0.039999999999999925,RANCHEIRO__RANCHEIRO COOKIES CHOCOLATE RANCHEIRO,0.632520337899526,0.029402116934458378,['low_score'],,,,,,,,,,,,,,,,0
IMG_7294.HEIC,42,0.7394701242446899,1167,2107,1503,2182,product_crops\product_0042_conf_0.74.jpg,__Unknown__,True,RANCHEIRO__RANCHEIRO BISCOITO MARIA RANCHEIRO,0.5947916954755783,0.72,0.0,RANCHEIRO__RANCHEIRO ROSQUINHA RECHEADA DE MORANGO-CARAMELO RANCHEIRO,0.5840526819229126,0.01073901355266571,['low_score'],,,,,,,,,,,,,,,,0
IMG_7294.HEIC,43,0.7366153597831726,1812,2559,2094,2657,product_crops\product_0043_conf_0.74.jpg,__Unknown__,True,Adoralle__Adoralle Alimentos Cream Cracker,0.5192493995030721,0.72,0.0,Adoralle__Adoralle Alimentos Laminados Doces Coco,0.5093863308429718,0.009863068660100338,['low_score'],,,,,,,,,,,,,,,,0
IMG_7294.HEIC,44,0.7363670468330383,936,1000,1336,1070,product_crops\product_0044_conf_0.74.jpg,__Unknown__,True,Adoralle__Adoralle Alimentos Laminados Doces Coco,0.6147670149803162,0.72,0.0,RANCHEIRO__RANCHEIRO WAFER RANCHEIRO MORANGO,0.6133577525615692,0.0014092624187469482,['low_score'],,,,,,,,,,,,,,,,0
IMG_7294.HEIC,45,0.7350276708602905,1132,3118,1373,3182,product_crops\product_0045_conf_0.74.jpg,__Unknown__,True,RANCHEIRO__RANCHEIRO COOKIES CHOCOLATE RANCHEIRO,0.7173196971416473,0.72,0.0,RANCHEIRO__RANCHEIRO COOKIES RANCHEIRO,0.6922177076339722,0.02510198950767517,['low_score'],,,,,,,,,,,,,,,,0
IMG_7294.HEIC,46,0.7183144688606262,403,2116,740,2197,product_crops\product_0046_conf_0.72.jpg,__Unknown__,True,Adoralle__Adoralle Alimentos Laminados Doces Maizena,0.6005277633666992,0.73,0.010000000000000009,RANCHEIRO__RANCHEIRO BISCOITO MARIA RANCHEIRO,0.5836907625198364,0.016837000846862793,['low_score'],1,"4,99",4.99,"5,49",5.49,,,"4,99 / 5,49",4.99 / 5.49,regular,False,image_single_palette,white,82.22682044199448,1,1
IMG_7294.HEIC,47,0.7180839776992798,458,3111,725,3200,product_crops\product_0047_conf_0.72.jpg,RANCHEIRO__RANCHEIRO COOKIES RANCHEIRO,False,RANCHEIRO__RANCHEIRO COOKIES RANCHEIRO,0.873124897480011,0.68,-0.039999999999999925,RANCHEIRO__RANCHEIRO COOKIES CHOCOLATE RANCHEIRO,0.8649067878723145,0.008218109607696533,[],,,,,,,,,,,,,,,,0
IMG_7294.HEIC,48,0.7096231579780579,71,2104,363,2177,product_crops\product_0048_conf_0.71.jpg,__Unknown__,True,RANCHEIRO__RANCHEIRO COOKIES RANCHEIRO,0.5780258377393087,0.68,-0.039999999999999925,RANCHEIRO__RANCHEIRO COOKIES CHOCOLATE RANCHEIRO,0.5737749934196472,0.004250844319661495,['low_score'],,,,,,,,,,,,,,,,0
IMG_7294.HEIC,49,0.7052302360534668,1768,3407,2012,3473,product_crops\product_0049_conf_0.71.jpg,__Unknown__,True,RANCHEIRO__RANCHEIRO COOKIES CHOCOLATE RANCHEIRO,0.6016974747180939,0.72,0.0,RANCHEIRO__RANCHEIRO COOKIES RANCHEIRO,0.5948116779327393,0.006885796785354614,['low_score'],,,,,,,,,,,,,,,,0
IMG_7294.HEIC,50,0.7035405039787292,781,3268,1065,3347,product_crops\product_0050_conf_0.70.jpg,__Unknown__,True,RANCHEIRO__RANCHEIRO BISCOITO MARIA RANCHEIRO,0.6673222064971924,0.72,0.0,,,,['low_score'],,,,,,,,,,,,,,,,0
IMG_7294.HEIC,51,0.7022872567176819,1400,780,1751,889,product_crops\product_0051_conf_0.70.jpg,__Unknown__,True,RANCHEIRO__RANCHEIRO ROSQUINHA RECHEADA DE MORANGO-CARAMELO RANCHEIRO,0.5733857154846191,0.68,-0.039999999999999925,RANCHEIRO__RANCHEIRO ROSQUINHA RECHEADA DE CHOCOLATE RANCHEIRO,0.570540577173233,0.0028451383113861084,['low_score'],,,,,,,,,,,,,,,,0
IMG_7294.HEIC,52,0.6961358785629272,415,1004,824,1082,product_crops\product_0052_conf_0.70.jpg,__Unknown__,True,RANCHEIRO__RANCHEIRO ROSQUINHA RECHEADA DE CHOCOLATE RANCHEIRO,0.5890684127807617,0.64,-0.07999999999999996,Adoralle__Adoralle Alimentos Laminados Doces Coco,0.5846273303031921,0.00444108247756958,['low_score'],,,,,,,,,,,,,,,,0
IMG_7294.HEIC,53,0.6907420754432678,451,2949,737,3039,product_crops\product_0053_conf_0.69.jpg,RANCHEIRO__RANCHEIRO COOKIES RANCHEIRO,False,RANCHEIRO__RANCHEIRO COOKIES RANCHEIRO,0.786776582400004,0.68,-0.039999999999999925,RANCHEIRO__RANCHEIRO COOKIES CHOCOLATE RANCHEIRO,0.7623636424541473,0.024412939945856693,[],,,,,,,,,,,,,,,,0
IMG_7294.HEIC,54,0.6870778799057007,494,3399,733,3460,product_crops\product_0054_conf_0.69.jpg,__Unknown__,True,Mabel__Mabel Recheado Mabel Sabor Chocolate,0.5804472963015238,0.72,0.0,Mabel__Mabel Amanteigado Mabel Sabor Chocolate,0.5652140974998474,0.015233198801676395,['low_score'],,,,,,,,,,,,,,,,0
IMG_7294.HEIC,55,0.6862883567810059,1125,3371,1370,3439,product_crops\product_0055_conf_0.69.jpg,RANCHEIRO__RANCHEIRO COOKIES RANCHEIRO,False,RANCHEIRO__RANCHEIRO COOKIES RANCHEIRO,0.6959202488263448,0.68,-0.039999999999999925,RANCHEIRO__RANCHEIRO COOKIES CHOCOLATE RANCHEIRO,0.6946299374103546,0.0012903114159902307,[],9,"2,59",2.59,"2,99",2.99,,,"2,59 / 2,99",2.59 / 2.99,regular,False,image_single_palette,white,275.26169366622736,9,1
IMG_7294.HEIC,56,0.6751499772071838,1782,2940,2088,3047,product_crops\product_0056_conf_0.68.jpg,RANCHEIRO__RANCHEIRO COOKIES RANCHEIRO,False,RANCHEIRO__RANCHEIRO COOKIES RANCHEIRO,0.8775846362113953,0.68,-0.039999999999999925,RANCHEIRO__RANCHEIRO COOKIES CHOCOLATE RANCHEIRO,0.8663890361785889,0.011195600032806396,[],,,,,,,,,,,,,,,,0
IMG_7294.HEIC,57,0.6701075434684753,2,1550,290,1627,product_crops\product_0057_conf_0.67.jpg,__Unknown__,True,RANCHEIRO__RANCHEIRO BISCOITO MARIA RANCHEIRO,0.5238275527954102,0.72,0.0,Adoralle__Adoralle Alimentos Laminados Doces Coco,0.514989823102951,0.008837729692459106,['low_score'],,,,,,,,,,,,,,,,0
IMG_7294.HEIC,58,0.6699382662773132,1785,2369,2115,2556,product_crops\product_0058_conf_0.67.jpg,__Unknown__,True,Mabel__Mabel Cookie Mabel Original com gotas de chocolate,0.5498310327529907,0.72,0.0,Mabel__Mabel Cookie Mabel Chocolate com gotas de chocolate,0.52911077439785,0.020720258355140686,['low_score'],,,,,,,,,,,,,,,,0
IMG_7294.HEIC,59,0.6680058836936951,1797,3122,2046,3225,product_crops\product_0059_conf_0.67.jpg,RANCHEIRO__RANCHEIRO COOKIES CHOCOLATE RANCHEIRO,False,RANCHEIRO__RANCHEIRO COOKIES CHOCOLATE RANCHEIRO,0.7859441240628561,0.72,0.0,RANCHEIRO__RANCHEIRO COOKIES RANCHEIRO,0.7716209888458252,0.01432313521703088,[],,,,,,,,,,,,,,,,0
IMG_7294.HEIC,60,0.6570947170257568,1277,1362,1670,1469,product_crops\product_0060_conf_0.66.jpg,__Unknown__,True,RANCHEIRO__RANCHEIRO BISCOITO MARIA RANCHEIRO,0.5582319378852845,0.72,0.0,,,,['low_score'],,,,,,,,,,,,,,,,0
IMG_7294.HEIC,61,0.6540879607200623,1476,2546,1712,2657,product_crops\product_0061_conf_0.65.jpg,__Unknown__,True,Adoralle__Adoralle Alimentos Cream Cracker,0.534691321849823,0.72,0.0,,,,['low_score'],,,,,,,,,,,,,,,,0
IMG_7294.HEIC,62,0.6422815322875977,130,2938,405,3030,product_crops\product_0062_conf_0.64.jpg,RANCHEIRO__RANCHEIRO COOKIES RANCHEIRO,False,RANCHEIRO__RANCHEIRO COOKIES RANCHEIRO,0.7262126803398132,0.68,-0.039999999999999925,RANCHEIRO__RANCHEIRO COOKIES CHOCOLATE RANCHEIRO,0.7087035179138184,0.017509162425994873,[],,,,,,,,,,,,,,,,0
IMG_7294.HEIC,63,0.6414925456047058,1838,2656,2083,2754,product_crops\product_0063_conf_0.64.jpg,__Unknown__,True,Adoralle__Adoralle Alimentos Cream Cracker,0.5218342542648315,0.72,0.0,Mabel__Mabel Cracker Agua e Sal,0.5152864456176758,0.006547808647155762,['low_score'],,,,,,,,,,,,,,,,0
IMG_7294.HEIC,64,0.6405673623085022,1440,3423,1684,3497,product_crops\product_0064_conf_0.64.jpg,RANCHEIRO__RANCHEIRO COOKIES RANCHEIRO,False,RANCHEIRO__RANCHEIRO COOKIES RANCHEIRO,0.8148199717203776,0.68,-0.039999999999999925,RANCHEIRO__RANCHEIRO COOKIES CHOCOLATE RANCHEIRO,0.8125558495521545,0.002264122168223026,[],,,,,,,,,,,,,,,,0
IMG_7294.HEIC,65,0.617516040802002,1410,1001,1739,1068,product_crops\product_0065_conf_0.62.jpg,__Unknown__,True,RANCHEIRO__RANCHEIRO ROSQUINHA RECHEADA DE CHOCOLATE RANCHEIRO,0.6175586581230164,0.64,-0.07999999999999996,Adoralle__Adoralle Alimentos Laminados Doces Coco,0.5825449228286743,0.03501373529434204,['low_score'],,,,,,,,,,,,,,,,0
IMG_7294.HEIC,66,0.6128956079483032,712,2423,948,2563,product_crops\product_0066_conf_0.61.jpg,__Unknown__,True,Mabel__Mabel Laminado Doce Mabel Maisena,0.4928044080734253,0.72,0.0,Mabel__Mabel Cracker Agua e Sal,0.4811913073062897,0.01161310076713562,['low_score'],,,,,,,,,,,,,,,,0
IMG_7294.HEIC,67,0.5761365294456482,1183,2038,1487,2105,product_crops\product_0067_conf_0.58.jpg,__Unknown__,True,RANCHEIRO__RANCHEIRO ROSQUINHA RECHEADA DE MORANGO-CARAMELO RANCHEIRO,0.5275209744771322,0.68,-0.039999999999999925,RANCHEIRO__RANCHEIRO BISCOITO MARIA RANCHEIRO,0.4988686144351959,0.028652360041936276,['low_score'],,,,,,,,,,,,,,,,0
IMG_7294.HEIC,68,0.5601196885108948,0,2320,260,2447,product_crops\product_0068_conf_0.56.jpg,__Unknown__,True,RANCHEIRO__RANCHEIRO ROSQUINHA DE CHOCOLATE RANCHEIRO,0.44787241518497467,0.62,-0.09999999999999998,RANCHEIRO__RANCHEIRO ROSQUINHA RECHEADA DE MORANGO-CARAMELO RANCHEIRO,0.44583480060100555,0.002037614583969116,['low_score'],,,,,,,,,,,,,,,,0
IMG_7294.HEIC,69,0.5594644546508789,0,2447,241,2556,product_crops\product_0069_conf_0.56.jpg,__Unknown__,True,RANCHEIRO__RANCHEIRO ROSQUINHA RECHEADA DE MORANGO-CARAMELO RANCHEIRO,0.5396413803100586,0.68,-0.039999999999999925,RANCHEIRO__RANCHEIRO COOKIES CHOCOLATE RANCHEIRO,0.5345520675182343,0.005089312791824341,['low_score'],,,,,,,,,,,,,,,,0
IMG_7294.HEIC,70,0.536302924156189,2,2557,246,2661,product_crops\product_0070_conf_0.54.jpg,__Unknown__,True,RANCHEIRO__RANCHEIRO COOKIES CHOCOLATE RANCHEIRO,0.6187505125999451,0.72,0.0,RANCHEIRO__RANCHEIRO COOKIES RANCHEIRO,0.5935089141130447,0.02524159848690033,['low_score'],,,,,,,,,,,,,,,,0
IMG_7294.HEIC,71,0.5360704660415649,1129,3180,1379,3231,product_crops\product_0071_conf_0.54.jpg,__Unknown__,True,RANCHEIRO__RANCHEIRO BISCOITO MARIA RANCHEIRO,0.5611080527305603,0.72,0.0,RANCHEIRO__RANCHEIRO WAFER RANCHEIRO MORANGO,0.528491735458374,0.03261631727218628,['low_score'],,,,,,,,,,,,,,,,0
IMG_7294.HEIC,72,0.5358078479766846,155,3397,432,3463,product_crops\product_0072_conf_0.54.jpg,__Unknown__,True,RANCHEIRO__RANCHEIRO COOKIES RANCHEIRO,0.6679576396942138,0.68,-0.039999999999999925,,,,['low_score'],,,,,,,,,,,,,,,,0
IMG_7294.HEIC,73,0.5319687724113464,1768,3355,2018,3411,product_crops\product_0073_conf_0.53.jpg,RANCHEIRO__RANCHEIRO ROSQUINHA DE CHOCOLATE RANCHEIRO,False,RANCHEIRO__RANCHEIRO ROSQUINHA DE CHOCOLATE RANCHEIRO,0.6570718288421631,0.62,-0.09999999999999998,RANCHEIRO__RANCHEIRO COOKIES CHOCOLATE RANCHEIRO,0.6176062623659769,0.039465566476186154,[],,,,,,,,,,,,,,,,0
IMG_7294.HEIC,74,0.5319662690162659,459,3042,728,3112,product_crops\product_0074_conf_0.53.jpg,RANCHEIRO__RANCHEIRO COOKIES RANCHEIRO,False,RANCHEIRO__RANCHEIRO COOKIES RANCHEIRO,0.761140783627828,0.68,-0.039999999999999925,RANCHEIRO__RANCHEIRO COOKIES CHOCOLATE RANCHEIRO,0.7511550188064575,0.00998576482137048,[],,,,,,,,,,,,,,,,0
IMG_7294.HEIC,75,0.5267364978790283,1763,3271,2035,3357,product_crops\product_0075_conf_0.53.jpg,RANCHEIRO__RANCHEIRO COOKIES CHOCOLATE RANCHEIRO,False,RANCHEIRO__RANCHEIRO COOKIES CHOCOLATE RANCHEIRO,0.8437690734863281,0.72,0.0,RANCHEIRO__RANCHEIRO COOKIES RANCHEIRO,0.8300476670265198,0.01372140645980835,[],,,,,,,,,,,,,,,,0
IMG_7294.HEIC,76,0.5261763334274292,159,3334,436,3397,product_crops\product_0076_conf_0.53.jpg,__Unknown__,True,RANCHEIRO__RANCHEIRO ROSQUINHA RECHEADA DE MORANGO-CARAMELO RANCHEIRO,0.5967767238616943,0.68,-0.039999999999999925,RANCHEIRO__RANCHEIRO COOKIES CHOCOLATE RANCHEIRO,0.5423564314842224,0.054420292377471924,['low_score'],,,,,,,,,,,,,,,,0
IMG_7294.HEIC,77,0.5206570029258728,1117,3279,1378,3368,product_crops\product_0077_conf_0.52.jpg,RANCHEIRO__RANCHEIRO COOKIES RANCHEIRO,False,RANCHEIRO__RANCHEIRO COOKIES RANCHEIRO,0.7190471887588501,0.68,-0.039999999999999925,RANCHEIRO__RANCHEIRO COOKIES CHOCOLATE RANCHEIRO,0.699165940284729,0.019881248474121094,[],,,,,,,,,,,,,,,,0
IMG_7294.HEIC,78,0.4789792001247406,1799,1006,2139,1071,product_crops\product_0078_conf_0.48.jpg,__Unknown__,True,RANCHEIRO__RANCHEIRO ROSQUINHA RECHEADA DE CHOCOLATE RANCHEIRO,0.5982461869716644,0.64,-0.07999999999999996,Adoralle__Adoralle Alimentos Laminados Doces Coco,0.5911856492360433,0.007060537735621097,['low_score'],,,,,,,,,,,,,,,,0
IMG_7294.HEIC,79,0.4780880808830261,804,3423,1049,3507,product_crops\product_0079_conf_0.48.jpg,RANCHEIRO__RANCHEIRO COOKIES CHOCOLATE RANCHEIRO,False,RANCHEIRO__RANCHEIRO COOKIES CHOCOLATE RANCHEIRO,0.8635671734809875,0.72,0.0,RANCHEIRO__RANCHEIRO COOKIES RANCHEIRO,0.853465348482132,0.01010182499885559,[],,,,,,,,,,,,,,,,0
IMG_7294.HEIC,80,0.4743089973926544,2,994,301,1089,product_crops\product_0080_conf_0.47.jpg,__Unknown__,True,RANCHEIRO__RANCHEIRO BISCOITO MARIA RANCHEIRO,0.5414007425308227,0.72,0.0,,,,['low_score'],,,,,,,,,,,,,,,,0
IMG_7294.HEIC,81,0.4725083112716675,139,3036,397,3112,product_crops\product_0081_conf_0.47.jpg,RANCHEIRO__RANCHEIRO COOKIES CHOCOLATE RANCHEIRO,False,RANCHEIRO__RANCHEIRO COOKIES CHOCOLATE RANCHEIRO,0.8926718235015869,0.72,0.0,RANCHEIRO__RANCHEIRO COOKIES RANCHEIRO,0.8836707770824432,0.009001046419143677,[],,,,,,,,,,,,,,,,0
IMG_7294.HEIC,82,0.4669741690158844,795,3089,1042,3169,product_crops\product_0082_conf_0.47.jpg,RANCHEIRO__RANCHEIRO COOKIES CHOCOLATE RANCHEIRO,False,RANCHEIRO__RANCHEIRO COOKIES CHOCOLATE RANCHEIRO,0.8189598321914673,0.72,0.0,RANCHEIRO__RANCHEIRO COOKIES RANCHEIRO,0.8077304164568583,0.011229415734609005,[],,,,,,,,,,,,,,,,0
IMG_7294.HEIC,83,0.4607851207256317,1457,2656,1707,2766,product_crops\product_0083_conf_0.46.jpg,__Unknown__,True,Mabel__Mabel Rosquinha Mabel Sabor Chocolate,0.49657121300697327,0.69,-0.030000000000000027,Mabel__Mabel Cookie Mabel Chocolate com gotas de chocolate,0.4873747229576111,0.009196490049362183,['low_score'],,,,,,,,,,,,,,,,0
IMG_7294.HEIC,84,0.4600647985935211,146,3464,451,3534,product_crops\product_0084_conf_0.46.jpg,__Unknown__,True,RANCHEIRO__RANCHEIRO BISCOITO MARIA RANCHEIRO,0.5572781562805176,0.72,0.0,RANCHEIRO__RANCHEIRO WAFER RANCHEIRO MORANGO,0.5238181352615356,0.033460021018981934,['low_score'],,,,,,,,,,,,,,,,0
IMG_7294.HEIC,85,0.40744784474372864,798,3349,1051,3427,product_crops\product_0085_conf_0.41.jpg,RANCHEIRO__RANCHEIRO COOKIES CHOCOLATE RANCHEIRO,False,RANCHEIRO__RANCHEIRO COOKIES CHOCOLATE RANCHEIRO,0.7931404560804367,0.72,0.0,RANCHEIRO__RANCHEIRO COOKIES RANCHEIRO,0.7908380627632141,0.002302393317222595,[],,,,,,,,,,,,,,,,0
IMG_7294.HEIC,86,0.40563827753067017,326,2627,561,2753,product_crops\product_0086_conf_0.41.jpg,__Unknown__,True,RANCHEIRO__RANCHEIRO COOKIES CHOCOLATE RANCHEIRO,0.5734937787055969,0.72,0.0,Mabel__Mabel Cookie Mabel Chocolate com gotas de chocolate,0.5241578817367554,0.04933589696884155,['low_score'],,,,,,,,,,,,,,,,0
IMG_7294.HEIC,87,0.3917260468006134,1638,1937,1733,2177,product_crops\product_0087_conf_0.39.jpg,__Unknown__,True,RANCHEIRO__RANCHEIRO ROSQUINHA DE COCO RANCHEIRO,0.5372012853622437,0.72,0.0,RANCHEIRO__RANCHEIRO ROSQUINHA DE CHOCOLATE RANCHEIRO,0.5267840921878815,0.010417193174362183,['low_score'],5,"2,29",2.29,"2,39",2.39,,,"2,29 / 2,39",2.29 / 2.39,regular,False,image_single_palette,white,191.3720198984167,5,1
IMG_7294.HEIC,88,0.38252735137939453,488,3461,750,3526,product_crops\product_0088_conf_0.38.jpg,__Unknown__,True,RANCHEIRO__RANCHEIRO BISCOITO MARIA RANCHEIRO,0.5518662929534912,0.72,0.0,RANCHEIRO__RANCHEIRO ROSQUINHA DE CHOCOLATE RANCHEIRO,0.5292067527770996,0.0226595401763916,['low_score'],,,,,,,,,,,,,,,,0
IMG_7294.HEIC,89,0.3551461696624756,141,3253,444,3333,product_crops\product_0089_conf_0.36.jpg,__Unknown__,True,Adoralle__Adoralle Alimentos Laminados Doces Coco,0.7125586072603861,0.72,0.0,RANCHEIRO__RANCHEIRO COOKIES CHOCOLATE RANCHEIRO,0.6974388957023621,0.015119711558024052,['low_score'],,,,,,,,,,,,,,,,0
IMG_7294.HEIC,90,0.35341399908065796,1276,1575,1613,1668,product_crops\product_0090_conf_0.35.jpg,__Unknown__,True,RANCHEIRO__RANCHEIRO WAFER RANCHEIRO MORANGO,0.5537512004375458,0.72,0.0,RANCHEIRO__RANCHEIRO ROSQUINHA RECHEADA DE MORANGO-CARAMELO RANCHEIRO,0.5533398985862732,0.000411301851272583,['low_score'],0,"4,99",4.99,"5,49",5.49,,,"4,99 / 5,49",4.99 / 5.49,regular,False,image_single_palette,white,177.15882704511228,0,1
IMG_7294.HEIC,91,0.3525589406490326,2136,1441,2266,1563,product_crops\product_0091_conf_0.35.jpg,__Unknown__,True,RANCHEIRO__RANCHEIRO ROSQUINHA RECHEADA DE MORANGO-CARAMELO RANCHEIRO,0.5249491333961487,0.68,-0.039999999999999925,RANCHEIRO__RANCHEIRO BISCOITO MARIA RANCHEIRO,0.5182962417602539,0.006652891635894775,['low_score'],,,,,,,,,,,,,,,,0
IMG_7294.HEIC,92,0.3210667669773102,1763,3474,2012,3522,product_crops\product_0092_conf_0.32.jpg,__Unknown__,True,RANCHEIRO__RANCHEIRO ROSQUINHA DE CHOCOLATE RANCHEIRO,0.5054865479469299,0.62,-0.09999999999999998,RANCHEIRO__RANCHEIRO BISCOITO MARIA RANCHEIRO,0.46996429562568665,0.035522252321243286,['low_score'],,,,,,,,,,,,,,,,0
IMG_7294.HEIC,93,0.3174029290676117,516,1807,812,1876,product_crops\product_0093_conf_0.32.jpg,__Unknown__,True,RANCHEIRO__RANCHEIRO BISCOITO MARIA RANCHEIRO,0.46932464838027954,0.72,0.0,RANCHEIRO__RANCHEIRO ROSQUINHA RECHEADA DE MORANGO-CARAMELO RANCHEIRO,0.4567362666130066,0.01258838176727295,['low_score'],,,,,,,,,,,,,,,,0
IMG_7294.HEIC,94,0.3020502030849457,2,3244,134,3534,product_crops\product_0094_conf_0.30.jpg,__Unknown__,True,Mabel__Mabel Rosquinha Mabel Sabor Banana e Canela,0.577370285987854,0.72,0.0,RANCHEIRO__RANCHEIRO COOKIES RANCHEIRO,0.5753101706504822,0.002060115337371826,['low_score'],,,,,,,,,,,,,,,,0
IMG_7294.HEIC,95,0.3019790053367615,797,2881,1062,2944,product_crops\product_0095_conf_0.30.jpg,__Unknown__,True,RANCHEIRO__RANCHEIRO BISCOITO MARIA RANCHEIRO,0.5759643316268921,0.72,0.0,RANCHEIRO__RANCHEIRO WAFER RANCHEIRO LIMAO,0.5485540330410004,0.027410298585891724,['low_score'],,,,,,,,,,,,,,,,0
IMG_7294.HEIC,96,0.2919480800628662,1756,2115,2106,2205,product_crops\product_0096_conf_0.29.jpg,__Unknown__,True,RANCHEIRO__RANCHEIRO CREAM CRACKER RANCHEIRO,0.47220860918362934,0.81,0.09000000000000008,RANCHEIRO__RANCHEIRO BISCOITO MAIZENA RANCHEIRO,0.46921592950820923,0.002992679675420107,['low_score'],8,,,,,,,,,regular,False,image_single_palette,white,96.50129532809392,8,1
IMG_7294.HEIC,97,0.2859496474266052,1120,3439,1375,3501,product_crops\product_0097_conf_0.29.jpg,__Unknown__,True,RANCHEIRO__RANCHEIRO COOKIES CHOCOLATE RANCHEIRO,0.6440720558166504,0.72,0.0,Mabel__Mabel Recheado Mabel Sabor Chocolate,0.6353066563606262,0.00876539945602417,['low_score'],,,,,,,,,,,,,,,,0
IMG_7294.HEIC,98,0.26071467995643616,3,3406,133,3474,product_crops\product_0098_conf_0.26.jpg,__Unknown__,True,RANCHEIRO__RANCHEIRO BISCOITO MARIA RANCHEIRO,0.5153482556343079,0.72,0.0,RANCHEIRO__RANCHEIRO ROSQUINHA DE COCO RANCHEIRO,0.4928975502649943,0.02245070536931354,['low_score'],,,,,,,,,,,,,,,,0
IMG_7294.HEIC,99,0.25446969270706177,319,2420,624,2620,product_crops\product_0099_conf_0.25.jpg,__Unknown__,True,RANCHEIRO__RANCHEIRO COOKIES CHOCOLATE RANCHEIRO,0.5809319615364075,0.72,0.0,RANCHEIRO__RANCHEIRO ROSQUINHA DE CHOCOLATE RANCHEIRO,0.5446678996086121,0.03626406192779541,['low_score'],,,,,,,,,,,,,,,,0
IMG_7295.HEIC,0,0.8595483899116516,856,1313,1199,1604,product_crops\product_0000_conf_0.86.jpg,RANCHEIRO__RANCHEIRO WAFER RANCHEIRO CHOCOLATE,False,RANCHEIRO__RANCHEIRO WAFER RANCHEIRO CHOCOLATE,0.887849760055542,0.71,-0.010000000000000009,,,,[],,,,,,,,,,,,,,,,0
IMG_7295.HEIC,1,0.8479979038238525,1557,2491,1878,2643,product_crops\product_0001_conf_0.85.jpg,RANCHEIRO__RANCHEIRO WAFER RANCHEIRO LIMAO,False,RANCHEIRO__RANCHEIRO WAFER RANCHEIRO LIMAO,0.7873351573944092,0.72,0.0,,,,[],,,,,,,,,,,,,,,,0
IMG_7295.HEIC,2,0.8279670476913452,1534,3295,1836,3503,product_crops\product_0002_conf_0.83.jpg,__Unknown__,True,Adoralle__Adoralle Alimentos Laminados Doces Leite,0.5579441785812378,0.72,0.0,RANCHEIRO__RANCHEIRO BISCOITO MARIA RANCHEIRO,0.5227166712284088,0.03522750735282898,['low_score'],,,,,,,,,,,,,,,,0
IMG_7295.HEIC,3,0.8100523352622986,590,2372,865,2520,product_crops\product_0003_conf_0.81.jpg,RANCHEIRO__RANCHEIRO WAFER RANCHEIRO CHOCOLATE,False,RANCHEIRO__RANCHEIRO WAFER RANCHEIRO CHOCOLATE,0.8335819602012634,0.71,-0.010000000000000009,,,,[],,,,,,,,,,,,,,,,0
IMG_7295.HEIC,4,0.8093162178993225,195,2900,466,3041,product_crops\product_0004_conf_0.81.jpg,__Unknown__,True,RANCHEIRO__RANCHEIRO WAFER RANCHEIRO CHOCOLATE,0.5504354238510132,0.71,-0.010000000000000009,Adoralle__Adoralle Alimentos Laminados Doces Leite,0.5367392301559448,0.01369619369506836,['low_score'],,,,,,,,,,,,,,,,0
IMG_7295.HEIC,5,0.8079386353492737,1537,1859,1794,2016,product_crops\product_0005_conf_0.81.jpg,RANCHEIRO__RANCHEIRO WAFER RANCHEIRO LIMAO,False,RANCHEIRO__RANCHEIRO WAFER RANCHEIRO LIMAO,0.7221609592437744,0.72,0.0,,,,[],,,,,,,,,,,,,,,,0
IMG_7295.HEIC,6,0.7962616086006165,135,697,450,886,product_crops\product_0006_conf_0.80.jpg,RANCHEIRO__RANCHEIRO WAFER RANCHEIRO MORANGO,False,RANCHEIRO__RANCHEIRO WAFER RANCHEIRO MORANGO,0.888553524017334,0.72,0.0,,,,[],,,,,,,,,,,,,,,,0
IMG_7295.HEIC,7,0.7923811674118042,248,1874,523,2030,product_crops\product_0007_conf_0.79.jpg,RANCHEIRO__RANCHEIRO WAFER RANCHEIRO MORANGO,False,RANCHEIRO__RANCHEIRO WAFER RANCHEIRO MORANGO,0.793180525302887,0.72,0.0,RANCHEIRO__RANCHEIRO WAFER RANCHEIRO LIMAO,0.7697679996490479,0.02341252565383911,[],,,,,,,,,,,,,,,,0
IMG_7295.HEIC,8,0.7916377782821655,497,3304,795,3512,product_crops\product_0008_conf_0.79.jpg,__Unknown__,True,RANCHEIRO__RANCHEIRO WAFER RANCHEIRO LIMAO,0.40980803966522217,0.72,0.0,Mabel__Mabel Cracker Agua e Sal,0.39872556924819946,0.011082470417022705,['low_score'],,,,,,,,,,,,,,,,0
IMG_7295.HEIC,9,0.7866355776786804,1200,1796,1504,1948,product_crops\product_0009_conf_0.79.jpg,RANCHEIRO__RANCHEIRO WAFER RANCHEIRO LIMAO,False,RANCHEIRO__RANCHEIRO WAFER RANCHEIRO LIMAO,0.7729043126106262,0.72,0.0,,,,[],,,,,,,,,,,,,,,,0
IMG_7295.HEIC,10,0.7841843962669373,1553,2646,1864,2756,product_crops\product_0010_conf_0.78.jpg,RANCHEIRO__RANCHEIRO WAFER RANCHEIRO LIMAO,False,RANCHEIRO__RANCHEIRO WAFER RANCHEIRO LIMAO,0.7835734844207763,0.72,0.0,,,,[],,,,,,,,,,,,,,,,0
IMG_7295.HEIC,11,0.77315753698349,244,2041,523,2159,product_crops\product_0011_conf_0.77.jpg,__Unknown__,True,RANCHEIRO__RANCHEIRO WAFER RANCHEIRO MORANGO,0.6801099658012391,0.72,0.0,,,,['low_score'],,,,,,,,,,,,,,,,0
IMG_7295.HEIC,12,0.763506293296814,1198,1948,1523,2115,product_crops\product_0012_conf_0.76.jpg,__Unknown__,True,RANCHEIRO__RANCHEIRO WAFER RANCHEIRO LIMAO,0.5414528995752335,0.72,0.0,RANCHEIRO__RANCHEIRO ROSQ RECHEADA RANCHEIRO CHOC-COCO,0.5077729821205139,0.03367991745471954,['low_score'],,,,,,,,,,,,,,,,0
IMG_7295.HEIC,13,0.7594645023345947,139,3329,470,3533,product_crops\product_0013_conf_0.76.jpg,__Unknown__,True,Adoralle__Adoralle Alimentos Laminados Doces Leite,0.5496839880943298,0.72,0.0,RANCHEIRO__RANCHEIRO BISCOITO MARIA RANCHEIRO,0.5371755361557007,0.01250845193862915,['low_score'],,,,,,,,,,,,,,,,0
IMG_7295.HEIC,14,0.7558178305625916,232,2436,525,2598,product_crops\product_0014_conf_0.76.jpg,RANCHEIRO__RANCHEIRO WAFER RANCHEIRO MORANGO,False,RANCHEIRO__RANCHEIRO WAFER RANCHEIRO MORANGO,0.8764646172523498,0.72,0.0,,,,[],,,,,,,,,,,,,,,,0
IMG_7295.HEIC,15,0.7483465671539307,1213,1312,1562,1607,product_crops\product_0015_conf_0.75.jpg,RANCHEIRO__RANCHEIRO WAFER RANCHEIRO LIMAO,False,RANCHEIRO__RANCHEIRO WAFER RANCHEIRO LIMAO,0.7959941148757934,0.72,0.0,,,,[],,,,,,,,,,,,,,,,0
IMG_7295.HEIC,16,0.7435013055801392,848,3326,1165,3535,product_crops\product_0016_conf_0.74.jpg,__Unknown__,True,Adoralle__Adoralle Alimentos Laminados Doces Leite,0.5583150386810303,0.72,0.0,RANCHEIRO__RANCHEIRO WAFER RANCHEIRO LIMAO,0.5430020689964294,0.01531296968460083,['low_score'],,,,,,,,,,,,,,,,0
IMG_7295.HEIC,17,0.7363631725311279,870,2045,1158,2167,product_crops\product_0017_conf_0.74.jpg,__Unknown__,True,RANCHEIRO__RANCHEIRO WAFER RANCHEIRO MORANGO,0.7174257834752401,0.72,0.0,RANCHEIRO__RANCHEIRO WAFER RANCHEIRO CHOCOLATE,0.6944705247879028,0.022955258687337277,['low_score'],,,,,,,,,,,,,,,,0
IMG_7295.HEIC,18,0.7253511548042297,165,1310,473,1481,product_crops\product_0018_conf_0.73.jpg,RANCHEIRO__RANCHEIRO WAFER RANCHEIRO MORANGO,False,RANCHEIRO__RANCHEIRO WAFER RANCHEIRO MORANGO,0.8887423038482666,0.72,0.0,,,,[],,,,,,,,,,,,,,,,0
IMG_7295.HEIC,19,0.7248917818069458,1220,2556,1513,2737,product_crops\product_0019_conf_0.72.jpg,RANCHEIRO__RANCHEIRO WAFER RANCHEIRO MORANGO,False,RANCHEIRO__RANCHEIRO WAFER RANCHEIRO MORANGO,0.731669545173645,0.72,0.0,RANCHEIRO__RANCHEIRO WAFER RANCHEIRO LIMAO,0.708563506603241,0.023106038570404053,[],0,"1,95",1.95,"2,09",2.09,,,"1,95 / 2,09",1.95 / 2.09,regular,False,image_single_palette,white,161.90274858692177,0,1
IMG_7295.HEIC,20,0.7247970104217529,511,1311,848,1603,product_crops\product_0020_conf_0.72.jpg,RANCHEIRO__RANCHEIRO WAFER RANCHEIRO CHOCOLATE,False,RANCHEIRO__RANCHEIRO WAFER RANCHEIRO CHOCOLATE,0.8956686019897461,0.71,-0.010000000000000009,,,,[],3,"2,29",2.29,"2,49",2.49,,,"2,29 / 2,49",2.29 / 2.49,regular,False,image_single_palette,white,251.9667636812443,3,1
IMG_7295.HEIC,21,0.7029270529747009,1184,3074,1517,3301,product_crops\product_0021_conf_0.70.jpg,__Unknown__,True,RANCHEIRO__RANCHEIRO WAFER RANCHEIRO MORANGO,0.6113096475601196,0.72,0.0,RANCHEIRO__RANCHEIRO BISCOITO MAIZENA RANCHEIRO,0.6111477315425873,0.00016191601753234863,['low_score'],,,,,,,,,,,,,,,,0
IMG_7295.HEIC,22,0.7020062208175659,178,1480,483,1596,product_crops\product_0022_conf_0.70.jpg,RANCHEIRO__RANCHEIRO WAFER RANCHEIRO MORANGO,False,RANCHEIRO__RANCHEIRO WAFER RANCHEIRO MORANGO,0.7480893135070801,0.72,0.0,,,,[],4,"2,29",2.29,"2,49",2.49,,,"2,29 / 2,49",2.29 / 2.49,regular,False,image_single_palette,white,138.87134333619733,4,1
IMG_7295.HEIC,23,0.6931201219558716,830,690,1176,1002,product_crops\product_0023_conf_0.69.jpg,RANCHEIRO__RANCHEIRO WAFER RANCHEIRO CHOCOLATE,False,RANCHEIRO__RANCHEIRO WAFER RANCHEIRO CHOCOLATE,0.8680356502532959,0.71,-0.010000000000000009,,,,[],,,,,,,,,,,,,,,,0
IMG_7295.HEIC,24,0.6879101395606995,144,885,452,1009,product_crops\product_0024_conf_0.69.jpg,RANCHEIRO__RANCHEIRO WAFER RANCHEIRO MORANGO,False,RANCHEIRO__RANCHEIRO WAFER RANCHEIRO MORANGO,0.8039336681365967,0.72,0.0,,,,[],,,,,,,,,,,,,,,,0
IMG_7295.HEIC,25,0.6871079802513123,561,1877,852,2033,product_crops\product_0025_conf_0.69.jpg,RANCHEIRO__RANCHEIRO WAFER RANCHEIRO CHOCOLATE,False,RANCHEIRO__RANCHEIRO WAFER RANCHEIRO CHOCOLATE,0.8694926977157593,0.71,-0.010000000000000009,,,,[],,,,,,,,,,,,,,,,0
IMG_7295.HEIC,26,0.6713731288909912,487,691,821,1004,product_crops\product_0026_conf_0.67.jpg,RANCHEIRO__RANCHEIRO WAFER RANCHEIRO CHOCOLATE,False,RANCHEIRO__RANCHEIRO WAFER RANCHEIRO CHOCOLATE,0.850056779384613,0.71,-0.010000000000000009,,,,[],,,,,,,,,,,,,,,,0
IMG_7295.HEIC,27,0.6457515358924866,1189,700,1507,892,product_crops\product_0027_conf_0.65.jpg,RANCHEIRO__RANCHEIRO WAFER RANCHEIRO LIMAO,False,RANCHEIRO__RANCHEIRO WAFER RANCHEIRO LIMAO,0.8081177949905396,0.72,0.0,,,,[],,,,,,,,,,,,,,,,0
IMG_7295.HEIC,28,0.6406839489936829,864,1883,1178,2044,product_crops\product_0028_conf_0.64.jpg,RANCHEIRO__RANCHEIRO WAFER RANCHEIRO CHOCOLATE,False,RANCHEIRO__RANCHEIRO WAFER RANCHEIRO CHOCOLATE,0.7959221720695495,0.71,-0.010000000000000009,,,,[],,,,,,,,,,,,,,,,0
IMG_7295.HEIC,29,0.6328954696655273,879,2475,1185,2639,product_crops\product_0029_conf_0.63.jpg,RANCHEIRO__RANCHEIRO WAFER RANCHEIRO CHOCOLATE,False,RANCHEIRO__RANCHEIRO WAFER RANCHEIRO CHOCOLATE,0.7946389317512512,0.71,-0.010000000000000009,,,,[],,,,,,,,,,,,,,,,0
IMG_7295.HEIC,30,0.6321083903312683,1537,703,1859,891,product_crops\product_0030_conf_0.63.jpg,RANCHEIRO__RANCHEIRO WAFER RANCHEIRO LIMAO,False,RANCHEIRO__RANCHEIRO WAFER RANCHEIRO LIMAO,0.8389649033546448,0.72,0.0,,,,[],,,,,,,,,,,,,,,,0
IMG_7295.HEIC,31,0.6181358098983765,1883,693,2220,1056,product_crops\product_0031_conf_0.62.jpg,RANCHEIRO__RANCHEIRO WAFER RANCHEIRO BAUNILHA,False,RANCHEIRO__RANCHEIRO WAFER RANCHEIRO BAUNILHA,0.8953842282295227,0.7,-0.020000000000000018,,,,[],,,,,,,,,,,,,,,,0
IMG_7295.HEIC,32,0.607704758644104,847,3076,1167,3324,product_crops\product_0032_conf_0.61.jpg,__Unknown__,True,RANCHEIRO__RANCHEIRO WAFER RANCHEIRO LIMAO,0.557794725894928,0.72,0.0,,,,['low_score'],,,,,,,,,,,,,,,,0
IMG_7295.HEIC,33,0.6055635809898376,243,2600,524,2756,product_crops\product_0033_conf_0.61.jpg,__Unknown__,True,RANCHEIRO__RANCHEIRO WAFER RANCHEIRO MORANGO,0.6840525388717651,0.72,0.0,,,,['low_score'],,,,,,,,,,,,,,,,0
IMG_7295.HEIC,34,0.6053688526153564,1981,1321,2227,1481,product_crops\product_0034_conf_0.61.jpg,__Unknown__,True,RANCHEIRO__RANCHEIRO WAFER RANCHEIRO BAUNILHA,0.6541318655014038,0.7,-0.020000000000000018,,,,['low_score'],,,,,,,,,,,,,,,,0
IMG_7295.HEIC,35,0.6022555232048035,881,2638,1184,2753,product_crops\product_0035_conf_0.60.jpg,RANCHEIRO__RANCHEIRO WAFER RANCHEIRO CHOCOLATE,False,RANCHEIRO__RANCHEIRO WAFER RANCHEIRO CHOCOLATE,0.8306841999292374,0.71,-0.010000000000000009,RANCHEIRO__RANCHEIRO WAFER RANCHEIRO MORANGO,0.8140522837638855,0.016631916165351868,[],,,,,,,,,,,,,,,,0
IMG_7295.HEIC,36,0.6008133888244629,128,3045,436,3269,product_crops\product_0036_conf_0.60.jpg,__Unknown__,True,RANCHEIRO__RANCHEIRO ROSQ RECHEADA RANCHEIRO CHOC-COCO,0.5434528589248657,0.71,-0.010000000000000009,RANCHEIRO__RANCHEIRO WAFER RANCHEIRO CHOCOLATE,0.535514622926712,0.007938235998153687,['low_score'],,,,,,,,,,,,,,,,0
IMG_7295.HEIC,37,0.5974280834197998,2,908,131,1050,product_crops\product_0037_conf_0.60.jpg,__Unknown__,True,RANCHEIRO__RANCHEIRO ROSQUINHA DE COCO RANCHEIRO,0.39606690406799316,0.72,0.0,RANCHEIRO__RANCHEIRO WAFER RANCHEIRO CHOCOLATE,0.3660261332988739,0.030040770769119263,['low_score'],,,,,,,,,,,,,,,,0
IMG_7295.HEIC,38,0.5966879725456238,1221,2287,1501,2546,product_crops\product_0038_conf_0.60.jpg,RANCHEIRO__RANCHEIRO WAFER RANCHEIRO LIMAO,False,RANCHEIRO__RANCHEIRO WAFER RANCHEIRO LIMAO,0.8039779901504517,0.72,0.0,,,,[],,,,,,,,,,,,,,,,0
IMG_7295.HEIC,39,0.5915675163269043,249,2288,577,2427,product_crops\product_0039_conf_0.59.jpg,__Unknown__,True,RANCHEIRO__RANCHEIRO ROSQUINHA RECHEADA DE CHOCOLATE RANCHEIRO,0.49413102865219116,0.64,-0.07999999999999996,RANCHEIRO__RANCHEIRO WAFER RANCHEIRO CHOCOLATE,0.4700891077518463,0.02404192090034485,['low_score'],,,,,,,,,,,,,,,,0
IMG_7295.HEIC,40,0.5796852707862854,1545,2023,1800,2151,product_crops\product_0040_conf_0.58.jpg,RANCHEIRO__RANCHEIRO WAFER RANCHEIRO MORANGO,False,RANCHEIRO__RANCHEIRO WAFER RANCHEIRO MORANGO,0.770418643951416,0.72,0.0,RANCHEIRO__RANCHEIRO WAFER RANCHEIRO LIMAO,0.7514546811580658,0.01896396279335022,[],,,,,,,,,,,,,,,,0
IMG_7295.HEIC,41,0.5503418445587158,544,2039,853,2165,product_crops\product_0041_conf_0.55.jpg,__Unknown__,True,RANCHEIRO__RANCHEIRO WAFER RANCHEIRO CHOCOLATE,0.6049151023228964,0.71,-0.010000000000000009,RANCHEIRO__RANCHEIRO WAFER RANCHEIRO MORANGO,0.5878250598907471,0.01709004243214929,['low_score'],,,,,,,,,,,,,,,,0
IMG_7295.HEIC,42,0.5359874963760376,1196,3305,1489,3414,product_crops\product_0042_conf_0.54.jpg,__Unknown__,True,Adoralle__Adoralle Alimentos Laminados Doces Leite,0.6301888227462769,0.72,0.0,RANCHEIRO__RANCHEIRO WAFER RANCHEIRO LIMAO,0.5914086699485779,0.038780152797698975,['low_score'],,,,,,,,,,,,,,,,0
IMG_7295.HEIC,43,0.5346871018409729,1613,1306,1902,1487,product_crops\product_0043_conf_0.53.jpg,RANCHEIRO__RANCHEIRO WAFER RANCHEIRO LIMAO,False,RANCHEIRO__RANCHEIRO WAFER RANCHEIRO LIMAO,0.7823956251144409,0.72,0.0,,,,[],,,,,,,,,,,,,,,,0
IMG_7295.HEIC,44,0.5111473202705383,1608,1486,1916,1603,product_crops\product_0044_conf_0.51.jpg,RANCHEIRO__RANCHEIRO WAFER RANCHEIRO LIMAO,False,RANCHEIRO__RANCHEIRO WAFER RANCHEIRO LIMAO,0.740347170829773,0.72,0.0,,,,[],2,"2,29",2.29,"2,49",2.49,,,"2,29 / 2,49",2.29 / 2.49,regular,False,image_single_palette,white,198.90952717253137,2,1
IMG_7295.HEIC,45,0.5111427903175354,2,2649,202,2811,product_crops\product_0045_conf_0.51.jpg,__Unknown__,True,RANCHEIRO__RANCHEIRO ROSQUINHA DE CHOCOLATE RANCHEIRO,0.5170315504074097,0.62,-0.09999999999999998,RANCHEIRO__RANCHEIRO CREAM CRACKER RANCHEIRO,0.49909429748853046,0.01793725291887921,['low_score'],,,,,,,,,,,,,,,,0
IMG_7295.HEIC,46,0.46979570388793945,485,2896,819,3290,product_crops\product_0046_conf_0.47.jpg,__Unknown__,True,RANCHEIRO__RANCHEIRO WAFER RANCHEIRO BAUNILHA,0.5747446417808533,0.7,-0.020000000000000018,RANCHEIRO__RANCHEIRO BOX,0.5312610069910685,0.043483634789784786,['low_score'],,,,,,,,,,,,,,,,0
IMG_7295.HEIC,47,0.46358180046081543,1183,2962,1488,3078,product_crops\product_0047_conf_0.46.jpg,__Unknown__,True,RANCHEIRO__RANCHEIRO BISCOITO MARIA RANCHEIRO,0.545661211013794,0.72,0.0,Adoralle__Adoralle Alimentos Laminados Doces Maizena,0.5368047952651978,0.008856415748596191,['low_score'],,,,,,,,,,,,,,,,0
IMG_7295.HEIC,48,0.42799291014671326,1554,2948,1836,3259,product_crops\product_0048_conf_0.43.jpg,__Unknown__,True,RANCHEIRO__RANCHEIRO ROSQUINHA RECHEADA DE MORANGO-CARAMELO RANCHEIRO,0.5908611863851547,0.68,-0.039999999999999925,RANCHEIRO__RANCHEIRO WAFER RANCHEIRO MORANGO,0.5891789197921753,0.0016822665929794312,['low_score'],,,,,,,,,,,,,,,,0
IMG_7295.HEIC,49,0.41873568296432495,553,2528,860,2752,product_crops\product_0049_conf_0.42.jpg,RANCHEIRO__RANCHEIRO WAFER RANCHEIRO CHOCOLATE,False,RANCHEIRO__RANCHEIRO WAFER RANCHEIRO CHOCOLATE,0.7765333652496338,0.71,-0.010000000000000009,,,,[],1,"1,95",1.95,"2,09",2.09,,,"1,95 / 2,09",1.95 / 2.09,regular,False,image_single_palette,white,178.98114425827097,1,1
IMG_7295.HEIC,50,0.41607749462127686,1603,2276,1914,2376,product_crops\product_0050_conf_0.42.jpg,__Unknown__,True,RANCHEIRO__RANCHEIRO ROSQUINHA RECHEADA DE CHOCOLATE RANCHEIRO,0.5231992602348328,0.64,-0.07999999999999996,RANCHEIRO__RANCHEIRO WAFER RANCHEIRO MORANGO,0.5121045410633087,0.011094719171524048,['low_score'],,,,,,,,,,,,,,,,0
IMG_7295.HEIC,51,0.41573598980903625,1843,1841,2148,2161,product_crops\product_0051_conf_0.42.jpg,__Unknown__,True,RANCHEIRO__RANCHEIRO WAFER RANCHEIRO BAUNILHA,0.687606680393219,0.7,-0.020000000000000018,,,,['low_score'],,,,,,,,,,,,,,,,0
IMG_7295.HEIC,52,0.3860533535480499,1874,3043,2124,3261,product_crops\product_0052_conf_0.39.jpg,__Unknown__,True,RANCHEIRO__RANCHEIRO BISCOITO MARIA RANCHEIRO,0.5513131380081177,0.72,0.0,,,,['low_score'],,,,,,,,,,,,,,,,0
IMG_7295.HEIC,53,0.37477928400039673,1196,3408,1489,3519,product_crops\product_0053_conf_0.37.jpg,__Unknown__,True,RANCHEIRO__RANCHEIRO WAFER RANCHEIRO LIMAO,0.5672882795333862,0.72,0.0,Adoralle__Adoralle Alimentos Laminados Doces Leite,0.563108280301094,0.004179999232292175,['low_score'],,,,,,,,,,,,,,,,0
IMG_7295.HEIC,54,0.3690454363822937,1864,3389,2086,3502,product_crops\product_0054_conf_0.37.jpg,__Unknown__,True,Mabel__Mabel Laminado Doce Mabel Maisena,0.5280488530794779,0.72,0.0,RANCHEIRO__RANCHEIRO BISCOITO MARIA RANCHEIRO,0.5264467000961304,0.0016021529833475379,['low_score'],,,,,,,,,,,,,,,,0
IMG_7295.HEIC,55,0.3543485999107361,1,1888,199,2171,product_crops\product_0055_conf_0.35.jpg,__Unknown__,True,RANCHEIRO__RANCHEIRO WAFER RANCHEIRO MORANGO,0.5539318323135376,0.72,0.0,RANCHEIRO__RANCHEIRO ROSQUINHA RECHEADA DE MORANGO RANCHEIRO,0.5492067734400431,0.004725058873494503,['low_score'],7,"2,59",2.59,,,,,"2,59",2.59,promo,True,vertical_shape,white,197.32840647002652,7,1
IMG_7295.HEIC,56,0.3010924458503723,1886,2655,2187,2785,product_crops\product_0056_conf_0.30.jpg,__Unknown__,True,RANCHEIRO__RANCHEIRO WAFER RANCHEIRO BAUNILHA,0.6604320168495178,0.7,-0.020000000000000018,,,,['low_score'],,,,,,,,,,,,,,,,0
IMG_7295.HEIC,57,0.29580986499786377,1533,890,1864,1009,product_crops\product_0057_conf_0.30.jpg,__Unknown__,True,RANCHEIRO__RANCHEIRO WAFER RANCHEIRO LIMAO,0.6922639012336731,0.72,0.0,RANCHEIRO__RANCHEIRO WAFER RANCHEIRO MORANGO,0.6850347220897675,0.00722917914390564,['low_score'],,,,,,,,,,,,,,,,0
IMG_7295.HEIC,58,0.2938515245914459,1938,1484,2246,1660,product_crops\product_0058_conf_0.29.jpg,__Unknown__,True,RANCHEIRO__RANCHEIRO WAFER RANCHEIRO BAUNILHA,0.6821677386760712,0.7,-0.020000000000000018,RANCHEIRO__RANCHEIRO WAFER RANCHEIRO MORANGO,0.6807684898376465,0.0013992488384246826,['low_score'],6,"2,29",2.29,"2,49",2.49,,,"2,29 / 2,49",2.29 / 2.49,regular,False,image_single_palette,white,82.66347440072913,6,1
IMG_7295.HEIC,59,0.29131466150283813,1186,890,1511,1003,product_crops\product_0059_conf_0.29.jpg,RANCHEIRO__RANCHEIRO WAFER RANCHEIRO LIMAO,False,RANCHEIRO__RANCHEIRO WAFER RANCHEIRO LIMAO,0.8301111221313476,0.72,0.0,,,,[],,,,,,,,,,,,,,,,0
IMG_7295.HEIC,60,0.2901773750782013,2,735,113,907,product_crops\product_0060_conf_0.29.jpg,__Unknown__,True,RANCHEIRO__RANCHEIRO ROSQUINHA DE COCO RANCHEIRO,0.4844002276659012,0.72,0.0,RANCHEIRO__RANCHEIRO BISCOITO MARIA RANCHEIRO,0.48185397684574127,0.002546250820159912,['low_score'],,,,,,,,,,,,,,,,0
IMG_7295.HEIC,61,0.2769837975502014,1535,2394,1907,2490,product_crops\product_0061_conf_0.28.jpg,__Unknown__,True,RANCHEIRO__RANCHEIRO WAFER RANCHEIRO MORANGO,0.38567177951335907,0.72,0.0,RANCHEIRO__RANCHEIRO ROSQUINHA RECHEADA DE MORANGO-CARAMELO RANCHEIRO,0.34936559200286865,0.03630618751049042,['low_score'],,,,,,,,,,,,,,,,0
IMG_7295.HEIC,62,0.27249032258987427,0,1314,128,1588,product_crops\product_0062_conf_0.27.jpg,__Unknown__,True,RANCHEIRO__RANCHEIRO WAFER RANCHEIRO CHOCOLATE,0.5297538340091705,0.71,-0.010000000000000009,RANCHEIRO__RANCHEIRO WAFER RANCHEIRO MORANGO,0.4785022735595703,0.05125156044960022,['low_score'],8,,,,,,,,,regular,False,image_single_palette,white,202.90206997465552,8,1
IMG_7295.HEIC,63,0.2657501697540283,1897,2495,2205,2652,product_crops\product_0063_conf_0.27.jpg,RANCHEIRO__RANCHEIRO WAFER RANCHEIRO BAUNILHA,False,RANCHEIRO__RANCHEIRO WAFER RANCHEIRO BAUNILHA,0.791253662109375,0.7,-0.020000000000000018,,,,[],5,"1,95",1.95,"2,09",2.09,,,"1,95 / 2,09",1.95 / 2.09,regular,False,image_single_palette,white,245.68933635792988,5,1
IMG_7295.HEIC,64,0.250564306974411,2179,2042,2267,2167,product_crops\product_0064_conf_0.25.jpg,__Unknown__,True,RANCHEIRO__RANCHEIRO ROSQUINHA RECHEADA DE MORANGO RANCHEIRO,0.43442201614379883,0.72,0.0,RANCHEIRO__RANCHEIRO ROSQUINHA RECHEADA DE BAUNILHA RANCHEIRO,0.43349403142929077,0.0009279847145080566,['low_score'],,,,,,,,,,,,,,,,0
IMG_7297.HEIC,0,0.9487971663475037,942,2973,1316,3307,product_crops\product_0000_conf_0.95.jpg,__Unknown__,True,RANCHEIRO__RANCHEIRO COOKIES RANCHEIRO,0.4839327335357666,0.68,-0.039999999999999925,RANCHEIRO__RANCHEIRO WAFER RANCHEIRO MORANGO,0.479820191860199,0.004112541675567627,['low_score'],,,,,,,,,,,,,,,,0
IMG_7297.HEIC,1,0.9478235244750977,562,2974,941,3309,product_crops\product_0001_conf_0.95.jpg,__Unknown__,True,RANCHEIRO__RANCHEIRO COOKIES RANCHEIRO,0.45353952050209045,0.68,-0.039999999999999925,RANCHEIRO__RANCHEIRO COOKIES CHOCOLATE RANCHEIRO,0.4452363848686218,0.008303135633468628,['low_score'],,,,,,,,,,,,,,,,0
IMG_7297.HEIC,2,0.9422975778579712,950,3306,1306,3578,product_crops\product_0002_conf_0.94.jpg,__Unknown__,True,RANCHEIRO__RANCHEIRO ROSQ RECHEADA RANCHEIRO CHOC-COCO,0.47972768545150757,0.71,-0.010000000000000009,RANCHEIRO__RANCHEIRO BOX,0.44694286584854126,0.03278481960296631,['low_score'],,,,,,,,,,,,,,,,0
IMG_7297.HEIC,3,0.9402700662612915,1308,3297,1661,3568,product_crops\product_0003_conf_0.94.jpg,__Unknown__,True,RANCHEIRO__RANCHEIRO BOX,0.3892819702625275,0.67,-0.04999999999999993,,,,['low_score'],,,,,,,,,,,,,,,,0
IMG_7297.HEIC,4,0.9357264637947083,1315,2971,1686,3298,product_crops\product_0004_conf_0.94.jpg,__Unknown__,True,RANCHEIRO__RANCHEIRO WAFER RANCHEIRO MORANGO,0.44808778166770935,0.72,0.0,RANCHEIRO__RANCHEIRO COOKIES CHOCOLATE RANCHEIRO,0.4459850490093231,0.0021027326583862305,['low_score'],,,,,,,,,,,,,,,,0
IMG_7297.HEIC,5,0.9356017112731934,588,3307,946,3579,product_crops\product_0005_conf_0.94.jpg,__Unknown__,True,RANCHEIRO__RANCHEIRO WAFER RANCHEIRO CHOCOLATE,0.41749024391174316,0.71,-0.010000000000000009,RANCHEIRO__RANCHEIRO BOX,0.4109649956226349,0.006525248289108276,['low_score'],,,,,,,,,,,,,,,,0
IMG_7297.HEIC,6,0.9240626096725464,1659,3291,2021,3568,product_crops\product_0006_conf_0.92.jpg,__Unknown__,True,RANCHEIRO__RANCHEIRO ROSQUINHA BANANA-CANELA RANCHEIRO,0.4088229238986969,0.72,0.0,RANCHEIRO__RANCHEIRO BOX,0.3888494670391083,0.019973456859588623,['low_score'],,,,,,,,,,,,,,,,0
IMG_7297.HEIC,7,0.9192036986351013,1682,2963,2064,3291,product_crops\product_0007_conf_0.92.jpg,__Unknown__,True,RANCHEIRO__RANCHEIRO COOKIES RANCHEIRO,0.4901963472366333,0.68,-0.039999999999999925,RANCHEIRO__RANCHEIRO COOKIES CHOCOLATE RANCHEIRO,0.4876132706801097,0.0025830765565236224,['low_score'],,,,,,,,,,,,,,,,0
IMG_7297.HEIC,8,0.9113293290138245,221,3300,587,3571,product_crops\product_0008_conf_0.91.jpg,__Unknown__,True,RANCHEIRO__RANCHEIRO WAFER RANCHEIRO MORANGO,0.44705620408058167,0.72,0.0,RANCHEIRO__RANCHEIRO ROSQ RECHEADA RANCHEIRO CHOC-COCO,0.4302700161933899,0.016786187887191772,['low_score'],,,,,,,,,,,,,,,,0
IMG_7297.HEIC,9,0.9003849029541016,987,1465,1277,1530,product_crops\product_0009_conf_0.90.jpg,__Unknown__,True,RANCHEIRO__RANCHEIRO ROSQUINHA RECHEADA DE MORANGO RANCHEIRO,0.517400860786438,0.72,0.0,RANCHEIRO__RANCHEIRO ROSQUINHA RECHEADA DE BAUNILHA RANCHEIRO,0.5068715363740921,0.010529324412345886,['low_score'],,,,,,,,,,,,,,,,0
IMG_7297.HEIC,10,0.8991219997406006,83,748,386,829,product_crops\product_0010_conf_0.90.jpg,__Unknown__,True,RANCHEIRO__RANCHEIRO ROSQUINHA RECHEADA DE BAUNILHA RANCHEIRO,0.5279820561408997,0.69,-0.030000000000000027,RANCHEIRO__RANCHEIRO ROSQUINHA RECHEADA DE MORANGO RANCHEIRO,0.5250850468873978,0.002897009253501892,['low_score'],,,,,,,,,,,,,,,,0
IMG_7297.HEIC,11,0.8873772621154785,92,831,395,904,product_crops\product_0011_conf_0.89.jpg,__Unknown__,True,RANCHEIRO__RANCHEIRO COOKIES RANCHEIRO,0.5176666975021362,0.68,-0.039999999999999925,RANCHEIRO__RANCHEIRO ROSQ RECHEADA RANCHEIRO CHOC-COCO,0.50740647315979,0.010260224342346191,['low_score'],,,,,,,,,,,,,,,,0
IMG_7297.HEIC,12,0.8816782832145691,76,653,382,741,product_crops\product_0012_conf_0.88.jpg,__Unknown__,True,RANCHEIRO__RANCHEIRO ROSQUINHA RECHEADA DE BAUNILHA RANCHEIRO,0.5272065103054047,0.69,-0.030000000000000027,RANCHEIRO__RANCHEIRO ROSQUINHA RECHEADA DE MORANGO RANCHEIRO,0.5228395064671835,0.004367003838221195,['low_score'],,,,,,,,,,,,,,,,0
IMG_7297.HEIC,13,0.8700376152992249,1403,861,1689,938,product_crops\product_0013_conf_0.87.jpg,__Unknown__,True,RANCHEIRO__RANCHEIRO WAFER RANCHEIRO MORANGO,0.48466795682907104,0.72,0.0,RANCHEIRO__RANCHEIRO ROSQUINHA RECHEADA DE MORANGO RANCHEIRO,0.43622177094221115,0.048446185886859894,['low_score'],,,,,,,,,,,,,,,,0
IMG_7297.HEIC,14,0.8644958734512329,94,909,401,982,product_crops\product_0014_conf_0.86.jpg,__Unknown__,True,RANCHEIRO__RANCHEIRO ROSQUINHA RECHEADA DE MORANGO RANCHEIRO,0.4720454514026642,0.72,0.0,RANCHEIRO__RANCHEIRO ROSQUINHA RECHEADA DE BAUNILHA RANCHEIRO,0.4649982452392578,0.007047206163406372,['low_score'],,,,,,,,,,,,,,,,0
IMG_7297.HEIC,15,0.853535532951355,173,2970,563,3298,product_crops\product_0015_conf_0.85.jpg,__Unknown__,True,RANCHEIRO__RANCHEIRO COOKIES CHOCOLATE RANCHEIRO,0.5616219878196717,0.72,0.0,,,,['low_score'],,,,,,,,,,,,,,,,0
IMG_7297.HEIC,16,0.8508071303367615,799,1977,1104,2042,product_crops\product_0016_conf_0.85.jpg,RANCHEIRO__RANCHEIRO ROSQUINHA RECHEADA DE BAUNILHA RANCHEIRO,False,RANCHEIRO__RANCHEIRO ROSQUINHA RECHEADA DE BAUNILHA RANCHEIRO,0.9064201414585114,0.69,-0.030000000000000027,RANCHEIRO__RANCHEIRO ROSQUINHA RECHEADA DE MORANGO RANCHEIRO,0.9002642631530762,0.006155878305435181,[],,,,,,,,,,,,,,,,0
IMG_7297.HEIC,17,0.8489560484886169,533,843,831,918,product_crops\product_0017_conf_0.85.jpg,__Unknown__,True,RANCHEIRO__RANCHEIRO COOKIES RANCHEIRO,0.47744089365005493,0.68,-0.039999999999999925,RANCHEIRO__RANCHEIRO ROSQ RECHEADA RANCHEIRO CHOC-COCO,0.46288082003593445,0.014560073614120483,['low_score'],,,,,,,,,,,,,,,,0
IMG_7297.HEIC,18,0.8472888469696045,529,684,820,764,product_crops\product_0018_conf_0.85.jpg,__Unknown__,True,RANCHEIRO__RANCHEIRO COOKIES RANCHEIRO,0.550589919090271,0.68,-0.039999999999999925,RANCHEIRO__RANCHEIRO ROSQ RECHEADA RANCHEIRO CHOC-COCO,0.49987228711446124,0.05071763197580975,['low_score'],,,,,,,,,,,,,,,,0
IMG_7297.HEIC,19,0.846605122089386,1407,787,1691,858,product_crops\product_0019_conf_0.85.jpg,__Unknown__,True,RANCHEIRO__RANCHEIRO ROSQUINHA RECHEADA DE MORANGO RANCHEIRO,0.46458616852760315,0.72,0.0,RANCHEIRO__RANCHEIRO ROSQUINHA RECHEADA DE BAUNILHA RANCHEIRO,0.4640825688838959,0.0005035996437072754,['low_score'],,,,,,,,,,,,,,,,0
IMG_7297.HEIC,20,0.8392791152000427,1824,865,2103,937,product_crops\product_0020_conf_0.84.jpg,__Unknown__,True,RANCHEIRO__RANCHEIRO WAFER RANCHEIRO MORANGO,0.48470914363861084,0.72,0.0,RANCHEIRO__RANCHEIRO ROSQUINHA DE CHOCOLATE RANCHEIRO,0.4602031111717224,0.024506032466888428,['low_score'],,,,,,,,,,,,,,,,0
IMG_7297.HEIC,21,0.8367102742195129,986,1532,1278,1610,product_crops\product_0021_conf_0.84.jpg,__Unknown__,True,RANCHEIRO__RANCHEIRO ROSQUINHA RECHEADA DE MORANGO RANCHEIRO,0.5186216235160828,0.72,0.0,RANCHEIRO__RANCHEIRO ROSQUINHA RECHEADA DE BAUNILHA RANCHEIRO,0.5177360773086548,0.0008855462074279785,['low_score'],,,,,,,,,,,,,,,,0
IMG_7297.HEIC,22,0.8338061571121216,985,1385,1279,1461,product_crops\product_0022_conf_0.83.jpg,__Unknown__,True,RANCHEIRO__RANCHEIRO ROSQUINHA RECHEADA DE MORANGO RANCHEIRO,0.559355866909027,0.72,0.0,,,,['low_score'],,,,,,,,,,,,,,,,0
IMG_7297.HEIC,23,0.8250418305397034,87,1879,418,2206,product_crops\product_0023_conf_0.83.jpg,RANCHEIRO__RANCHEIRO ROSQUINHA RECHEADA DE CHOCOLATE RANCHEIRO,False,RANCHEIRO__RANCHEIRO ROSQUINHA RECHEADA DE CHOCOLATE RANCHEIRO,0.7306929677724838,0.64,-0.07999999999999996,RANCHEIRO__RANCHEIRO ROSQUINHA RECHEADA DE MORANGO RANCHEIRO,0.7167280912399292,0.013964876532554626,[],,,,,,,,,,,,,,,,0
IMG_7297.HEIC,24,0.8232492804527283,1529,2053,1808,2115,product_crops\product_0024_conf_0.82.jpg,RANCHEIRO__RANCHEIRO ROSQUINHA RECHEADA DE CHOCOLATE RANCHEIRO,False,RANCHEIRO__RANCHEIRO ROSQUINHA RECHEADA DE CHOCOLATE RANCHEIRO,0.9158164620399475,0.64,-0.07999999999999996,,,,[],,,,,,,,,,,,,,,,0
IMG_7297.HEIC,25,0.8228038549423218,545,1315,836,1385,product_crops\product_0025_conf_0.82.jpg,__Unknown__,True,RANCHEIRO__RANCHEIRO COOKIES RANCHEIRO,0.5025937557220459,0.68,-0.039999999999999925,RANCHEIRO__RANCHEIRO ROSQUINHA RECHEADA DE MORANGO RANCHEIRO,0.494408259789149,0.008185495932896913,['low_score'],,,,,,,,,,,,,,,,0
IMG_7297.HEIC,26,0.8227241635322571,1837,787,2107,861,product_crops\product_0026_conf_0.82.jpg,__Unknown__,True,RANCHEIRO__RANCHEIRO ROSQUINHA RECHEADA DE BAUNILHA RANCHEIRO,0.49703249335289,0.69,-0.030000000000000027,RANCHEIRO__RANCHEIRO ROSQUINHA RECHEADA DE MORANGO RANCHEIRO,0.49397796392440796,0.0030545294284820557,['low_score'],,,,,,,,,,,,,,,,0
IMG_7297.HEIC,27,0.8216725587844849,453,2106,721,2183,product_crops\product_0027_conf_0.82.jpg,RANCHEIRO__RANCHEIRO ROSQUINHA RECHEADA DE BAUNILHA RANCHEIRO,False,RANCHEIRO__RANCHEIRO ROSQUINHA RECHEADA DE BAUNILHA RANCHEIRO,0.915596584479014,0.69,-0.030000000000000027,RANCHEIRO__RANCHEIRO ROSQUINHA RECHEADA DE MORANGO RANCHEIRO,0.892679750919342,0.022916833559672,[],,,,,,,,,,,,,,,,0
IMG_7297.HEIC,28,0.8157432675361633,971,852,1267,927,product_crops\product_0028_conf_0.82.jpg,__Unknown__,True,RANCHEIRO__RANCHEIRO ROSQUINHA RECHEADA DE MORANGO RANCHEIRO,0.5483222484588623,0.72,0.0,,,,['low_score'],,,,,,,,,,,,,,,,0
IMG_7297.HEIC,29,0.8103644847869873,1817,1538,2122,1630,product_crops\product_0029_conf_0.81.jpg,__Unknown__,True,RANCHEIRO__RANCHEIRO COOKIES RANCHEIRO,0.5195833444595337,0.68,-0.039999999999999925,RANCHEIRO__RANCHEIRO ROSQUINHA RECHEADA DE MORANGO RANCHEIRO,0.49257830530405045,0.027005039155483246,['low_score'],,,,,,,,,,,,,,,,0
IMG_7297.HEIC,30,0.8072522878646851,111,1510,405,1592,product_crops\product_0030_conf_0.81.jpg,__Unknown__,True,RANCHEIRO__RANCHEIRO COOKIES RANCHEIRO,0.5063090920448303,0.68,-0.039999999999999925,RANCHEIRO__RANCHEIRO ROSQUINHA RECHEADA DE MORANGO RANCHEIRO,0.48529157042503357,0.021017521619796753,['low_score'],,,,,,,,,,,,,,,,0
IMG_7297.HEIC,31,0.8046118021011353,788,1896,1118,1970,product_crops\product_0031_conf_0.80.jpg,RANCHEIRO__RANCHEIRO ROSQUINHA RECHEADA DE BAUNILHA RANCHEIRO,False,RANCHEIRO__RANCHEIRO ROSQUINHA RECHEADA DE BAUNILHA RANCHEIRO,0.9120659828186035,0.69,-0.030000000000000027,RANCHEIRO__RANCHEIRO ROSQUINHA RECHEADA DE MORANGO RANCHEIRO,0.9048332770665487,0.007232705752054813,[],,,,,,,,,,,,,,,,0
IMG_7297.HEIC,32,0.8000528216362,982,1292,1281,1377,product_crops\product_0032_conf_0.80.jpg,__Unknown__,True,RANCHEIRO__RANCHEIRO ROSQ RECHEADA RANCHEIRO CHOC-COCO,0.5045129060745239,0.71,-0.010000000000000009,RANCHEIRO__RANCHEIRO COOKIES RANCHEIRO,0.48849040269851685,0.01602250337600708,['low_score'],,,,,,,,,,,,,,,,0
IMG_7297.HEIC,33,0.7989922165870667,1845,699,2114,784,product_crops\product_0033_conf_0.80.jpg,__Unknown__,True,RANCHEIRO__RANCHEIRO ROSQUINHA RECHEADA DE MORANGO RANCHEIRO,0.48930528163909914,0.72,0.0,,,,['low_score'],,,,,,,,,,,,,,,,0
IMG_7297.HEIC,34,0.7945389747619629,546,1389,840,1454,product_crops\product_0034_conf_0.79.jpg,__Unknown__,True,RANCHEIRO__RANCHEIRO COOKIES RANCHEIRO,0.5298962593078613,0.68,-0.039999999999999925,RANCHEIRO__RANCHEIRO ROSQUINHA RECHEADA DE MORANGO RANCHEIRO,0.5046824216842651,0.02521383762359619,['low_score'],,,,,,,,,,,,,,,,0
IMG_7297.HEIC,35,0.7943092584609985,1528,2117,1805,2191,product_crops\product_0035_conf_0.79.jpg,RANCHEIRO__RANCHEIRO ROSQUINHA RECHEADA DE CHOCOLATE RANCHEIRO,False,RANCHEIRO__RANCHEIRO ROSQUINHA RECHEADA DE CHOCOLATE RANCHEIRO,0.8736336350440979,0.64,-0.07999999999999996,,,,[],,,,,,,,,,,,,,,,0
IMG_7297.HEIC,36,0.792320966720581,972,771,1266,847,product_crops\product_0036_conf_0.79.jpg,__Unknown__,True,RANCHEIRO__RANCHEIRO COOKIES RANCHEIRO,0.4828455448150635,0.68,-0.039999999999999925,RANCHEIRO__RANCHEIRO ROSQ RECHEADA RANCHEIRO CHOC-COCO,0.47275425493717194,0.01009128987789154,['low_score'],,,,,,,,,,,,,,,,0
IMG_7297.HEIC,37,0.7802277207374573,546,1454,842,1523,product_crops\product_0037_conf_0.78.jpg,__Unknown__,True,RANCHEIRO__RANCHEIRO ROSQUINHA RECHEADA DE MORANGO RANCHEIRO,0.47945950627326966,0.72,0.0,,,,['low_score'],,,,,,,,,,,,,,,,0
IMG_7297.HEIC,38,0.7797353267669678,1811,940,2100,1016,product_crops\product_0038_conf_0.78.jpg,__Unknown__,True,RANCHEIRO__RANCHEIRO ROSQUINHA RECHEADA DE MORANGO RANCHEIRO,0.49653398990631104,0.72,0.0,RANCHEIRO__RANCHEIRO ROSQ RECHEADA RANCHEIRO CHOC-COCO,0.4901221791903178,0.006411810715993227,['low_score'],,,,,,,,,,,,,,,,0
IMG_7297.HEIC,39,0.7738065719604492,428,1905,742,1973,product_crops\product_0039_conf_0.77.jpg,RANCHEIRO__RANCHEIRO ROSQUINHA RECHEADA DE BAUNILHA RANCHEIRO,False,RANCHEIRO__RANCHEIRO ROSQUINHA RECHEADA DE BAUNILHA RANCHEIRO,0.8090404272079468,0.69,-0.030000000000000027,RANCHEIRO__RANCHEIRO ROSQUINHA RECHEADA DE MORANGO RANCHEIRO,0.802022397518158,0.007018029689788818,[],,,,,,,,,,,,,,,,0
IMG_7297.HEIC,40,0.7696669101715088,1420,1244,1692,1319,product_crops\product_0040_conf_0.77.jpg,__Unknown__,True,RANCHEIRO__RANCHEIRO ROSQUINHA RECHEADA DE MORANGO-CARAMELO RANCHEIRO,0.44960445165634155,0.68,-0.039999999999999925,RANCHEIRO__RANCHEIRO ROSQUINHA DE CHOCOLATE RANCHEIRO,0.4125298857688904,0.03707456588745117,['low_score'],,,,,,,,,,,,,,,,0
IMG_7297.HEIC,41,0.7606703639030457,1162,1978,1458,2048,product_crops\product_0041_conf_0.76.jpg,RANCHEIRO__RANCHEIRO ROSQUINHA RECHEADA DE MORANGO RANCHEIRO,False,RANCHEIRO__RANCHEIRO ROSQUINHA RECHEADA DE MORANGO RANCHEIRO,0.8545253872871399,0.72,0.0,RANCHEIRO__RANCHEIRO ROSQUINHA RECHEADA DE BAUNILHA RANCHEIRO,0.8521175384521484,0.002407848834991455,[],,,,,,,,,,,,,,,,0
IMG_7297.HEIC,42,0.7595052719116211,1852,1322,2136,1376,product_crops\product_0042_conf_0.76.jpg,__Unknown__,True,RANCHEIRO__RANCHEIRO ROSQUINHA RECHEADA DE MORANGO-CARAMELO RANCHEIRO,0.5852352976799011,0.68,-0.039999999999999925,RANCHEIRO__RANCHEIRO WAFER RANCHEIRO MORANGO,0.5161312818527222,0.06910401582717896,['low_score'],,,,,,,,,,,,,,,,0
IMG_7297.HEIC,43,0.7565931081771851,1875,1892,2167,1974,product_crops\product_0043_conf_0.76.jpg,RANCHEIRO__RANCHEIRO ROSQUINHA RECHEADA DE CHOCOLATE RANCHEIRO,False,RANCHEIRO__RANCHEIRO ROSQUINHA RECHEADA DE CHOCOLATE RANCHEIRO,0.8651124358177185,0.64,-0.07999999999999996,,,,[],,,,,,,,,,,,,,,,0
IMG_7297.HEIC,44,0.7541045546531677,969,930,1276,1001,product_crops\product_0044_conf_0.75.jpg,__Unknown__,True,RANCHEIRO__RANCHEIRO COOKIES RANCHEIRO,0.5604801177978516,0.68,-0.039999999999999925,RANCHEIRO__RANCHEIRO ROSQ RECHEADA RANCHEIRO CHOC-COCO,0.52060467004776,0.03987544775009155,['low_score'],,,,,,,,,,,,,,,,0
IMG_7297.HEIC,45,0.7514590620994568,438,1977,727,2036,product_crops\product_0045_conf_0.75.jpg,RANCHEIRO__RANCHEIRO ROSQUINHA RECHEADA DE BAUNILHA RANCHEIRO,False,RANCHEIRO__RANCHEIRO ROSQUINHA RECHEADA DE BAUNILHA RANCHEIRO,0.89256219069163,0.69,-0.030000000000000027,RANCHEIRO__RANCHEIRO ROSQUINHA RECHEADA DE MORANGO RANCHEIRO,0.8874876201152802,0.005074570576349857,[],,,,,,,,,,,,,,,,0
IMG_7297.HEIC,46,0.7497729063034058,528,609,815,679,product_crops\product_0046_conf_0.75.jpg,__Unknown__,True,RANCHEIRO__RANCHEIRO ROSQUINHA RECHEADA DE BAUNILHA RANCHEIRO,0.5189851641654968,0.69,-0.030000000000000027,,,,['low_score'],,,,,,,,,,,,,,,,0
IMG_7297.HEIC,47,0.7485243082046509,1147,1897,1460,1970,product_crops\product_0047_conf_0.75.jpg,RANCHEIRO__RANCHEIRO ROSQUINHA RECHEADA DE MORANGO RANCHEIRO,False,RANCHEIRO__RANCHEIRO ROSQUINHA RECHEADA DE MORANGO RANCHEIRO,0.887125551700592,0.72,0.0,RANCHEIRO__RANCHEIRO ROSQUINHA RECHEADA DE BAUNILHA RANCHEIRO,0.8806140621503195,0.006511489550272587,[],,,,,,,,,,,,,,,,0
IMG_7297.HEIC,48,0.7448000311851501,448,2038,720,2104,product_crops\product_0048_conf_0.74.jpg,RANCHEIRO__RANCHEIRO ROSQUINHA RECHEADA DE BAUNILHA RANCHEIRO,False,RANCHEIRO__RANCHEIRO ROSQUINHA RECHEADA DE BAUNILHA RANCHEIRO,0.9040653308232626,0.69,-0.030000000000000027,RANCHEIRO__RANCHEIRO ROSQUINHA RECHEADA DE MORANGO RANCHEIRO,0.8806605339050293,0.023404796918233273,[],,,,,,,,,,,,,,,,0
IMG_7297.HEIC,49,0.739635705947876,1419,646,1690,716,product_crops\product_0049_conf_0.74.jpg,__Unknown__,True,RANCHEIRO__RANCHEIRO ROSQUINHA RECHEADA DE MORANGO RANCHEIRO,0.5474756211042404,0.72,0.0,RANCHEIRO__RANCHEIRO ROSQUINHA RECHEADA DE BAUNILHA RANCHEIRO,0.5409960150718689,0.006479606032371521,['low_score'],,,,,,,,,,,,,,,,0
IMG_7297.HEIC,50,0.7326286435127258,1891,2052,2164,2136,product_crops\product_0050_conf_0.73.jpg,RANCHEIRO__RANCHEIRO ROSQUINHA RECHEADA DE CHOCOLATE RANCHEIRO,False,RANCHEIRO__RANCHEIRO ROSQUINHA RECHEADA DE CHOCOLATE RANCHEIRO,0.8978652477264404,0.64,-0.07999999999999996,,,,[],4,"2,19",2.19,"2,49",2.49,,,"2,19 / 2,49",2.19 / 2.49,regular,False,image_single_palette,white,174.55801327925337,4,1
IMG_7297.HEIC,51,0.72322016954422,235,2430,578,2518,product_crops\product_0051_conf_0.72.jpg,__Unknown__,True,RANCHEIRO__RANCHEIRO ROSQUINHA RECHEADA DE MORANGO-CARAMELO RANCHEIRO,0.48750028014183044,0.68,-0.039999999999999925,RANCHEIRO__RANCHEIRO COOKIES CHOCOLATE RANCHEIRO,0.47550810873508453,0.01199217140674591,['low_score'],,,,,,,,,,,,,,,,0
IMG_7297.HEIC,52,0.7200024724006653,974,687,1264,767,product_crops\product_0052_conf_0.72.jpg,__Unknown__,True,RANCHEIRO__RANCHEIRO ROSQUINHA RECHEADA DE MORANGO-CARAMELO RANCHEIRO,0.47950083017349243,0.68,-0.039999999999999925,RANCHEIRO__RANCHEIRO ROSQ RECHEADA RANCHEIRO CHOC-COCO,0.4398937225341797,0.039607107639312744,['low_score'],,,,,,,,,,,,,,,,0
IMG_7297.HEIC,53,0.7146053910255432,812,2106,1100,2183,product_crops\product_0053_conf_0.71.jpg,RANCHEIRO__RANCHEIRO ROSQUINHA RECHEADA DE BAUNILHA RANCHEIRO,False,RANCHEIRO__RANCHEIRO ROSQUINHA RECHEADA DE BAUNILHA RANCHEIRO,0.9120246171951294,0.69,-0.030000000000000027,RANCHEIRO__RANCHEIRO ROSQUINHA RECHEADA DE MORANGO RANCHEIRO,0.8955466151237488,0.016478002071380615,[],2,"2,19",2.19,"2,49",2.49,,,"2,19 / 2,49",2.19 / 2.49,regular,False,image_single_palette,white,138.24073205824686,2,1
IMG_7297.HEIC,54,0.7046383023262024,2074,2919,2265,3292,product_crops\product_0054_conf_0.70.jpg,__Unknown__,True,RANCHEIRO__RANCHEIRO WAFER RANCHEIRO MORANGO,0.4204891324043274,0.72,0.0,RANCHEIRO__RANCHEIRO WAFER RANCHEIRO CHOCOLATE,0.4096865952014923,0.010802537202835083,['low_score'],,,,,,,,,,,,,,,,0
IMG_7297.HEIC,55,0.6760494112968445,1835,608,2116,691,product_crops\product_0055_conf_0.68.jpg,__Unknown__,True,RANCHEIRO__RANCHEIRO ROSQ RECHEADA RANCHEIRO CHOC-COCO,0.48749470710754395,0.71,-0.010000000000000009,RANCHEIRO__RANCHEIRO ROSQUINHA RECHEADA DE BAUNILHA RANCHEIRO,0.477544109026591,0.009950598080952944,['low_score'],,,,,,,,,,,,,,,,0
IMG_7297.HEIC,56,0.6729329228401184,130,1435,403,1506,product_crops\product_0056_conf_0.67.jpg,__Unknown__,True,RANCHEIRO__RANCHEIRO ROSQ RECHEADA RANCHEIRO CHOC-COCO,0.4900660812854767,0.71,-0.010000000000000009,RANCHEIRO__RANCHEIRO COOKIES RANCHEIRO,0.47696030139923096,0.013105779886245728,['low_score'],,,,,,,,,,,,,,,,0
IMG_7297.HEIC,57,0.6644139885902405,1833,1433,2136,1528,product_crops\product_0057_conf_0.66.jpg,__Unknown__,True,RANCHEIRO__RANCHEIRO ROSQUINHA RECHEADA DE MORANGO RANCHEIRO,0.44882073998451233,0.72,0.0,RANCHEIRO__RANCHEIRO ROSQ RECHEADA RANCHEIRO CHOC-COCO,0.4340641101201375,0.014756629864374815,['low_score'],,,,,,,,,,,,,,,,0
IMG_7297.HEIC,58,0.6580643653869629,1151,2114,1461,2193,product_crops\product_0058_conf_0.66.jpg,RANCHEIRO__RANCHEIRO ROSQUINHA RECHEADA DE MORANGO RANCHEIRO,False,RANCHEIRO__RANCHEIRO ROSQUINHA RECHEADA DE MORANGO RANCHEIRO,0.8479012697935104,0.72,0.0,RANCHEIRO__RANCHEIRO ROSQUINHA RECHEADA DE BAUNILHA RANCHEIRO,0.8355169296264648,0.012384340167045593,[],,,,,,,,,,,,,,,,0
IMG_7297.HEIC,59,0.652958333492279,1172,2049,1446,2109,product_crops\product_0059_conf_0.65.jpg,RANCHEIRO__RANCHEIRO ROSQUINHA RECHEADA DE MORANGO RANCHEIRO,False,RANCHEIRO__RANCHEIRO ROSQUINHA RECHEADA DE MORANGO RANCHEIRO,0.8965070724487305,0.72,0.0,,,,[],,,,,,,,,,,,,,,,0
IMG_7297.HEIC,60,0.6468946933746338,2121,2697,2267,2786,product_crops\product_0060_conf_0.65.jpg,__Unknown__,True,RANCHEIRO__RANCHEIRO ROSQUINHA DE CHOCOLATE RANCHEIRO,0.5375458598136902,0.62,-0.09999999999999998,RANCHEIRO__RANCHEIRO WAFER RANCHEIRO MORANGO,0.5234431425730387,0.014102717240651486,['low_score'],,,,,,,,,,,,,,,,0
IMG_7297.HEIC,61,0.6452680230140686,1391,941,1695,1012,product_crops\product_0061_conf_0.65.jpg,__Unknown__,True,RANCHEIRO__RANCHEIRO COOKIES RANCHEIRO,0.5387246012687683,0.68,-0.039999999999999925,RANCHEIRO__RANCHEIRO ROSQ RECHEADA RANCHEIRO CHOC-COCO,0.47258710861206055,0.06613749265670776,['low_score'],,,,,,,,,,,,,,,,0
IMG_7297.HEIC,62,0.6450623869895935,1333,2610,1614,2670,product_crops\product_0062_conf_0.65.jpg,__Unknown__,True,RANCHEIRO__RANCHEIRO ROSQUINHA RECHEADA DE MORANGO-CARAMELO RANCHEIRO,0.5309259096781412,0.68,-0.039999999999999925,RANCHEIRO__RANCHEIRO ROSQUINHA DE CHOCOLATE RANCHEIRO,0.48570971190929413,0.04521619776884711,['low_score'],,,,,,,,,,,,,,,,0
IMG_7297.HEIC,63,0.6370184421539307,203,2530,521,2623,product_crops\product_0063_conf_0.64.jpg,__Unknown__,True,RANCHEIRO__RANCHEIRO WAFER RANCHEIRO MORANGO,0.49114158749580383,0.72,0.0,RANCHEIRO__RANCHEIRO COOKIES CHOCOLATE RANCHEIRO,0.47776053349177044,0.013381054004033388,['low_score'],,,,,,,,,,,,,,,,0
IMG_7297.HEIC,64,0.631725549697876,1844,1373,2137,1429,product_crops\product_0064_conf_0.63.jpg,__Unknown__,True,RANCHEIRO__RANCHEIRO ROSQUINHA RECHEADA DE MORANGO-CARAMELO RANCHEIRO,0.49026278257369993,0.68,-0.039999999999999925,,,,['low_score'],,,,,,,,,,,,,,,,0
IMG_7297.HEIC,65,0.6164608597755432,2042,3289,2267,3571,product_crops\product_0065_conf_0.62.jpg,__Unknown__,True,RANCHEIRO__RANCHEIRO BOX,0.34204561114311216,0.67,-0.04999999999999993,,,,['low_score'],,,,,,,,,,,,,,,,0
IMG_7297.HEIC,66,0.6140400767326355,531,766,823,839,product_crops\product_0066_conf_0.61.jpg,__Unknown__,True,RANCHEIRO__RANCHEIRO COOKIES RANCHEIRO,0.4695394039154053,0.68,-0.039999999999999925,RANCHEIRO__RANCHEIRO ROSQ RECHEADA RANCHEIRO CHOC-COCO,0.46013927459716797,0.009400129318237305,['low_score'],,,,,,,,,,,,,,,,0
IMG_7297.HEIC,67,0.5951743721961975,1310,2557,1608,2612,product_crops\product_0067_conf_0.60.jpg,__Unknown__,True,RANCHEIRO__RANCHEIRO ROSQUINHA RECHEADA DE MORANGO-CARAMELO RANCHEIRO,0.6027304530143738,0.68,-0.039999999999999925,RANCHEIRO__RANCHEIRO WAFER RANCHEIRO MORANGO,0.5445461471875509,0.05818430582682288,['low_score'],,,,,,,,,,,,,,,,0
IMG_7297.HEIC,68,0.5847883224487305,1523,1983,1813,2051,product_crops\product_0068_conf_0.58.jpg,RANCHEIRO__RANCHEIRO ROSQUINHA RECHEADA DE CHOCOLATE RANCHEIRO,False,RANCHEIRO__RANCHEIRO ROSQUINHA RECHEADA DE CHOCOLATE RANCHEIRO,0.9164362192153931,0.64,-0.07999999999999996,,,,[],,,,,,,,,,,,,,,,0
IMG_7297.HEIC,69,0.5809735655784607,1467,1836,1816,1916,product_crops\product_0069_conf_0.58.jpg,__Unknown__,True,RANCHEIRO__RANCHEIRO BISCOITO MARIA RANCHEIRO,0.5401965379714966,0.72,0.0,Mabel__Mabel Recheado Mabel Sabor Chocolate,0.48583483695983887,0.054361701011657715,['low_score'],,,,,,,,,,,,,,,,0
IMG_7297.HEIC,70,0.5795247554779053,958,2343,1253,2415,product_crops\product_0070_conf_0.58.jpg,__Unknown__,True,RANCHEIRO__RANCHEIRO ROSQUINHA RECHEADA DE MORANGO-CARAMELO RANCHEIRO,0.5168633460998535,0.68,-0.039999999999999925,RANCHEIRO__RANCHEIRO COOKIES CHOCOLATE RANCHEIRO,0.48433125019073486,0.03253209590911865,['low_score'],,,,,,,,,,,,,,,,0
IMG_7297.HEIC,71,0.5713387727737427,2136,2600,2266,2690,product_crops\product_0071_conf_0.57.jpg,__Unknown__,True,RANCHEIRO__RANCHEIRO ROSQUINHA DE CHOCOLATE RANCHEIRO,0.46792250871658325,0.62,-0.09999999999999998,RANCHEIRO__RANCHEIRO WAFER RANCHEIRO MORANGO,0.4621213873227437,0.005801121393839537,['low_score'],,,,,,,,,,,,,,,,0
IMG_7297.HEIC,72,0.5561575889587402,544,1528,844,1607,product_crops\product_0072_conf_0.56.jpg,__Unknown__,True,RANCHEIRO__RANCHEIRO COOKIES RANCHEIRO,0.5115076899528503,0.68,-0.039999999999999925,RANCHEIRO__RANCHEIRO ROSQUINHA RECHEADA DE MORANGO-CARAMELO RANCHEIRO,0.49383920431137085,0.017668485641479492,['low_score'],,,,,,,,,,,,,,,,0
IMG_7297.HEIC,73,0.5484349727630615,206,2634,503,2727,product_crops\product_0073_conf_0.55.jpg,__Unknown__,True,RANCHEIRO__RANCHEIRO ROSQUINHA DE CHOCOLATE RANCHEIRO,0.5181377530097961,0.62,-0.09999999999999998,RANCHEIRO__RANCHEIRO ROSQUINHA RECHEADA DE MORANGO RANCHEIRO,0.5105270743370056,0.007610678672790527,['low_score'],,,,,,,,,,,,,,,,0
IMG_7297.HEIC,74,0.5450332164764404,1412,718,1690,784,product_crops\product_0074_conf_0.55.jpg,__Unknown__,True,RANCHEIRO__RANCHEIRO WAFER RANCHEIRO MORANGO,0.44537004828453064,0.72,0.0,RANCHEIRO__RANCHEIRO ROSQUINHA DE CHOCOLATE RANCHEIRO,0.39825931191444397,0.04711073637008667,['low_score'],,,,,,,,,,,,,,,,0
IMG_7297.HEIC,75,0.5298197865486145,569,2331,923,2853,product_crops\product_0075_conf_0.53.jpg,__Unknown__,True,RANCHEIRO__RANCHEIRO WAFER RANCHEIRO MORANGO,0.47201762596766156,0.72,0.0,Adoralle__Adoralle Alimentos Laminados Doces Coco,0.45607656240463257,0.01594106356302899,['low_score'],,,,,,,,,,,,,,,,0
IMG_7297.HEIC,76,0.5125961899757385,436,1794,738,1847,product_crops\product_0076_conf_0.51.jpg,RANCHEIRO__RANCHEIRO ROSQUINHA RECHEADA DE CHOCOLATE RANCHEIRO,False,RANCHEIRO__RANCHEIRO ROSQUINHA RECHEADA DE CHOCOLATE RANCHEIRO,0.7058472484350204,0.64,-0.07999999999999996,RANCHEIRO__RANCHEIRO ROSQUINHA RECHEADA DE BAUNILHA RANCHEIRO,0.7056671380996704,0.00018011033535003662,[],,,,,,,,,,,,,,,,0
IMG_7297.HEIC,77,0.5082270503044128,151,1384,394,1436,product_crops\product_0077_conf_0.51.jpg,__Unknown__,True,RANCHEIRO__RANCHEIRO BISCOITO MAIZENA RANCHEIRO,0.5095936357975006,0.76,0.040000000000000036,RANCHEIRO__RANCHEIRO ROSQUINHA DE CHOCOLATE RANCHEIRO,0.5041517019271851,0.005441933870315552,['low_score'],,,,,,,,,,,,,,,,0
IMG_7297.HEIC,78,0.5065110921859741,1853,1268,2141,1320,product_crops\product_0078_conf_0.51.jpg,__Unknown__,True,RANCHEIRO__RANCHEIRO WAFER RANCHEIRO BAUNILHA,0.473969300587972,0.7,-0.020000000000000018,RANCHEIRO__RANCHEIRO BISCOITO MAIZENA RANCHEIRO,0.4711943566799164,0.002774943908055605,['low_score'],,,,,,,,,,,,,,,,0
IMG_7297.HEIC,79,0.49227556586265564,836,1198,917,1621,product_crops\product_0079_conf_0.49.jpg,__Unknown__,True,RANCHEIRO__RANCHEIRO ROSQUINHA RECHEADA DE BAUNILHA RANCHEIRO,0.5011511445045471,0.69,-0.030000000000000027,RANCHEIRO__RANCHEIRO ROSQUINHA RECHEADA DE MORANGO RANCHEIRO,0.5005059689283371,0.000645175576210022,['low_score'],0,"2,79",2.79,"2,99",2.99,,,"2,79 / 2,99",2.79 / 2.99,regular,False,image_single_palette,white,277.54504138968144,0,1
IMG_7297.HEIC,80,0.4906179904937744,1303,2493,1610,2557,product_crops\product_0080_conf_0.49.jpg,__Unknown__,True,RANCHEIRO__RANCHEIRO ROSQUINHA RECHEADA DE MORANGO-CARAMELO RANCHEIRO,0.4619005620479584,0.68,-0.039999999999999925,RANCHEIRO__RANCHEIRO WAFER RANCHEIRO MORANGO,0.415278896689415,0.046621665358543396,['low_score'],,,,,,,,,,,,,,,,0
IMG_7297.HEIC,81,0.4895089864730835,528,925,851,999,product_crops\product_0081_conf_0.49.jpg,__Unknown__,True,RANCHEIRO__RANCHEIRO COOKIES RANCHEIRO,0.5006113052368164,0.68,-0.039999999999999925,RANCHEIRO__RANCHEIRO ROSQ RECHEADA RANCHEIRO CHOC-COCO,0.4908922016620636,0.009719103574752808,['low_score'],,,,,,,,,,,,,,,,0
IMG_7297.HEIC,82,0.4892294406890869,1392,1480,1697,1540,product_crops\product_0082_conf_0.49.jpg,__Unknown__,True,RANCHEIRO__RANCHEIRO ROSQUINHA DE CHOCOLATE RANCHEIRO,0.46433669328689575,0.62,-0.09999999999999998,RANCHEIRO__RANCHEIRO BISCOITO MAIZENA RANCHEIRO,0.4301334619522095,0.03420323133468628,['low_score'],,,,,,,,,,,,,,,,0
IMG_7297.HEIC,83,0.48458442091941833,168,1329,390,1383,product_crops\product_0083_conf_0.48.jpg,__Unknown__,True,RANCHEIRO__RANCHEIRO ROSQUINHA DE CHOCOLATE RANCHEIRO,0.5018172264099121,0.62,-0.09999999999999998,RANCHEIRO__RANCHEIRO WAFER RANCHEIRO BAUNILHA,0.42420494556427,0.07761228084564209,['low_score'],,,,,,,,,,,,,,,,0
IMG_7297.HEIC,84,0.48372629284858704,1501,1921,1814,1982,product_crops\product_0084_conf_0.48.jpg,__Unknown__,True,Mabel__Mabel Recheado Mabel Sabor Chocolate,0.6633194386959076,0.72,0.0,Adoralle__Adoralle Alimentos Laminados Doces Leite,0.6332740783691406,0.030045360326766968,['low_score'],,,,,,,,,,,,,,,,0
IMG_7297.HEIC,85,0.4822191894054413,1391,1543,1698,1621,product_crops\product_0085_conf_0.48.jpg,__Unknown__,True,RANCHEIRO__RANCHEIRO ROSQUINHA RECHEADA DE MORANGO RANCHEIRO,0.5025932908058166,0.72,0.0,,,,['low_score'],,,,,,,,,,,,,,,,0
IMG_7297.HEIC,86,0.470715194940567,2152,2534,2266,2596,product_crops\product_0086_conf_0.47.jpg,__Unknown__,True,RANCHEIRO__RANCHEIRO ROSQUINHA DE CHOCOLATE RANCHEIRO,0.5378900170326233,0.62,-0.09999999999999998,RANCHEIRO__RANCHEIRO ROSQUINHA DE COCO RANCHEIRO,0.48053109645843506,0.05735892057418823,['low_score'],,,,,,,,,,,,,,,,0
IMG_7297.HEIC,87,0.4705669581890106,1415,1328,1698,1398,product_crops\product_0087_conf_0.47.jpg,__Unknown__,True,RANCHEIRO__RANCHEIRO COOKIES RANCHEIRO,0.5038211345672607,0.68,-0.039999999999999925,RANCHEIRO__RANCHEIRO ROSQUINHA RECHEADA DE MORANGO RANCHEIRO,0.4901678164800008,0.013653318087259947,['low_score'],,,,,,,,,,,,,,,,0
IMG_7297.HEIC,88,0.46454834938049316,425,1852,757,1901,product_crops\product_0088_conf_0.46.jpg,__Unknown__,True,RANCHEIRO__RANCHEIRO ROSQUINHA DE CHOCOLATE RANCHEIRO,0.490675687789917,0.62,-0.09999999999999998,RANCHEIRO__RANCHEIRO ROSQUINHA RECHEADA DE BAUNILHA RANCHEIRO,0.3999687433242798,0.09070694446563721,['low_score'],,,,,,,,,,,,,,,,0
IMG_7297.HEIC,89,0.4556427001953125,815,2043,1087,2102,product_crops\product_0089_conf_0.46.jpg,RANCHEIRO__RANCHEIRO ROSQUINHA RECHEADA DE BAUNILHA RANCHEIRO,False,RANCHEIRO__RANCHEIRO ROSQUINHA RECHEADA DE BAUNILHA RANCHEIRO,0.8889197409152985,0.69,-0.030000000000000027,RANCHEIRO__RANCHEIRO ROSQUINHA RECHEADA DE MORANGO RANCHEIRO,0.8790217638015747,0.009897977113723755,[],,,,,,,,,,,,,,,,0
IMG_7297.HEIC,90,0.4362814128398895,914,1002,1310,1068,product_crops\product_0090_conf_0.44.jpg,__Unknown__,True,RANCHEIRO__RANCHEIRO ROSQUINHA RECHEADA DE BAUNILHA RANCHEIRO,0.44527268409729004,0.69,-0.030000000000000027,RANCHEIRO__RANCHEIRO ROSQUINHA RECHEADA DE MORANGO RANCHEIRO,0.4446256682276726,0.0006470158696174622,['low_score'],,,,,,,,,,,,,,,,0
IMG_7297.HEIC,91,0.4177311658859253,2168,586,2266,1030,product_crops\product_0091_conf_0.42.jpg,__Unknown__,True,RANCHEIRO__RANCHEIRO ROSQUINHA RECHEADA DE BAUNILHA RANCHEIRO,0.49430139859517414,0.69,-0.030000000000000027,RANCHEIRO__RANCHEIRO WAFER RANCHEIRO BAUNILHA,0.4853111058473587,0.008990292747815432,['low_score'],,,,,,,,,,,,,,,,0
IMG_7297.HEIC,92,0.3691360652446747,212,2729,505,2790,product_crops\product_0092_conf_0.37.jpg,__Unknown__,True,RANCHEIRO__RANCHEIRO ROSQUINHA RECHEADA DE MORANGO-CARAMELO RANCHEIRO,0.5681531131267548,0.68,-0.039999999999999925,RANCHEIRO__RANCHEIRO WAFER RANCHEIRO MORANGO,0.5368047555287679,0.03134835759798682,['low_score'],,,,,,,,,,,,,,,,0
IMG_7297.HEIC,93,0.3493536412715912,49,983,466,1057,product_crops\product_0093_conf_0.35.jpg,__Unknown__,True,RANCHEIRO__RANCHEIRO ROSQ RECHEADA RANCHEIRO CHOC-COCO,0.4716658592224121,0.71,-0.010000000000000009,RANCHEIRO__RANCHEIRO ROSQUINHA BANANA-CANELA RANCHEIRO,0.45476216077804565,0.016903698444366455,['low_score'],,,,,,,,,,,,,,,,0
IMG_7297.HEIC,94,0.31336742639541626,1884,1977,2170,2046,product_crops\product_0094_conf_0.31.jpg,RANCHEIRO__RANCHEIRO ROSQUINHA RECHEADA DE CHOCOLATE RANCHEIRO,False,RANCHEIRO__RANCHEIRO ROSQUINHA RECHEADA DE CHOCOLATE RANCHEIRO,0.8551926493644715,0.64,-0.07999999999999996,,,,[],,,,,,,,,,,,,,,,0
IMG_7297.HEIC,95,0.2605184018611908,1264,564,1335,1057,product_crops\product_0095_conf_0.26.jpg,__Unknown__,True,RANCHEIRO__RANCHEIRO WAFER RANCHEIRO BAUNILHA,0.3764709234237671,0.7,-0.020000000000000018,RANCHEIRO__RANCHEIRO ROSQUINHA RECHEADA DE BAUNILHA RANCHEIRO,0.375698983669281,0.000771939754486084,['low_score'],,,,,,,,,,,,,,,,0
IMG_7297.HEIC,96,0.2528216540813446,1298,2422,1612,2489,product_crops\product_0096_conf_0.25.jpg,__Unknown__,True,RANCHEIRO__RANCHEIRO ROSQUINHA RECHEADA DE MORANGO-CARAMELO RANCHEIRO,0.5017991065979004,0.68,-0.039999999999999925,Mabel__Mabel Recheado Mabel Sabor Chocolate,0.4775613844394684,0.024237722158432007,['low_score'],,,,,,,,,,,,,,,,0
IMG_7352.HEIC,0,0.9748749732971191,1137,1393,1338,1842,product_crops\product_0000_conf_0.97.jpg,__Unknown__,True,RANCHEIRO__RANCHEIRO WAFER RANCHEIRO MORANGO,0.603658139705658,0.72,0.0,RANCHEIRO__RANCHEIRO WAFER RANCHEIRO CHOCOLATE,0.5972294012705485,0.006428738435109493,['low_score'],,,,,,,,,,,,,,,,0
IMG_7352.HEIC,1,0.9722046852111816,1530,1415,1747,1862,product_crops\product_0001_conf_0.97.jpg,__Unknown__,True,RANCHEIRO__RANCHEIRO ROSQUINHA DE CHOCOLATE RANCHEIRO,0.4953249394893646,0.62,-0.09999999999999998,,,,['low_score'],4,"2,99",2.99,,,,,"2,99",2.99,regular,False,image_single_palette,yellow,302.00165562460086,4,1
IMG_7352.HEIC,2,0.9720751643180847,859,3364,1233,3782,product_crops\product_0002_conf_0.97.jpg,__Unknown__,True,Mabel__Mabel Rosquinha Mabel Sabor Banana e Canela,0.7114433348178864,0.72,0.0,Mabel__Mabel Rosquinha Mabel Sabor Coco,0.705662727355957,0.005780607461929321,['low_score'],,,,,,,,,,,,,,,,0
IMG_7352.HEIC,3,0.9720661044120789,777,139,1322,577,product_crops\product_0003_conf_0.97.jpg,__Unknown__,True,RANCHEIRO__RANCHEIRO BISCOITO MARIA RANCHEIRO,0.6669444918632508,0.72,0.0,,,,['low_score'],,,,,,,,,,,,,,,,0
IMG_7352.HEIC,4,0.9716508984565735,1742,1427,1952,1872,product_crops\product_0004_conf_0.97.jpg,__Unknown__,True,RANCHEIRO__RANCHEIRO COOKIES CHOCOLATE RANCHEIRO,0.4772329429785411,0.72,0.0,RANCHEIRO__RANCHEIRO ROSQUINHA RECHEADA DE MORANGO RANCHEIRO,0.4630868434906006,0.014146099487940489,['low_score'],,,,,,,,,,,,,,,,0
IMG_7352.HEIC,5,0.9707161784172058,920,1363,1141,1835,product_crops\product_0005_conf_0.97.jpg,__Unknown__,True,RANCHEIRO__RANCHEIRO WAFER RANCHEIRO MORANGO,0.48684483766555786,0.72,0.0,RANCHEIRO__RANCHEIRO ROSQUINHA RECHEADA DE MORANGO-CARAMELO RANCHEIRO,0.4828741103410721,0.003970727324485779,['low_score'],15,"2,99",2.99,,,,,"2,99",2.99,regular,False,image_single_palette,yellow,311.0470221686747,15,1
IMG_7352.HEIC,6,0.9704691171646118,1620,890,2055,1272,product_crops\product_0006_conf_0.97.jpg,RANCHEIRO__RANCHEIRO BISCOITO MARIA RANCHEIRO,False,RANCHEIRO__RANCHEIRO BISCOITO MARIA RANCHEIRO,0.9084827423095703,0.72,0.0,,,,[],,,,,,,,,,,,,,,,0
IMG_7352.HEIC,7,0.9702785015106201,1333,1398,1534,1851,product_crops\product_0007_conf_0.97.jpg,__Unknown__,True,RANCHEIRO__RANCHEIRO WAFER RANCHEIRO CHOCOLATE,0.5822384357452393,0.71,-0.010000000000000009,RANCHEIRO__RANCHEIRO WAFER RANCHEIRO MORANGO,0.5773589611053467,0.004879474639892578,['low_score'],11,"2,99",2.99,,,,,"2,99",2.99,regular,False,image_single_palette,yellow,293.6090087173757,11,1
IMG_7352.HEIC,8,0.9689304232597351,767,1937,1031,2453,product_crops\product_0008_conf_0.97.jpg,__Unknown__,True,Mabel__Mabel Cookie Mabel Original com gotas de chocolate,0.4477502107620239,0.72,0.0,Mabel__Mabel Rosquinha Mabel Sabor Chocolate,0.4287334978580475,0.01901671290397644,['low_score'],6,"3,99",3.99,,,,,"3,99",3.99,regular,False,image_single_palette,yellow,311.08841187032345,6,1
IMG_7352.HEIC,9,0.9676620364189148,1251,3366,1595,3724,product_crops\product_0009_conf_0.97.jpg,__Unknown__,True,Mabel__Mabel Rosquinha Mabel Sabor Leite,0.6311308940251669,0.72,0.0,Adoralle__Adoralle Alimentos Rosquinhas Leite,0.6044395864009857,0.02669130762418115,['low_score'],0,"9,49",9.49,,,,,"9,49",9.49,regular,False,image_single_palette,white,322.8641355121377,0,1
IMG_7352.HEIC,10,0.9676100015640259,492,3359,849,3769,product_crops\product_0010_conf_0.97.jpg,Mabel__Mabel Rosquinha Mabel Sabor Coco,False,Mabel__Mabel Rosquinha Mabel Sabor Coco,0.8558217525482178,0.72,0.0,,,,[],3,"9,49",9.49,,,,,"9,49",9.49,regular,False,image_single_palette,white,379.73708009621606,3,1
IMG_7352.HEIC,11,0.967019259929657,1595,3371,1943,3753,product_crops\product_0011_conf_0.97.jpg,Mabel__Mabel Rosquinha Mabel Sabor Leite,False,Mabel__Mabel Rosquinha Mabel Sabor Leite,0.7572703719139099,0.72,0.0,,,,[],,,,,,,,,,,,,,,,0
IMG_7352.HEIC,12,0.965716540813446,1090,835,1632,1243,product_crops\product_0012_conf_0.97.jpg,__Unknown__,True,RANCHEIRO__RANCHEIRO BISCOITO MARIA RANCHEIRO,0.6557205796241761,0.72,0.0,,,,['low_score'],9,"4,99",4.99,"4,39",4.39,,,"4,99 / 4,39",4.99 / 4.39,regular,False,image_single_palette,yellow,316.0146357370177,9,1
IMG_7352.HEIC,13,0.9650090932846069,0,1273,310,1796,product_crops\product_0013_conf_0.97.jpg,__Unknown__,True,RANCHEIRO__RANCHEIRO BISCOITO MAIZENA RANCHEIRO,0.5331705659627914,0.76,0.040000000000000036,RANCHEIRO__RANCHEIRO CREAM CRACKER RANCHEIRO,0.5317369103431702,0.0014336556196212769,['low_score'],13,"10,99",10.99,,,,,"10,99",10.99,regular,False,image_single_palette,yellow,334.15752273441336,13,1
IMG_7352.HEIC,14,0.9647742509841919,228,88,779,528,product_crops\product_0014_conf_0.96.jpg,__Unknown__,True,RANCHEIRO__RANCHEIRO BISCOITO MARIA RANCHEIRO,0.588720053434372,0.72,0.0,RANCHEIRO__RANCHEIRO ROSQUINHA DE CHOCOLATE RANCHEIRO,0.5759767889976501,0.012743264436721802,['low_score'],23,"2,35",2.35,"9,79",9.79,,,"2,35 / 9,79",2.35 / 9.79,regular,False,image_single_palette,white,282.81619472724685,23,1
IMG_7352.HEIC,15,0.9644298553466797,1495,1964,1727,2460,product_crops\product_0015_conf_0.96.jpg,__Unknown__,True,RANCHEIRO__RANCHEIRO COOKIES RANCHEIRO,0.546179473400116,0.68,-0.039999999999999925,Mabel__Mabel Laminado Doce Mabel Sabor Chocolate,0.5290769934654236,0.017102479934692383,['low_score'],,,,,,,,,,,,,,,,0
IMG_7352.HEIC,16,0.9639246463775635,175,3354,497,3762,product_crops\product_0016_conf_0.96.jpg,Mabel__Mabel Rosquinha Mabel Sabor Coco,False,Mabel__Mabel Rosquinha Mabel Sabor Coco,0.7373846650123597,0.72,0.0,,,,[],,,,,,,,,,,,,,,,0
IMG_7352.HEIC,17,0.9638245105743408,532,793,1091,1208,product_crops\product_0017_conf_0.96.jpg,__Unknown__,True,RANCHEIRO__RANCHEIRO BISCOITO MARIA RANCHEIRO,0.6537972092628479,0.72,0.0,,,,['low_score'],,,,,,,,,,,,,,,,0
IMG_7352.HEIC,18,0.9638218283653259,534,1920,775,2436,product_crops\product_0018_conf_0.96.jpg,__Unknown__,True,RANCHEIRO__RANCHEIRO ROSQUINHA RECHEADA DE MORANGO-CARAMELO RANCHEIRO,0.49311554431915283,0.68,-0.039999999999999925,Adoralle__Adoralle Alimentos Laminados Doces Coco,0.4765738844871521,0.016541659832000732,['low_score'],,,,,,,,,,,,,,,,0
IMG_7352.HEIC,19,0.9632618427276611,287,1907,539,2423,product_crops\product_0019_conf_0.96.jpg,__Unknown__,True,RANCHEIRO__RANCHEIRO ROSQUINHA RECHEADA DE MORANGO-CARAMELO RANCHEIRO,0.5049514770507812,0.68,-0.039999999999999925,RANCHEIRO__RANCHEIRO ROSQUINHA RECHEADA DE CHOCOLATE RANCHEIRO,0.48331767320632935,0.021633803844451904,['low_score'],,,,,,,,,,,,,,,,0
IMG_7352.HEIC,20,0.9612481594085693,1948,1429,2163,1879,product_crops\product_0020_conf_0.96.jpg,__Unknown__,True,RANCHEIRO__RANCHEIRO COOKIES CHOCOLATE RANCHEIRO,0.4823586940765381,0.72,0.0,RANCHEIRO__RANCHEIRO ROSQUINHA DE CHOCOLATE RANCHEIRO,0.4805099666118622,0.0018487274646759033,['low_score'],,,,,,,,,,,,,,,,0
IMG_7352.HEIC,21,0.9596949219703674,1031,1948,1268,2456,product_crops\product_0021_conf_0.96.jpg,__Unknown__,True,RANCHEIRO__RANCHEIRO ROSQUINHA DE CHOCOLATE RANCHEIRO,0.4860295355319977,0.62,-0.09999999999999998,Mabel__Mabel Laminado Doce Mabel Sabor Chocolate,0.4826262891292572,0.0034032464027404785,['low_score'],,,,,,,,,,,,,,,,0
IMG_7352.HEIC,22,0.9593300223350525,2055,931,2267,1290,product_crops\product_0022_conf_0.96.jpg,RANCHEIRO__RANCHEIRO BISCOITO MARIA RANCHEIRO,False,RANCHEIRO__RANCHEIRO BISCOITO MARIA RANCHEIRO,0.7828104019165039,0.72,0.0,,,,[],,,,,,,,,,,,,,,,0
IMG_7352.HEIC,23,0.9538272023200989,1263,1955,1500,2457,product_crops\product_0023_conf_0.95.jpg,__Unknown__,True,RANCHEIRO__RANCHEIRO COOKIES RANCHEIRO,0.5440940856933594,0.68,-0.039999999999999925,RANCHEIRO__RANCHEIRO ROSQUINHA RECHEADA DE CHOCOLATE RANCHEIRO,0.5079742670059204,0.036119818687438965,['low_score'],14,"3,99",3.99,,,,,"3,99",3.99,regular,False,image_single_palette,yellow,328.2628519951656,14,1
IMG_7352.HEIC,24,0.953475832939148,654,1389,921,1825,product_crops\product_0024_conf_0.95.jpg,__Unknown__,True,RANCHEIRO__RANCHEIRO ROSQUINHA RECHEADA DE MORANGO-CARAMELO RANCHEIRO,0.5139618396759034,0.68,-0.039999999999999925,,,,['low_score'],,,,,,,,,,,,,,,,0
IMG_7352.HEIC,25,0.9521308541297913,310,1332,660,1806,product_crops\product_0025_conf_0.95.jpg,__Unknown__,True,RANCHEIRO__RANCHEIRO BISCOITO MAIZENA RANCHEIRO,0.5703934669494629,0.76,0.040000000000000036,,,,['low_score'],,,,,,,,,,,,,,,,0
IMG_7352.HEIC,26,0.9428917169570923,0,16,228,487,product_crops\product_0026_conf_0.94.jpg,__Unknown__,True,RANCHEIRO__RANCHEIRO ROSQUINHA DE CHOCOLATE RANCHEIRO,0.5157564043998718,0.62,-0.09999999999999998,,,,['low_score'],17,"9,59",9.59,,,,,"9,59",9.59,regular,False,image_single_palette,white,289.1236759589225,17,1
IMG_7352.HEIC,27,0.9094860553741455,1318,0,2114,634,product_crops\product_0027_conf_0.91.jpg,__Unknown__,True,RANCHEIRO__RANCHEIRO BISCOITO MARIA RANCHEIRO,0.4807705283164978,0.72,0.0,RANCHEIRO__RANCHEIRO WAFER RANCHEIRO MORANGO,0.46684882044792175,0.01392170786857605,['low_score'],,,,,,,,,,,,,,,,0
IMG_7352.HEIC,28,0.8553143739700317,2154,1420,2267,1885,product_crops\product_0028_conf_0.86.jpg,__Unknown__,True,RANCHEIRO__RANCHEIRO COOKIES CHOCOLATE RANCHEIRO,0.4331350823243459,0.72,0.0,RANCHEIRO__RANCHEIRO CREAM CRACKER RANCHEIRO,0.4248234033584595,0.008311678965886415,['low_score'],,,,,,,,,,,,,,,,0
IMG_7352.HEIC,29,0.8411149978637695,1142,2621,1676,2686,product_crops\product_0029_conf_0.84.jpg,__Unknown__,True,RANCHEIRO__RANCHEIRO BISCOITO MAIZENA RANCHEIRO,0.7303253173828125,0.76,0.040000000000000036,,,,['low_score'],,,,,,,,,,,,,,,,0
IMG_7352.HEIC,30,0.8135960102081299,1704,2634,2217,2684,product_crops\product_0030_conf_0.81.jpg,__Unknown__,True,RANCHEIRO__RANCHEIRO BISCOITO MAIZENA RANCHEIRO,0.6710822582244873,0.76,0.040000000000000036,,,,['low_score'],,,,,,,,,,,,,,,,0
IMG_7352.HEIC,31,0.7919245362281799,2064,75,2267,664,product_crops\product_0031_conf_0.79.jpg,__Unknown__,True,RANCHEIRO__RANCHEIRO CREAM CRACKER RANCHEIRO,0.5062925517559052,0.81,0.09000000000000008,RANCHEIRO__RANCHEIRO ROSQUINHA RECHEADA DE CHOCOLATE RANCHEIRO,0.4925168305635452,0.013775721192359924,['low_score'],,,,,,,,,,,,,,,,0
IMG_7352.HEIC,32,0.7905025482177734,1080,3133,1544,3179,product_crops\product_0032_conf_0.79.jpg,__Unknown__,True,RANCHEIRO__RANCHEIRO BISCOITO MAIZENA RANCHEIRO,0.6406255483627319,0.76,0.040000000000000036,,,,['low_score'],,,,,,,,,,,,,,,,0
IMG_7352.HEIC,33,0.7862284183502197,5,2626,522,2686,product_crops\product_0033_conf_0.79.jpg,Mabel__Mabel Laminado Doce Mabel Sabor Chocolate,False,Mabel__Mabel Laminado Doce Mabel Sabor Chocolate,0.8209978818893433,0.72,0.0,,,,[],,,,,,,,,,,,,,,,0
IMG_7352.HEIC,34,0.7798799872398376,534,2579,1096,2649,product_crops\product_0034_conf_0.78.jpg,RANCHEIRO__RANCHEIRO BISCOITO MAIZENA RANCHEIRO,False,RANCHEIRO__RANCHEIRO BISCOITO MAIZENA RANCHEIRO,0.7612469553947449,0.76,0.040000000000000036,,,,[],,,,,,,,,,,,,,,,0
IMG_7352.HEIC,35,0.7754697203636169,1728,2328,2240,2387,product_crops\product_0035_conf_0.78.jpg,__Unknown__,True,RANCHEIRO__RANCHEIRO ROSQUINHA RECHEADA DE CHOCOLATE RANCHEIRO,0.44923320412635803,0.64,-0.07999999999999996,RANCHEIRO__RANCHEIRO BISCOITO MAIZENA RANCHEIRO,0.4490322470664978,0.0002009570598602295,['low_score'],,,,,,,,,,,,,,,,0
IMG_7352.HEIC,36,0.7664804458618164,1133,2692,1663,2749,product_crops\product_0036_conf_0.77.jpg,__Unknown__,True,RANCHEIRO__RANCHEIRO BISCOITO MAIZENA RANCHEIRO,0.7014135718345642,0.76,0.040000000000000036,,,,['low_score'],,,,,,,,,,,,,,,,0
IMG_7352.HEIC,37,0.7607234120368958,1077,3223,1542,3279,product_crops\product_0037_conf_0.76.jpg,__Unknown__,True,RANCHEIRO__RANCHEIRO BISCOITO MAIZENA RANCHEIRO,0.6698948542277018,0.76,0.040000000000000036,Adoralle__Adoralle Alimentos Laminados Doces Maizena,0.6651947796344757,0.004700074593226078,['low_score'],5,"4,49",4.49,,,,,"4,49",4.49,regular,False,image_single_palette,yellow,136.5329630528833,5,1
IMG_7352.HEIC,38,0.7473207116127014,571,2828,1085,2892,product_crops\product_0038_conf_0.75.jpg,Mabel__Mabel Laminado Doce Mabel Sabor Chocolate,False,Mabel__Mabel Laminado Doce Mabel Sabor Chocolate,0.9423958778381347,0.72,0.0,,,,[],10,"9,59",9.59,,,,,"9,59",9.59,regular,False,image_single_palette,yellow,73.97972695272672,10,1
IMG_7352.HEIC,39,0.7104059457778931,1714,2568,2228,2629,product_crops\product_0039_conf_0.71.jpg,__Unknown__,True,RANCHEIRO__RANCHEIRO BISCOITO MAIZENA RANCHEIRO,0.7165687561035157,0.76,0.040000000000000036,,,,['low_score'],,,,,,,,,,,,,,,,0
IMG_7352.HEIC,40,0.6927603483200073,560,2713,1086,2776,product_crops\product_0040_conf_0.69.jpg,Mabel__Mabel Laminado Doce Mabel Sabor Chocolate,False,Mabel__Mabel Laminado Doce Mabel Sabor Chocolate,0.8729538083076477,0.72,0.0,,,,[],,,,,,,,,,,,,,,,0
IMG_7352.HEIC,41,0.6924473643302917,549,2653,1091,2710,product_crops\product_0041_conf_0.69.jpg,__Unknown__,True,RANCHEIRO__RANCHEIRO BISCOITO MAIZENA RANCHEIRO,0.7578977108001709,0.76,0.040000000000000036,,,,['low_score'],,,,,,,,,,,,,,,,0
IMG_7352.HEIC,42,0.6902679800987244,40,1895,279,2425,product_crops\product_0042_conf_0.69.jpg,__Unknown__,True,RANCHEIRO__RANCHEIRO ROSQUINHA RECHEADA DE MORANGO-CARAMELO RANCHEIRO,0.5202093482017517,0.68,-0.039999999999999925,,,,['low_score'],21,"4,49",4.49,,,,,"4,49",4.49,regular,False,image_single_palette,yellow,328.1044041155193,21,1
IMG_7352.HEIC,43,0.6847725510597229,1562,3117,2022,3171,product_crops\product_0043_conf_0.68.jpg,__Unknown__,True,Adoralle__Adoralle Alimentos Laminados Doces Coco,0.545276403427124,0.72,0.0,RANCHEIRO__RANCHEIRO WAFER RANCHEIRO LIMAO,0.5289939641952515,0.01628243923187256,['low_score'],,,,,,,,,,,,,,,,0
IMG_7352.HEIC,44,0.6806290745735168,4,2541,519,2620,product_crops\product_0044_conf_0.68.jpg,Mabel__Mabel Laminado Doce Mabel Sabor Chocolate,False,Mabel__Mabel Laminado Doce Mabel Sabor Chocolate,0.8356749534606933,0.72,0.0,,,,[],,,,,,,,,,,,,,,,0
IMG_7352.HEIC,45,0.6769381165504456,583,3125,1059,3175,product_crops\product_0045_conf_0.68.jpg,__Unknown__,True,Mabel__Mabel Amanteigado Mabel Sabor Coco,0.5637186020612717,0.72,0.0,Adoralle__Adoralle Alimentos Laminados Doces Coco,0.5565074682235718,0.00721113383769989,['low_score'],,,,,,,,,,,,,,,,0
IMG_7352.HEIC,46,0.6615811586380005,1562,3006,2024,3065,product_crops\product_0046_conf_0.66.jpg,__Unknown__,True,Adoralle__Adoralle Alimentos Laminados Doces Coco,0.5208587050437927,0.72,0.0,,,,['low_score'],,,,,,,,,,,,,,,,0
IMG_7352.HEIC,47,0.6583473682403564,1732,2268,2245,2323,product_crops\product_0047_conf_0.66.jpg,__Unknown__,True,RANCHEIRO__RANCHEIRO BISCOITO MAIZENA RANCHEIRO,0.4549243450164795,0.76,0.040000000000000036,RANCHEIRO__RANCHEIRO WAFER RANCHEIRO LIMAO,0.450183629989624,0.004740715026855469,['low_score'],,,,,,,,,,,,,,,,0
IMG_7352.HEIC,48,0.6445157527923584,215,3926,677,4032,product_crops\product_0048_conf_0.64.jpg,__Unknown__,True,RANCHEIRO__RANCHEIRO WAFER RANCHEIRO MORANGO,0.43943166732788086,0.72,0.0,RANCHEIRO__RANCHEIRO ROSQUINHA RECHEADA DE MORANGO-CARAMELO RANCHEIRO,0.427188515663147,0.012243151664733887,['low_score'],,,,,,,,,,,,,,,,0
IMG_7352.HEIC,49,0.6293401122093201,39,2816,554,2878,product_crops\product_0049_conf_0.63.jpg,Mabel__Mabel Laminado Doce Mabel Sabor Chocolate,False,Mabel__Mabel Laminado Doce Mabel Sabor Chocolate,0.938720190525055,0.72,0.0,,,,[],,,,,,,,,,,,,,,,0
IMG_7352.HEIC,50,0.6277069449424744,1563,3070,2022,3118,product_crops\product_0050_conf_0.63.jpg,__Unknown__,True,Adoralle__Adoralle Alimentos Laminados Doces Coco,0.5533697724342346,0.72,0.0,,,,['low_score'],,,,,,,,,,,,,,,,0
IMG_7352.HEIC,51,0.6267287731170654,1082,3181,1541,3226,product_crops\product_0051_conf_0.63.jpg,__Unknown__,True,RANCHEIRO__RANCHEIRO BISCOITO MAIZENA RANCHEIRO,0.6065955758094788,0.76,0.040000000000000036,,,,['low_score'],12,"4,49",4.49,,,,,"4,49",4.49,regular,False,image_single_palette,yellow,172.07265907168403,12,1
IMG_7352.HEIC,52,0.6252032518386841,580,3074,1059,3123,product_crops\product_0052_conf_0.63.jpg,__Unknown__,True,Adoralle__Adoralle Alimentos Laminados Doces Coco,0.5571536123752594,0.72,0.0,Mabel__Mabel Amanteigado Mabel Sabor Coco,0.5497120916843414,0.007441520690917969,['low_score'],,,,,,,,,,,,,,,,0
IMG_7352.HEIC,53,0.6136916875839233,87,3082,565,3131,product_crops\product_0053_conf_0.61.jpg,Mabel__Mabel Laminado Doce Mabel Sabor Leite,False,Mabel__Mabel Laminado Doce Mabel Sabor Leite,0.8938895910978317,0.72,0.0,Mabel__Mabel Amanteigado Mabel Sabor Leite,0.8924282789230347,0.001461312174797058,[],,,,,,,,,,,,,,,,0
IMG_7352.HEIC,54,0.6070435047149658,77,3029,556,3079,product_crops\product_0054_conf_0.61.jpg,Mabel__Mabel Laminado Doce Mabel Sabor Chocolate,False,Mabel__Mabel Laminado Doce Mabel Sabor Chocolate,0.8689742088317871,0.72,0.0,Mabel__Mabel Cracker Agua e Sal,0.8588721950848898,0.010102013746897343,[],,,,,,,,,,,,,,,,0
IMG_7352.HEIC,55,0.5923919081687927,69,2964,554,3025,product_crops\product_0055_conf_0.59.jpg,Mabel__Mabel Laminado Doce Mabel Sabor Leite,False,Mabel__Mabel Laminado Doce Mabel Sabor Leite,0.85284423828125,0.72,0.0,Mabel__Mabel Cracker Agua e Sal,0.8473058342933655,0.0055384039878845215,[],,,,,,,,,,,,,,,,0
IMG_7352.HEIC,56,0.5840478539466858,567,2776,1083,2830,product_crops\product_0056_conf_0.58.jpg,Mabel__Mabel Laminado Doce Mabel Sabor Chocolate,False,Mabel__Mabel Laminado Doce Mabel Sabor Chocolate,0.9335637092590332,0.72,0.0,,,,[],,,,,,,,,,,,,,,,0
IMG_7352.HEIC,57,0.5835060477256775,94,3134,573,3187,product_crops\product_0057_conf_0.58.jpg,Mabel__Mabel Laminado Doce Mabel Sabor Leite,False,Mabel__Mabel Laminado Doce Mabel Sabor Leite,0.881371021270752,0.72,0.0,Mabel__Mabel Laminado Doce Mabel Sabor Chocolate,0.8725530505180359,0.008817970752716064,[],18,"6,59",6.59,,,,,"6,59",6.59,regular,False,image_single_palette,yellow,158.3485080447555,18,1
IMG_7352.HEIC,58,0.5730144381523132,1077,3086,1550,3132,product_crops\product_0058_conf_0.57.jpg,__Unknown__,True,RANCHEIRO__RANCHEIRO BISCOITO MAIZENA RANCHEIRO,0.5670997500419617,0.76,0.040000000000000036,,,,['low_score'],,,,,,,,,,,,,,,,0
IMG_7352.HEIC,59,0.5623846650123596,1695,2688,2199,2736,product_crops\product_0059_conf_0.56.jpg,__Unknown__,True,RANCHEIRO__RANCHEIRO BISCOITO MAIZENA RANCHEIRO,0.6522632598876953,0.76,0.040000000000000036,,,,['low_score'],,,,,,,,,,,,,,,,0
IMG_7352.HEIC,60,0.5516433119773865,1735,2207,2250,2266,product_crops\product_0060_conf_0.55.jpg,__Unknown__,True,RANCHEIRO__RANCHEIRO BISCOITO MAIZENA RANCHEIRO,0.44678820967674254,0.76,0.040000000000000036,,,,['low_score'],,,,,,,,,,,,,,,,0
IMG_7352.HEIC,61,0.5478293299674988,568,2974,1057,3027,product_crops\product_0061_conf_0.55.jpg,__Unknown__,True,Adoralle__Adoralle Alimentos Laminados Doces Coco,0.5679450432459513,0.72,0.0,Mabel__Mabel Amanteigado Mabel Sabor Coco,0.5658650994300842,0.002079943815867069,['low_score'],,,,,,,,,,,,,,,,0
IMG_7352.HEIC,62,0.5390431880950928,1721,2392,2238,2462,product_crops\product_0062_conf_0.54.jpg,__Unknown__,True,RANCHEIRO__RANCHEIRO WAFER RANCHEIRO LIMAO,0.3822678029537201,0.72,0.0,RANCHEIRO__RANCHEIRO BISCOITO MAIZENA RANCHEIRO,0.3742164969444275,0.008051306009292603,['low_score'],,,,,,,,,,,,,,,,0
IMG_7352.HEIC,63,0.5274680256843567,98,3189,577,3253,product_crops\product_0063_conf_0.53.jpg,Mabel__Mabel Laminado Doce Mabel Sabor Leite,False,Mabel__Mabel Laminado Doce Mabel Sabor Leite,0.8872469663619995,0.72,0.0,Mabel__Mabel Laminado Doce Mabel Maisena,0.8823443651199341,0.00490260124206543,[],22,"7,89",7.89,,,,,"7,89",7.89,regular,False,image_single_palette,yellow,210.138644708678,22,1
IMG_7352.HEIC,64,0.5199536085128784,28,2759,545,2817,product_crops\product_0064_conf_0.52.jpg,Mabel__Mabel Laminado Doce Mabel Sabor Chocolate,False,Mabel__Mabel Laminado Doce Mabel Sabor Chocolate,0.938846755027771,0.72,0.0,,,,[],,,,,,,,,,,,,,,,0
IMG_7352.HEIC,65,0.5081534385681152,1731,2110,2266,2201,product_crops\product_0065_conf_0.51.jpg,__Unknown__,True,Adoralle__Adoralle Alimentos Laminados Doces Maizena,0.43062347173690796,0.73,0.010000000000000009,RANCHEIRO__RANCHEIRO BISCOITO MAIZENA RANCHEIRO,0.42738523085912067,0.0032382408777872906,['low_score'],,,,,,,,,,,,,,,,0
IMG_7352.HEIC,66,0.4979057312011719,1056,3050,1551,3089,product_crops\product_0066_conf_0.50.jpg,__Unknown__,True,RANCHEIRO__RANCHEIRO BISCOITO MAIZENA RANCHEIRO,0.5547502279281616,0.76,0.040000000000000036,,,,['low_score'],,,,,,,,,,,,,,,,0
IMG_7352.HEIC,67,0.48556986451148987,1126,2856,1630,2903,product_crops\product_0067_conf_0.49.jpg,__Unknown__,True,RANCHEIRO__RANCHEIRO BISCOITO MAIZENA RANCHEIRO,0.7381069302558899,0.76,0.040000000000000036,,,,['low_score'],7,"9,59",9.59,,,,,"9,59",9.59,regular,False,image_single_palette,yellow,63.94137940332536,7,1
IMG_7352.HEIC,68,0.47002649307250977,1556,3219,2024,3275,product_crops\product_0068_conf_0.47.jpg,__Unknown__,True,Adoralle__Adoralle Alimentos Laminados Doces Coco,0.565811550617218,0.72,0.0,,,,['low_score'],1,"4,99",4.99,,,,,"4,99",4.99,regular,False,image_single_palette,yellow,89.51256894984078,1,1
IMG_7352.HEIC,69,0.4615066647529602,1563,3175,2016,3218,product_crops\product_0069_conf_0.46.jpg,__Unknown__,True,Adoralle__Adoralle Alimentos Laminados Doces Coco,0.570896053314209,0.72,0.0,,,,['low_score'],,,,,,,,,,,,,,,,0
IMG_7352.HEIC,70,0.4594995975494385,581,3216,1063,3272,product_crops\product_0070_conf_0.46.jpg,__Unknown__,True,Adoralle__Adoralle Alimentos Laminados Doces Coco,0.5783915221691132,0.72,0.0,Mabel__Mabel Amanteigado Mabel Sabor Coco,0.5728492438793182,0.005542278289794922,['low_score'],20,"7,89",7.89,,,,,"7,89",7.89,regular,False,image_single_palette,yellow,129.3213052826177,20,1
IMG_7352.HEIC,71,0.4178357720375061,585,3177,1059,3219,product_crops\product_0071_conf_0.42.jpg,__Unknown__,True,Mabel__Mabel Amanteigado Mabel Sabor Coco,0.5222014486789703,0.72,0.0,Adoralle__Adoralle Alimentos Laminados Doces Coco,0.5153417388598124,0.006859709819157955,['low_score'],19,"0,10",0.1,"7,89",7.89,,,"0,10 / 7,89",0.10 / 7.89,regular,False,image_single_palette,yellow,166.4046273395064,19,1
IMG_7352.HEIC,72,0.413386732339859,1071,2987,1552,3045,product_crops\product_0072_conf_0.41.jpg,__Unknown__,True,RANCHEIRO__RANCHEIRO BISCOITO MAIZENA RANCHEIRO,0.6361252188682556,0.76,0.040000000000000036,,,,['low_score'],,,,,,,,,,,,,,,,0
IMG_7352.HEIC,73,0.4038533568382263,1129,2752,1645,2802,product_crops\product_0073_conf_0.40.jpg,__Unknown__,True,RANCHEIRO__RANCHEIRO BISCOITO MAIZENA RANCHEIRO,0.7392987251281739,0.76,0.040000000000000036,,,,['low_score'],,,,,,,,,,,,,,,,0
IMG_7352.HEIC,74,0.3936727046966553,572,3029,1055,3074,product_crops\product_0074_conf_0.39.jpg,__Unknown__,True,Adoralle__Adoralle Alimentos Laminados Doces Coco,0.4915347397327423,0.72,0.0,,,,['low_score'],,,,,,,,,,,,,,,,0
IMG_7352.HEIC,75,0.3550272583961487,4,2689,529,2754,product_crops\product_0075_conf_0.36.jpg,Mabel__Mabel Laminado Doce Mabel Sabor Chocolate,False,Mabel__Mabel Laminado Doce Mabel Sabor Chocolate,0.9452020049095153,0.72,0.0,,,,[],,,,,,,,,,,,,,,,0
IMG_7352.HEIC,76,0.35277119278907776,1660,2848,2162,2904,product_crops\product_0076_conf_0.35.jpg,__Unknown__,True,RANCHEIRO__RANCHEIRO BISCOITO MAIZENA RANCHEIRO,0.66253262758255,0.76,0.040000000000000036,,,,['low_score'],,,,,,,,,,,,,,,,0
IMG_7352.HEIC,77,0.32908931374549866,1126,2807,1636,2855,product_crops\product_0077_conf_0.33.jpg,__Unknown__,True,RANCHEIRO__RANCHEIRO BISCOITO MAIZENA RANCHEIRO,0.6921246528625489,0.76,0.040000000000000036,,,,['low_score'],,,,,,,,,,,,,,,,0
IMG_7352.HEIC,78,0.27406591176986694,194,0,570,85,product_crops\product_0078_conf_0.27.jpg,__Unknown__,True,RANCHEIRO__RANCHEIRO BOX,0.37273499369621277,0.67,-0.04999999999999993,,,,['low_score'],,,,,,,,,,,,,,,,0
IMG_7352.HEIC,79,0.26541778445243835,2016,3304,2267,3424,product_crops\product_0079_conf_0.27.jpg,__Unknown__,True,RANCHEIRO__RANCHEIRO BISCOITO MARIA RANCHEIRO,0.6204402565956115,0.72,0.0,,,,['low_score'],2,"6,99",6.99,,,,,"6,99",6.99,regular,False,image_single_palette,yellow,137.71437833429013,2,1
IMG_7354.HEIC,0,0.9778849482536316,1287,1595,1595,2055,product_crops\product_0000_conf_0.98.jpg,__Unknown__,True,RANCHEIRO__RANCHEIRO CREAM CRACKER RANCHEIRO,0.5198180198669433,0.81,0.09000000000000008,,,,['low_score'],,,,,,,,,,,,,,,,0
IMG_7354.HEIC,1,0.9757289290428162,1024,1601,1295,2058,product_crops\product_0001_conf_0.98.jpg,__Unknown__,True,Emege__Emege Rosquinha Sabor Coco,0.5298088788986206,0.72,0.0,RANCHEIRO__RANCHEIRO CREAM CRACKER 65 RANCHEIRO,0.517174482345581,0.01263439655303955,['low_score'],,,,,,,,,,,,,,,,0
IMG_7354.HEIC,2,0.9747562408447266,1589,1586,1911,2051,product_crops\product_0002_conf_0.97.jpg,__Unknown__,True,RANCHEIRO__RANCHEIRO CREAM CRACKER RANCHEIRO,0.4866755843162537,0.81,0.09000000000000008,,,,['low_score'],5,"4,99",4.99,,,,,"4,99",4.99,regular,False,image_single_palette,yellow,305.0872825930311,5,1
IMG_7354.HEIC,3,0.9747346043586731,1357,995,1647,1483,product_crops\product_0003_conf_0.97.jpg,__Unknown__,True,Emege__Emege Rosquinha Sabor Coco,0.40008096893628436,0.72,0.0,Mabel__Mabel Cracker Agua e Sal,0.3988419473171234,0.0012390216191609515,['low_score'],16,"6,49",6.49,,,,,"6,49",6.49,regular,False,image_single_palette,yellow,318.17055174858655,16,1
IMG_7354.HEIC,4,0.9742960333824158,1492,2735,1739,3153,product_crops\product_0004_conf_0.97.jpg,__Unknown__,True,RANCHEIRO__RANCHEIRO CREAM CRACKER RANCHEIRO,0.5491779088973999,0.81,0.09000000000000008,,,,['low_score'],15,"10,99",10.99,,,,,"10,99",10.99,regular,False,image_single_palette,yellow,305.3604427557702,15,1
IMG_7354.HEIC,5,0.9739657044410706,657,925,1014,1500,product_crops\product_0005_conf_0.97.jpg,__Unknown__,True,RANCHEIRO__RANCHEIRO CREAM CRACKER RANCHEIRO,0.3643808588385582,0.81,0.09000000000000008,RANCHEIRO__RANCHEIRO ROSQUINHA RECHEADA DE MORANGO-CARAMELO RANCHEIRO,0.3564980924129486,0.007882766425609589,['low_score'],,,,,,,,,,,,,,,,0
IMG_7354.HEIC,6,0.9738060832023621,1900,1578,2233,2046,product_crops\product_0006_conf_0.97.jpg,__Unknown__,True,RANCHEIRO__RANCHEIRO CREAM CRACKER RANCHEIRO,0.5140199542045594,0.81,0.09000000000000008,,,,['low_score'],,,,,,,,,,,,,,,,0
IMG_7354.HEIC,7,0.973587691783905,1959,930,2268,1469,product_crops\product_0007_conf_0.97.jpg,__Unknown__,True,RANCHEIRO__RANCHEIRO CREAM CRACKER 65 RANCHEIRO,0.44717848896980283,0.75,0.030000000000000027,,,,['low_score'],,,,,,,,,,,,,,,,0
IMG_7354.HEIC,8,0.9717599749565125,1010,924,1366,1493,product_crops\product_0008_conf_0.97.jpg,__Unknown__,True,RANCHEIRO__RANCHEIRO CREAM CRACKER RANCHEIRO,0.4248606085777283,0.81,0.09000000000000008,,,,['low_score'],,,,,,,,,,,,,,,,0
IMG_7354.HEIC,9,0.969270646572113,1266,2735,1498,3138,product_crops\product_0009_conf_0.97.jpg,__Unknown__,True,RANCHEIRO__RANCHEIRO CREAM CRACKER RANCHEIRO,0.5251136660575867,0.81,0.09000000000000008,,,,['low_score'],,,,,,,,,,,,,,,,0
IMG_7354.HEIC,10,0.9683696031570435,834,14,1431,359,product_crops\product_0010_conf_0.97.jpg,__Unknown__,True,RANCHEIRO__RANCHEIRO CREAM CRACKER RANCHEIRO,0.5519036531448365,0.81,0.09000000000000008,,,,['low_score'],,,,,,,,,,,,,,,,0
IMG_7354.HEIC,11,0.9682067036628723,744,1644,1035,2057,product_crops\product_0011_conf_0.97.jpg,__Unknown__,True,Emege__Emege Rosquinha Sabor Coco,0.4178902208805084,0.72,0.0,RANCHEIRO__RANCHEIRO CREAM CRACKER RANCHEIRO,0.4165051430463791,0.0013850778341293335,['low_score'],0,"2,99",2.99,,,,,"2,99",2.99,regular,False,image_single_palette,yellow,285.0828826850185,0,1
IMG_7354.HEIC,12,0.9676508903503418,1640,984,1952,1472,product_crops\product_0012_conf_0.97.jpg,__Unknown__,True,RANCHEIRO__RANCHEIRO CREAM CRACKER 65 RANCHEIRO,0.4850370526313782,0.75,0.030000000000000027,,,,['low_score'],13,"6,49",6.49,,,,,"6,49",6.49,regular,False,image_single_palette,white,318.54983911469805,13,1
IMG_7354.HEIC,13,0.9632264375686646,481,1664,752,2053,product_crops\product_0013_conf_0.96.jpg,__Unknown__,True,RANCHEIRO__RANCHEIRO ROSQUINHA DE CHOCOLATE RANCHEIRO,0.39754602313041687,0.62,-0.09999999999999998,RANCHEIRO__RANCHEIRO COOKIES RANCHEIRO,0.3841797709465027,0.013366252183914185,['low_score'],,,,,,,,,,,,,,,,0
IMG_7354.HEIC,14,0.9629542231559753,1997,0,2266,346,product_crops\product_0014_conf_0.96.jpg,__Unknown__,True,RANCHEIRO__RANCHEIRO CREAM CRACKER RANCHEIRO,0.4535727858543396,0.81,0.09000000000000008,,,,['low_score'],,,,,,,,,,,,,,,,0
IMG_7354.HEIC,15,0.9629272222518921,847,347,1405,647,product_crops\product_0015_conf_0.96.jpg,__Unknown__,True,Adoralle__Adoralle Alimentos Laminados Doces Maizena,0.5226973593235016,0.73,0.010000000000000009,RANCHEIRO__RANCHEIRO CREAM CRACKER RANCHEIRO,0.517541378736496,0.005155980587005615,['low_score'],3,"6,99",6.99,,,,,"6,99",6.99,regular,False,image_single_palette,white,213.05222364481438,3,1
IMG_7354.HEIC,16,0.9627257585525513,1398,350,1963,632,product_crops\product_0016_conf_0.96.jpg,__Unknown__,True,Adoralle__Adoralle Alimentos Laminados Doces Maizena,0.49833016594250995,0.73,0.010000000000000009,RANCHEIRO__RANCHEIRO BISCOITO MARIA RANCHEIRO,0.48137977719306946,0.016950388749440493,['low_score'],6,"6,99",6.99,,,,,"6,99",6.99,regular,False,image_single_palette,white,226.64123631854818,6,1
IMG_7354.HEIC,17,0.9607234001159668,1422,9,2012,360,product_crops\product_0017_conf_0.96.jpg,__Unknown__,True,RANCHEIRO__RANCHEIRO CREAM CRACKER RANCHEIRO,0.5011084079742432,0.81,0.09000000000000008,Adoralle__Adoralle Alimentos Laminados Doces Maizena,0.4925057888031006,0.008602619171142578,['low_score'],,,,,,,,,,,,,,,,0
IMG_7354.HEIC,18,0.9598525166511536,319,931,674,1506,product_crops\product_0018_conf_0.96.jpg,__Unknown__,True,Adoralle__Adoralle Alimentos Laminados Doces Leite,0.4044792155424754,0.72,0.0,RANCHEIRO__RANCHEIRO CREAM CRACKER 65 RANCHEIRO,0.3890742361545563,0.015404979387919127,['low_score'],9,"7,69",7.69,,,,,"7,69",7.69,regular,False,image_single_palette,yellow,342.94970476733175,9,1
IMG_7354.HEIC,19,0.9588871002197266,462,124,855,656,product_crops\product_0019_conf_0.96.jpg,__Unknown__,True,RANCHEIRO__RANCHEIRO ROSQ RECHEADA RANCHEIRO CHOC-COCO,0.6054350733757019,0.71,-0.010000000000000009,RANCHEIRO__RANCHEIRO ROSQUINHA DE CHOCOLATE RANCHEIRO,0.5909246206283569,0.01451045274734497,['low_score'],19,"9,00",9.0,,,,,"9,00",9.00,regular,False,image_single_palette,white,331.9796680521263,19,1
IMG_7354.HEIC,20,0.958501398563385,1951,337,2268,613,product_crops\product_0020_conf_0.96.jpg,__Unknown__,True,RANCHEIRO__RANCHEIRO CREAM CRACKER RANCHEIRO,0.4774927794933319,0.81,0.09000000000000008,,,,['low_score'],10,"5,99",5.99,,,,,"5,99",5.99,regular,False,image_single_palette,white,195.47889911701466,10,1
IMG_7354.HEIC,21,0.9564146995544434,9,905,342,1511,product_crops\product_0021_conf_0.96.jpg,__Unknown__,True,RANCHEIRO__RANCHEIRO ROSQUINHA RECHEADA DE MORANGO-CARAMELO RANCHEIRO,0.37156590819358826,0.68,-0.039999999999999925,RANCHEIRO__RANCHEIRO ROSQ RECHEADA RANCHEIRO CHOC-COCO,0.3663114309310913,0.005254477262496948,['low_score'],18,"7,69",7.69,,,,,"7,69",7.69,regular,False,image_single_palette,yellow,371.56156959513453,18,1
IMG_7354.HEIC,22,0.9546509981155396,237,1653,493,2052,product_crops\product_0022_conf_0.95.jpg,__Unknown__,True,Emege__Emege Rosquinha Sabor Coco,0.4831922650337219,0.72,0.0,RANCHEIRO__RANCHEIRO BISCOITO QUEBRADOR RANC LIMAO,0.46493035554885864,0.01826190948486328,['low_score'],12,"5,49",5.49,,,,,"5,49",5.49,regular,False,image_single_palette,yellow,270.84912774458036,12,1
IMG_7354.HEIC,23,0.9514240622520447,101,187,471,663,product_crops\product_0023_conf_0.95.jpg,__Unknown__,True,Mabel__Mabel Rosquinha Mabel Sabor Chocolate,0.5221942812204361,0.69,-0.030000000000000027,RANCHEIRO__RANCHEIRO ROSQUINHA DE CHOCOLATE RANCHEIRO,0.5147020220756531,0.00749225914478302,['low_score'],,,,,,,,,,,,,,,,0
IMG_7354.HEIC,24,0.9500994086265564,910,2809,1281,3180,product_crops\product_0024_conf_0.95.jpg,__Unknown__,True,RANCHEIRO__RANCHEIRO CREAM CRACKER RANCHEIRO,0.5802741527557373,0.81,0.09000000000000008,,,,['low_score'],2,"10,99",10.99,,,,,"10,99",10.99,regular,False,image_single_palette,yellow,236.16572570972275,2,1
IMG_7354.HEIC,25,0.9375067353248596,1728,2737,1965,3170,product_crops\product_0025_conf_0.94.jpg,__Unknown__,True,RANCHEIRO__RANCHEIRO CREAM CRACKER RANCHEIRO,0.5634407162666321,0.81,0.09000000000000008,,,,['low_score'],,,,,,,,,,,,,,,,0
IMG_7354.HEIC,26,0.9357290863990784,842,2506,1327,2625,product_crops\product_0026_conf_0.94.jpg,__Unknown__,True,RANCHEIRO__RANCHEIRO CREAM CRACKER RANCHEIRO,0.5716577917337418,0.81,0.09000000000000008,RANCHEIRO__RANCHEIRO ROSQUINHA RECHEADA DE MORANGO-CARAMELO RANCHEIRO,0.5684076547622681,0.003250136971473694,['low_score'],,,,,,,,,,,,,,,,0
IMG_7354.HEIC,27,0.9317579865455627,361,2510,846,2625,product_crops\product_0027_conf_0.93.jpg,__Unknown__,True,Mabel__Mabel Rosquinha Mabel Sabor Leite,0.545070469379425,0.72,0.0,RANCHEIRO__RANCHEIRO CREAM CRACKER 65 RANCHEIRO,0.5163230498631796,0.028747419516245487,['low_score'],,,,,,,,,,,,,,,,0
IMG_7354.HEIC,28,0.9238371849060059,400,2750,893,2855,product_crops\product_0028_conf_0.92.jpg,__Unknown__,True,Adoralle__Adoralle Alimentos Cream Cracker,0.50711989402771,0.72,0.0,Mabel__Mabel Cracker Agua e Sal,0.5062166750431061,0.0009032189846038818,['low_score'],,,,,,,,,,,,,,,,0
IMG_7354.HEIC,29,0.9233603477478027,363,2405,844,2506,product_crops\product_0029_conf_0.92.jpg,__Unknown__,True,Mabel__Mabel Rosquinha Mabel Sabor Leite,0.5533739328384399,0.72,0.0,RANCHEIRO__RANCHEIRO ROSQUINHA RECHEADA DE BAUNILHA RANCHEIRO,0.5097622076670328,0.0436117251714071,['low_score'],,,,,,,,,,,,,,,,0
IMG_7354.HEIC,30,0.920764684677124,412,2862,890,2945,product_crops\product_0030_conf_0.92.jpg,__Unknown__,True,Mabel__Mabel Cracker Agua e Sal,0.5039788087209066,0.72,0.0,Adoralle__Adoralle Alimentos Cream Cracker,0.49661654233932495,0.007362266381581661,['low_score'],,,,,,,,,,,,,,,,0
IMG_7354.HEIC,31,0.9180514812469482,3,2942,416,3019,product_crops\product_0031_conf_0.92.jpg,__Unknown__,True,RANCHEIRO__RANCHEIRO ROSQUINHA RECHEADA DE MORANGO-CARAMELO RANCHEIRO,0.43867403268814087,0.68,-0.039999999999999925,Mabel__Mabel Cracker Agua e Sal,0.43669024109840393,0.0019837915897369385,['low_score'],,,,,,,,,,,,,,,,0
IMG_7354.HEIC,32,0.9175918102264404,21,3104,456,3184,product_crops\product_0032_conf_0.92.jpg,__Unknown__,True,RANCHEIRO__RANCHEIRO CREAM CRACKER RANCHEIRO,0.4373564124107361,0.81,0.09000000000000008,Mabel__Mabel Cookie Mabel Chocolate com gotas de chocolate,0.43381646275520325,0.003539949655532837,['low_score'],8,"7,99",7.99,,,,,"7,99",7.99,regular,False,image_single_palette,yellow,209.2868844433401,8,1
IMG_7354.HEIC,33,0.9167841672897339,445,3038,895,3117,product_crops\product_0033_conf_0.92.jpg,__Unknown__,True,Adoralle__Adoralle Alimentos Cream Cracker,0.44696664810180664,0.72,0.0,RANCHEIRO__RANCHEIRO CREAM CRACKER RANCHEIRO,0.4387439489364624,0.008222699165344238,['low_score'],,,,,,,,,,,,,,,,0
IMG_7354.HEIC,34,0.9155324101448059,2,2858,405,2938,product_crops\product_0034_conf_0.92.jpg,__Unknown__,True,RANCHEIRO__RANCHEIRO ROSQ RECHEADA RANCHEIRO CHOC-COCO,0.4773823916912079,0.71,-0.010000000000000009,RANCHEIRO__RANCHEIRO ROSQUINHA RECHEADA DE MORANGO-CARAMELO RANCHEIRO,0.47510114312171936,0.0022812485694885254,['low_score'],,,,,,,,,,,,,,,,0
IMG_7354.HEIC,35,0.9155084490776062,456,3121,902,3197,product_crops\product_0035_conf_0.92.jpg,__Unknown__,True,Mabel__Mabel Cracker Agua e Sal,0.44130510091781616,0.72,0.0,RANCHEIRO__RANCHEIRO ROSQUINHA RECHEADA DE MORANGO-CARAMELO RANCHEIRO,0.4407441020011902,0.0005609989166259766,['low_score'],,,,,,,,,,,,,,,,0
IMG_7354.HEIC,36,0.9077657461166382,6,3024,433,3101,product_crops\product_0036_conf_0.91.jpg,__Unknown__,True,RANCHEIRO__RANCHEIRO CREAM CRACKER RANCHEIRO,0.4801983773708344,0.81,0.09000000000000008,,,,['low_score'],,,,,,,,,,,,,,,,0
IMG_7354.HEIC,37,0.9064444899559021,1613,3748,1918,3827,product_crops\product_0037_conf_0.91.jpg,__Unknown__,True,Mabel__Mabel Cracker Agua e Sal,0.681754755973816,0.72,0.0,,,,['low_score'],,,,,,,,,,,,,,,,0
IMG_7354.HEIC,38,0.9057948589324951,984,3683,1307,3751,product_crops\product_0038_conf_0.91.jpg,__Unknown__,True,RANCHEIRO__RANCHEIRO ROSQUINHA RECHEADA DE MORANGO-CARAMELO RANCHEIRO,0.5452159643173218,0.68,-0.039999999999999925,RANCHEIRO__RANCHEIRO ROSQUINHA DE CHOCOLATE RANCHEIRO,0.541336178779602,0.0038797855377197266,['low_score'],,,,,,,,,,,,,,,,0
IMG_7354.HEIC,39,0.9040083289146423,0,2406,359,2510,product_crops\product_0039_conf_0.90.jpg,__Unknown__,True,RANCHEIRO__RANCHEIRO CREAM CRACKER RANCHEIRO,0.6721331357955933,0.81,0.09000000000000008,,,,['low_score'],,,,,,,,,,,,,,,,0
IMG_7354.HEIC,40,0.9037281274795532,0,2746,393,2855,product_crops\product_0040_conf_0.90.jpg,__Unknown__,True,RANCHEIRO__RANCHEIRO CREAM CRACKER RANCHEIRO,0.48264557123184204,0.81,0.09000000000000008,RANCHEIRO__RANCHEIRO ROSQUINHA RECHEADA DE MORANGO-CARAMELO RANCHEIRO,0.4667556881904602,0.015889883041381836,['low_score'],,,,,,,,,,,,,,,,0
IMG_7354.HEIC,41,0.9012627005577087,978,3606,1307,3683,product_crops\product_0041_conf_0.90.jpg,__Unknown__,True,RANCHEIRO__RANCHEIRO CREAM CRACKER RANCHEIRO,0.5156816095113754,0.81,0.09000000000000008,RANCHEIRO__RANCHEIRO ROSQUINHA RECHEADA DE MORANGO-CARAMELO RANCHEIRO,0.5106869339942932,0.004994675517082214,['low_score'],,,,,,,,,,,,,,,,0
IMG_7354.HEIC,42,0.897434651851654,1325,2502,1832,2627,product_crops\product_0042_conf_0.90.jpg,__Unknown__,True,RANCHEIRO__RANCHEIRO BISCOITO MARIA RANCHEIRO,0.5028515656789144,0.72,0.0,Adoralle__Adoralle Alimentos Cream Cracker,0.502120316028595,0.0007312496503194543,['low_score'],1,"2,59",2.59,,,,,"2,59",2.59,regular,False,image_single_palette,yellow,245.93495074917675,1,1
IMG_7354.HEIC,43,0.8923562169075012,1314,3737,1607,3810,product_crops\product_0043_conf_0.89.jpg,Mabel__Mabel Cracker Agua e Sal,False,Mabel__Mabel Cracker Agua e Sal,0.8761395692825318,0.72,0.0,,,,[],,,,,,,,,,,,,,,,0
IMG_7354.HEIC,44,0.8858112096786499,367,2304,840,2404,product_crops\product_0044_conf_0.89.jpg,__Unknown__,True,RANCHEIRO__RANCHEIRO ROSQUINHA RECHEADA DE MORANGO RANCHEIRO,0.5569682419300079,0.72,0.0,RANCHEIRO__RANCHEIRO ROSQUINHA RECHEADA DE BAUNILHA RANCHEIRO,0.553333600362142,0.0036346415678659705,['low_score'],,,,,,,,,,,,,,,,0
IMG_7354.HEIC,45,0.8840495944023132,373,3710,674,3797,product_crops\product_0045_conf_0.88.jpg,__Unknown__,True,RANCHEIRO__RANCHEIRO ROSQUINHA RECHEADA DE MORANGO-CARAMELO RANCHEIRO,0.5652179419994354,0.68,-0.039999999999999925,RANCHEIRO__RANCHEIRO CREAM CRACKER RANCHEIRO,0.5421686371167501,0.023049304882685306,['low_score'],21,"6,99",6.99,,,,,"6,99",6.99,regular,False,image_single_palette,white,74.20411039827916,21,1
IMG_7354.HEIC,46,0.8832395076751709,1322,2398,1824,2504,product_crops\product_0046_conf_0.88.jpg,__Unknown__,True,RANCHEIRO__RANCHEIRO CREAM CRACKER RANCHEIRO,0.5537770390510559,0.81,0.09000000000000008,RANCHEIRO__RANCHEIRO BISCOITO MARIA RANCHEIRO,0.5530741810798645,0.0007028579711914062,['low_score'],,,,,,,,,,,,,,,,0
IMG_7354.HEIC,47,0.8810380101203918,674,3648,971,3729,product_crops\product_0047_conf_0.88.jpg,__Unknown__,True,RANCHEIRO__RANCHEIRO ROSQUINHA RECHEADA DE MORANGO RANCHEIRO,0.5250683128833771,0.72,0.0,RANCHEIRO__RANCHEIRO ROSQUINHA DE CHOCOLATE RANCHEIRO,0.5214335322380066,0.0036347806453704834,['low_score'],,,,,,,,,,,,,,,,0
IMG_7354.HEIC,48,0.8802146911621094,685,3728,974,3798,product_crops\product_0048_conf_0.88.jpg,__Unknown__,True,RANCHEIRO__RANCHEIRO ROSQUINHA RECHEADA DE MORANGO RANCHEIRO,0.510491669178009,0.72,0.0,RANCHEIRO__RANCHEIRO ROSQUINHA RECHEADA DE MORANGO-CARAMELO RANCHEIRO,0.4905104637145996,0.019981205463409424,['low_score'],14,"0,43",0.43,"7,59",7.59,,,"0,43 / 7,59",0.43 / 7.59,regular,False,image_single_palette,yellow,71.00704190430693,14,1
IMG_7354.HEIC,49,0.8780157566070557,348,3553,646,3640,product_crops\product_0049_conf_0.88.jpg,__Unknown__,True,RANCHEIRO__RANCHEIRO ROSQUINHA RECHEADA DE MORANGO-CARAMELO RANCHEIRO,0.45157694816589355,0.68,-0.039999999999999925,RANCHEIRO__RANCHEIRO BISCOITO MAIZENA RANCHEIRO,0.45061737298965454,0.0009595751762390137,['low_score'],,,,,,,,,,,,,,,,0
IMG_7354.HEIC,50,0.8758631944656372,3,2515,362,2623,product_crops\product_0050_conf_0.88.jpg,__Unknown__,True,RANCHEIRO__RANCHEIRO CREAM CRACKER RANCHEIRO,0.5024027466773987,0.81,0.09000000000000008,,,,['low_score'],17,"4,59",4.59,,,,,"4,59",4.59,regular,False,image_single_palette,yellow,138.59473294465414,17,1
IMG_7354.HEIC,51,0.8700621128082275,973,3512,1310,3606,product_crops\product_0051_conf_0.87.jpg,__Unknown__,True,RANCHEIRO__RANCHEIRO CREAM CRACKER RANCHEIRO,0.6736688137054443,0.81,0.09000000000000008,,,,['low_score'],,,,,,,,,,,,,,,,0
IMG_7354.HEIC,52,0.866578996181488,1317,2296,1814,2399,product_crops\product_0052_conf_0.87.jpg,__Unknown__,True,RANCHEIRO__RANCHEIRO BISCOITO MARIA RANCHEIRO,0.5213022232055664,0.72,0.0,RANCHEIRO__RANCHEIRO ROSQUINHA RECHEADA DE CHOCOLATE RANCHEIRO,0.5206411778926849,0.0006610453128814697,['low_score'],,,,,,,,,,,,,,,,0
IMG_7354.HEIC,53,0.8662072420120239,846,2389,1323,2507,product_crops\product_0053_conf_0.87.jpg,__Unknown__,True,RANCHEIRO__RANCHEIRO CREAM CRACKER RANCHEIRO,0.6065124630928039,0.81,0.09000000000000008,,,,['low_score'],,,,,,,,,,,,,,,,0
IMG_7354.HEIC,54,0.8608887195587158,320,3401,618,3475,product_crops\product_0054_conf_0.86.jpg,__Unknown__,True,RANCHEIRO__RANCHEIRO ROSQUINHA RECHEADA DE MORANGO-CARAMELO RANCHEIRO,0.4512352744738261,0.68,-0.039999999999999925,RANCHEIRO__RANCHEIRO BISCOITO MAIZENA RANCHEIRO,0.4398183822631836,0.011416892210642515,['low_score'],,,,,,,,,,,,,,,,0
IMG_7354.HEIC,55,0.8544608354568481,1938,2154,2079,2317,product_crops\product_0055_conf_0.85.jpg,__Unknown__,True,RANCHEIRO__RANCHEIRO ROSQUINHA RECHEADA DE MORANGO-CARAMELO RANCHEIRO,0.4017370343208313,0.68,-0.039999999999999925,RANCHEIRO__RANCHEIRO CREAM CRACKER RANCHEIRO,0.3919007033109665,0.009836331009864807,['low_score'],,,,,,,,,,,,,,,,0
IMG_7354.HEIC,56,0.8526809811592102,656,3572,964,3648,product_crops\product_0056_conf_0.85.jpg,__Unknown__,True,RANCHEIRO__RANCHEIRO CREAM CRACKER RANCHEIRO,0.5447156230608622,0.81,0.09000000000000008,RANCHEIRO__RANCHEIRO ROSQUINHA RECHEADA DE MORANGO RANCHEIRO,0.5356146693229675,0.009100953737894657,['low_score'],,,,,,,,,,,,,,,,0
IMG_7354.HEIC,57,0.8471230268478394,325,3473,620,3550,product_crops\product_0057_conf_0.85.jpg,__Unknown__,True,RANCHEIRO__RANCHEIRO ROSQUINHA RECHEADA DE MORANGO-CARAMELO RANCHEIRO,0.458015501499176,0.68,-0.039999999999999925,RANCHEIRO__RANCHEIRO BISCOITO MAIZENA RANCHEIRO,0.4419547915458679,0.016060709953308105,['low_score'],,,,,,,,,,,,,,,,0
IMG_7354.HEIC,58,0.8438051342964172,1591,3372,1929,3673,product_crops\product_0058_conf_0.84.jpg,Mabel__Mabel Cream Cracker,False,Mabel__Mabel Cream Cracker,0.8651633739471436,0.72,0.0,,,,[],,,,,,,,,,,,,,,,0
IMG_7354.HEIC,59,0.8426039218902588,647,3509,964,3573,product_crops\product_0059_conf_0.84.jpg,__Unknown__,True,RANCHEIRO__RANCHEIRO ROSQUINHA RECHEADA DE MORANGO-CARAMELO RANCHEIRO,0.5334564447402954,0.68,-0.039999999999999925,RANCHEIRO__RANCHEIRO BISCOITO MAIZENA RANCHEIRO,0.5021193772554398,0.03133706748485565,['low_score'],,,,,,,,,,,,,,,,0
IMG_7354.HEIC,60,0.8423857688903809,1615,3675,1924,3750,product_crops\product_0060_conf_0.84.jpg,Mabel__Mabel Cracker Agua e Sal,False,Mabel__Mabel Cracker Agua e Sal,0.752531905968984,0.72,0.0,Mabel__Mabel Amanteigado Mabel Sabor Leite,0.7463499307632446,0.006181975205739376,[],4,"5,99",5.99,,,,,"5,99",5.99,regular,False,image_single_palette,white,161.50696579404865,4,1
IMG_7354.HEIC,61,0.8374571204185486,639,3432,965,3511,product_crops\product_0061_conf_0.84.jpg,__Unknown__,True,Mabel__Mabel Cracker Agua e Sal,0.5542266964912415,0.72,0.0,RANCHEIRO__RANCHEIRO ROSQUINHA RECHEADA DE MORANGO RANCHEIRO,0.5526928901672363,0.001533806324005127,['low_score'],,,,,,,,,,,,,,,,0
IMG_7354.HEIC,62,0.8094349503517151,1320,2177,1810,2298,product_crops\product_0062_conf_0.81.jpg,__Unknown__,True,RANCHEIRO__RANCHEIRO BISCOITO MARIA RANCHEIRO,0.6029940545558929,0.72,0.0,RANCHEIRO__RANCHEIRO ROSQUINHA RECHEADA DE MORANGO-CARAMELO RANCHEIRO,0.5969656109809875,0.0060284435749053955,['low_score'],,,,,,,,,,,,,,,,0
IMG_7354.HEIC,63,0.8036890625953674,1312,3377,1611,3671,product_crops\product_0063_conf_0.80.jpg,Mabel__Mabel Cracker Agua e Sal,False,Mabel__Mabel Cracker Agua e Sal,0.8654554963111878,0.72,0.0,,,,[],7,"5,99",5.99,,,,,"5,99",5.99,regular,False,image_single_palette,white,344.5,7,1
IMG_7354.HEIC,64,0.791429877281189,1807,2154,1934,2314,product_crops\product_0064_conf_0.79.jpg,__Unknown__,True,RANCHEIRO__RANCHEIRO CREAM CRACKER RANCHEIRO,0.41234320402145386,0.81,0.09000000000000008,Mabel__Mabel Rosquinha Mabel Sabor Banana e Canela,0.3971208184957504,0.01522238552570343,['low_score'],,,,,,,,,,,,,,,,0
IMG_7354.HEIC,65,0.7905405759811401,985,3748,1308,3816,product_crops\product_0065_conf_0.79.jpg,__Unknown__,True,RANCHEIRO__RANCHEIRO ROSQUINHA DE CHOCOLATE RANCHEIRO,0.5184891819953918,0.62,-0.09999999999999998,RANCHEIRO__RANCHEIRO ROSQUINHA RECHEADA DE MORANGO-CARAMELO RANCHEIRO,0.5181820094585419,0.0003071725368499756,['low_score'],11,"7,59",7.59,,,,,"7,59",7.59,regular,False,image_single_palette,white,68.8839603971781,11,1
IMG_7354.HEIC,66,0.7893953323364258,3,210,136,669,product_crops\product_0066_conf_0.79.jpg,__Unknown__,True,Mabel__Mabel Rosquinha Mabel Sabor Banana e Canela,0.48950210213661194,0.72,0.0,RANCHEIRO__RANCHEIRO ROSQUINHA DE CHOCOLATE RANCHEIRO,0.4822884500026703,0.00721365213394165,['low_score'],,,,,,,,,,,,,,,,0
IMG_7354.HEIC,67,0.7752872705459595,1315,3670,1609,3738,product_crops\product_0067_conf_0.78.jpg,__Unknown__,True,Mabel__Mabel Cracker Agua e Sal,0.7066722869873047,0.72,0.0,,,,['low_score'],,,,,,,,,,,,,,,,0
IMG_7354.HEIC,68,0.732772946357727,368,2208,842,2304,product_crops\product_0068_conf_0.73.jpg,__Unknown__,True,Adoralle__Adoralle Alimentos Rosquinhas Coco,0.5644389390945435,0.72,0.0,Mabel__Mabel Rosquinha Mabel Sabor Leite,0.5622774362564087,0.0021615028381347656,['low_score'],,,,,,,,,,,,,,,,0
IMG_7354.HEIC,69,0.7313556671142578,1918,2304,2061,2580,product_crops\product_0069_conf_0.73.jpg,__Unknown__,True,Mabel__Mabel Recheado Mabel Sabor Chocolate,0.5477056503295898,0.72,0.0,RANCHEIRO__RANCHEIRO BISCOITO MARIA RANCHEIRO,0.5265392661094666,0.02116638422012329,['low_score'],,,,,,,,,,,,,,,,0
IMG_7354.HEIC,70,0.7312527298927307,168,3700,369,3798,product_crops\product_0070_conf_0.73.jpg,__Unknown__,True,RANCHEIRO__RANCHEIRO BISCOITO MAIZENA RANCHEIRO,0.3531053960323334,0.76,0.040000000000000036,RANCHEIRO__RANCHEIRO ROSQUINHA DE CHOCOLATE RANCHEIRO,0.33921873569488525,0.01388666033744812,['low_score'],22,"10,79",10.79,,,,,"10,79",10.79,regular,False,image_single_palette,white,63.788713735268246,22,1
IMG_7354.HEIC,71,0.72641921043396,617,3342,962,3430,product_crops\product_0071_conf_0.73.jpg,__Unknown__,True,RANCHEIRO__RANCHEIRO CREAM CRACKER RANCHEIRO,0.6157578945159912,0.81,0.09000000000000008,,,,['low_score'],,,,,,,,,,,,,,,,0
IMG_7354.HEIC,72,0.7232442498207092,301,3298,596,3399,product_crops\product_0072_conf_0.72.jpg,__Unknown__,True,RANCHEIRO__RANCHEIRO ROSQUINHA RECHEADA DE MORANGO-CARAMELO RANCHEIRO,0.5425713062286377,0.68,-0.039999999999999925,RANCHEIRO__RANCHEIRO WAFER RANCHEIRO MORANGO,0.5153902024030685,0.027181103825569153,['low_score'],,,,,,,,,,,,,,,,0
IMG_7354.HEIC,73,0.7069641351699829,817,3869,1250,4032,product_crops\product_0073_conf_0.71.jpg,__Unknown__,True,RANCHEIRO__RANCHEIRO ROSQUINHA DE CHOCOLATE RANCHEIRO,0.40348781645298004,0.62,-0.09999999999999998,RANCHEIRO__RANCHEIRO ROSQUINHA BANANA-CANELA RANCHEIRO,0.3782479166984558,0.02523989975452423,['low_score'],,,,,,,,,,,,,,,,0
IMG_7354.HEIC,74,0.6903920769691467,1810,2300,1927,2582,product_crops\product_0074_conf_0.69.jpg,__Unknown__,True,Mabel__Mabel Recheado Mabel Sabor Chocolate,0.48151981830596924,0.72,0.0,RANCHEIRO__RANCHEIRO WAFER RANCHEIRO MORANGO,0.47498269379138947,0.006537124514579773,['low_score'],,,,,,,,,,,,,,,,0
IMG_7354.HEIC,75,0.6901988387107849,977,3277,1316,3510,product_crops\product_0075_conf_0.69.jpg,__Unknown__,True,RANCHEIRO__RANCHEIRO CREAM CRACKER RANCHEIRO,0.6618556261062623,0.81,0.09000000000000008,,,,['low_score'],,,,,,,,,,,,,,,,0
IMG_7354.HEIC,76,0.652985692024231,0,1640,263,2051,product_crops\product_0076_conf_0.65.jpg,__Unknown__,True,RANCHEIRO__RANCHEIRO CREAM CRACKER 65 RANCHEIRO,0.5111230611801147,0.75,0.030000000000000027,,,,['low_score'],20,"6,99",6.99,,,,,"6,99",6.99,regular,False,image_single_palette,yellow,284.7823730500187,20,1
IMG_7354.HEIC,77,0.638572633266449,2,3663,153,3761,product_crops\product_0077_conf_0.64.jpg,__Unknown__,True,RANCHEIRO__RANCHEIRO ROSQUINHA DE CHOCOLATE RANCHEIRO,0.4089837968349457,0.62,-0.09999999999999998,RANCHEIRO__RANCHEIRO WAFER RANCHEIRO MORANGO,0.3760783572991689,0.03290543953577679,['low_score'],,,,,,,,,,,,,,,,0
IMG_7354.HEIC,78,0.6104965806007385,2059,3698,2267,3872,product_crops\product_0078_conf_0.61.jpg,__Unknown__,True,RANCHEIRO__RANCHEIRO BOX,0.39660629630088806,0.67,-0.04999999999999993,RANCHEIRO__RANCHEIRO CREAM CRACKER RANCHEIRO,0.38689010341962177,0.009716192881266295,['low_score'],,,,,,,,,,,,,,,,0
IMG_7354.HEIC,79,0.6064271926879883,365,3639,651,3710,product_crops\product_0079_conf_0.61.jpg,__Unknown__,True,RANCHEIRO__RANCHEIRO ROSQUINHA RECHEADA DE MORANGO-CARAMELO RANCHEIRO,0.458145409822464,0.68,-0.039999999999999925,RANCHEIRO__RANCHEIRO BISCOITO MAIZENA RANCHEIRO,0.4252505898475647,0.03289481997489929,['low_score'],,,,,,,,,,,,,,,,0
IMG_7354.HEIC,80,0.5698761940002441,425,2949,890,3032,product_crops\product_0080_conf_0.57.jpg,__Unknown__,True,RANCHEIRO__RANCHEIRO ROSQUINHA RECHEADA DE MORANGO-CARAMELO RANCHEIRO,0.49148523807525635,0.68,-0.039999999999999925,Mabel__Mabel Cracker Agua e Sal,0.475863441824913,0.015621796250343323,['low_score'],,,,,,,,,,,,,,,,0
IMG_7354.HEIC,81,0.5612817406654358,2,3575,133,3655,product_crops\product_0081_conf_0.56.jpg,__Unknown__,True,RANCHEIRO__RANCHEIRO WAFER RANCHEIRO MORANGO,0.517763634522756,0.72,0.0,RANCHEIRO__RANCHEIRO ROSQUINHA DE CHOCOLATE RANCHEIRO,0.5059130191802979,0.011850615342458126,['low_score'],,,,,,,,,,,,,,,,0
IMG_7354.HEIC,82,0.5037776827812195,3,2276,369,2405,product_crops\product_0082_conf_0.50.jpg,__Unknown__,True,RANCHEIRO__RANCHEIRO CREAM CRACKER RANCHEIRO,0.5662566781044006,0.81,0.09000000000000008,,,,['low_score'],,,,,,,,,,,,,,,,0
IMG_7354.HEIC,83,0.4722616374492645,147,3599,353,3697,product_crops\product_0083_conf_0.47.jpg,__Unknown__,True,RANCHEIRO__RANCHEIRO BISCOITO MAIZENA RANCHEIRO,0.44827182590961456,0.76,0.040000000000000036,RANCHEIRO__RANCHEIRO CREAM CRACKER RANCHEIRO,0.4316568970680237,0.01661492884159088,['low_score'],,,,,,,,,,,,,,,,0
IMG_7354.HEIC,84,0.4463393986225128,855,2260,1310,2356,product_crops\product_0084_conf_0.45.jpg,__Unknown__,True,RANCHEIRO__RANCHEIRO ROSQUINHA RECHEADA DE BAUNILHA RANCHEIRO,0.562993049621582,0.69,-0.030000000000000027,,,,['low_score'],,,,,,,,,,,,,,,,0
IMG_7354.HEIC,85,0.42700818181037903,603,3261,948,3345,product_crops\product_0085_conf_0.43.jpg,__Unknown__,True,Mabel__Mabel Cracker Agua e Sal,0.5854678750038147,0.72,0.0,RANCHEIRO__RANCHEIRO CREAM CRACKER RANCHEIRO,0.5622789561748505,0.023188918828964233,['low_score'],,,,,,,,,,,,,,,,0
IMG_7354.HEIC,86,0.41350260376930237,2078,3557,2267,3709,product_crops\product_0086_conf_0.41.jpg,__Unknown__,True,RANCHEIRO__RANCHEIRO BOX,0.40753626823425293,0.67,-0.04999999999999993,RANCHEIRO__RANCHEIRO ROSQUINHA RECHEADA DE MORANGO-CARAMELO RANCHEIRO,0.3779897093772888,0.02954655885696411,['low_score'],,,,,,,,,,,,,,,,0
IMG_7354.HEIC,87,0.4021871089935303,87,3450,304,3531,product_crops\product_0087_conf_0.40.jpg,__Unknown__,True,RANCHEIRO__RANCHEIRO BISCOITO MARIA RANCHEIRO,0.4290608763694763,0.72,0.0,RANCHEIRO__RANCHEIRO BISCOITO MAIZENA RANCHEIRO,0.4234266479810079,0.005634228388468443,['low_score'],,,,,,,,,,,,,,,,0
IMG_7358.HEIC,0,0.972497284412384,817,865,1075,1286,product_crops\product_0000_conf_0.97.jpg,__Unknown__,True,RANCHEIRO__RANCHEIRO CREAM CRACKER RANCHEIRO,0.4796718776226044,0.81,0.09000000000000008,,,,['low_score'],,,,,,,,,,,,,,,,0
IMG_7358.HEIC,1,0.9683424234390259,573,896,825,1288,product_crops\product_0001_conf_0.97.jpg,__Unknown__,True,RANCHEIRO__RANCHEIRO CREAM CRACKER RANCHEIRO,0.40129061937332156,0.81,0.09000000000000008,,,,['low_score'],,,,,,,,,,,,,,,,0
IMG_7358.HEIC,2,0.963573157787323,1067,928,1303,1287,product_crops\product_0002_conf_0.96.jpg,__Unknown__,True,RANCHEIRO__RANCHEIRO CREAM CRACKER 65 RANCHEIRO,0.514644980430603,0.75,0.030000000000000027,,,,['low_score'],,,,,,,,,,,,,,,,0
IMG_7358.HEIC,3,0.9599165320396423,1295,936,1534,1285,product_crops\product_0003_conf_0.96.jpg,__Unknown__,True,RANCHEIRO__RANCHEIRO CREAM CRACKER 65 RANCHEIRO,0.5129117846488953,0.75,0.030000000000000027,,,,['low_score'],,,,,,,,,,,,,,,,0
IMG_7358.HEIC,4,0.9598495364189148,300,905,578,1286,product_crops\product_0004_conf_0.96.jpg,__Unknown__,True,RANCHEIRO__RANCHEIRO CREAM CRACKER RANCHEIRO,0.4783930480480194,0.81,0.09000000000000008,RANCHEIRO__RANCHEIRO CREAM CRACKER 65 RANCHEIRO,0.4770567864179611,0.0013362616300582886,['low_score'],4,"7,99",7.99,,,,,"7,99",7.99,regular,False,image_single_palette,white,235.11965039102964,4,1
IMG_7358.HEIC,5,0.9582501649856567,2024,71,2266,399,product_crops\product_0005_conf_0.96.jpg,__Unknown__,True,Adoralle__Adoralle Alimentos Cream Cracker,0.5257938057184219,0.72,0.0,RANCHEIRO__RANCHEIRO CREAM CRACKER RANCHEIRO,0.5074268579483032,0.018366947770118713,['low_score'],,,,,,,,,,,,,,,,0
IMG_7358.HEIC,6,0.9561318159103394,1606,82,2027,401,product_crops\product_0006_conf_0.96.jpg,__Unknown__,True,Adoralle__Adoralle Alimentos Cream Cracker,0.5791000008583069,0.72,0.0,,,,['low_score'],,,,,,,,,,,,,,,,0
IMG_7358.HEIC,7,0.9548187851905823,1520,954,1757,1284,product_crops\product_0007_conf_0.95.jpg,__Unknown__,True,RANCHEIRO__RANCHEIRO CREAM CRACKER 65 RANCHEIRO,0.4932592213153839,0.75,0.030000000000000027,,,,['low_score'],,,,,,,,,,,,,,,,0
IMG_7358.HEIC,8,0.9513834118843079,160,320,646,592,product_crops\product_0008_conf_0.95.jpg,__Unknown__,True,RANCHEIRO__RANCHEIRO COOKIES RANCHEIRO,0.5521366000175476,0.68,-0.039999999999999925,RANCHEIRO__RANCHEIRO ROSQ RECHEADA RANCHEIRO CHOC-COCO,0.5188062489032745,0.03333035111427307,['low_score'],12,"7,00",7.0,,,,,"7,00",7.00,regular,False,image_single_palette,white,180.589313083582,12,1
IMG_7358.HEIC,9,0.9441513419151306,153,56,658,334,product_crops\product_0009_conf_0.94.jpg,__Unknown__,True,RANCHEIRO__RANCHEIRO COOKIES RANCHEIRO,0.5731925368309021,0.68,-0.039999999999999925,RANCHEIRO__RANCHEIRO ROSQ RECHEADA RANCHEIRO CHOC-COCO,0.5618757605552673,0.011316776275634766,['low_score'],,,,,,,,,,,,,,,,0
IMG_7358.HEIC,10,0.9438078999519348,2005,389,2266,586,product_crops\product_0010_conf_0.94.jpg,__Unknown__,True,Adoralle__Adoralle Alimentos Laminados Doces Leite,0.556798666715622,0.72,0.0,Adoralle__Adoralle Alimentos Cream Cracker,0.5368633270263672,0.01993533968925476,['low_score'],9,"10,00",10.0,,,,,"10,00",10.00,regular,False,image_single_palette,white,141.79210133149166,9,1
IMG_7358.HEIC,11,0.9391078352928162,1120,320,1592,592,product_crops\product_0011_conf_0.94.jpg,__Unknown__,True,RANCHEIRO__RANCHEIRO COOKIES CHOCOLATE RANCHEIRO,0.4424641728401184,0.72,0.0,Mabel__Mabel Rosquinha Mabel Sabor Chocolate,0.4413484036922455,0.0011157691478729248,['low_score'],,,,,,,,,,,,,,,,0
IMG_7358.HEIC,12,0.9360215067863464,357,2467,712,2612,product_crops\product_0012_conf_0.94.jpg,__Unknown__,True,RANCHEIRO__RANCHEIRO CREAM CRACKER RANCHEIRO,0.5710577964782715,0.81,0.09000000000000008,Adoralle__Adoralle Alimentos Laminados Doces Leite,0.5470724105834961,0.02398538589477539,['low_score'],3,"8,99",8.99,,,,,"8,99",8.99,regular,False,image_single_palette,white,207.9116398857938,3,1
IMG_7358.HEIC,13,0.9325041770935059,1587,386,2012,588,product_crops\product_0013_conf_0.93.jpg,__Unknown__,True,Adoralle__Adoralle Alimentos Laminados Doces Leite,0.5301557779312134,0.72,0.0,Adoralle__Adoralle Alimentos Cream Cracker,0.5173744956652323,0.012781282265981075,['low_score'],,,,,,,,,,,,,,,,0
IMG_7358.HEIC,14,0.9301922917366028,1133,65,1616,336,product_crops\product_0014_conf_0.93.jpg,__Unknown__,True,RANCHEIRO__RANCHEIRO CREAM CRACKER RANCHEIRO,0.46762287616729736,0.81,0.09000000000000008,RANCHEIRO__RANCHEIRO ROSQUINHA RECHEADA DE MORANGO RANCHEIRO,0.4582092861334483,0.009413590033849062,['low_score'],,,,,,,,,,,,,,,,0
IMG_7358.HEIC,15,0.9274874925613403,1749,997,2239,1284,product_crops\product_0015_conf_0.93.jpg,__Unknown__,True,Adoralle__Adoralle Alimentos Laminados Doces Leite,0.6283330082893371,0.72,0.0,,,,['low_score'],5,"6,99",6.99,,,,,"6,99",6.99,regular,False,image_single_palette,white,188.81538602560968,5,1
IMG_7358.HEIC,16,0.9268875122070312,56,2731,301,3147,product_crops\product_0016_conf_0.93.jpg,__Unknown__,True,Mabel__Mabel Cracker Agua e Sal,0.4009604036808014,0.72,0.0,,,,['low_score'],,,,,,,,,,,,,,,,0
IMG_7358.HEIC,17,0.9263391494750977,481,3249,828,3509,product_crops\product_0017_conf_0.93.jpg,__Unknown__,True,RANCHEIRO__RANCHEIRO ROSQUINHA DE CHOCOLATE RANCHEIRO,0.5215050280094147,0.62,-0.09999999999999998,RANCHEIRO__RANCHEIRO ROSQUINHA BANANA-CANELA RANCHEIRO,0.5144541263580322,0.007050901651382446,['low_score'],,,,,,,,,,,,,,,,0
IMG_7358.HEIC,18,0.9219995141029358,19,3252,439,3752,product_crops\product_0018_conf_0.92.jpg,__Unknown__,True,Adoralle__Adoralle Alimentos Rosquinhas Coco,0.6417457014322281,0.72,0.0,Mabel__Mabel Rosquinha Mabel Sabor Coco,0.6379022598266602,0.003843441605567932,['low_score'],14,,,,,,,,,regular,False,image_single_palette,white,355.1087861486956,14,1
IMG_7358.HEIC,19,0.9157907962799072,464,2709,680,3154,product_crops\product_0019_conf_0.92.jpg,__Unknown__,True,Mabel__Mabel Cracker Agua e Sal,0.40900933742523193,0.72,0.0,Mabel__Mabel Laminado Doce Mabel Sabor Chocolate,0.39300331473350525,0.016006022691726685,['low_score'],,,,,,,,,,,,,,,,0
IMG_7358.HEIC,20,0.9136872291564941,643,322,1121,593,product_crops\product_0020_conf_0.91.jpg,__Unknown__,True,RANCHEIRO__RANCHEIRO CREAM CRACKER RANCHEIRO,0.4521656036376953,0.81,0.09000000000000008,RANCHEIRO__RANCHEIRO ROSQUINHA RECHEADA DE MORANGO RANCHEIRO,0.44318294525146484,0.008982658386230469,['low_score'],13,,,,,,,,,regular,False,image_single_palette,white,171.23813827532697,13,1
IMG_7358.HEIC,21,0.9117438793182373,2,2444,352,2617,product_crops\product_0021_conf_0.91.jpg,__Unknown__,True,RANCHEIRO__RANCHEIRO BISCOITO QUEBRADOR RANC LIMAO,0.5568607449531555,0.67,-0.04999999999999993,,,,['low_score'],10,"7,99",7.99,,,,,"7,99",7.99,regular,False,image_single_palette,white,174.322259049153,10,1
IMG_7358.HEIC,22,0.9012789726257324,334,2291,708,2463,product_crops\product_0022_conf_0.90.jpg,__Unknown__,True,RANCHEIRO__RANCHEIRO WAFER RANCHEIRO LIMAO,0.5571791529655457,0.72,0.0,Adoralle__Adoralle Alimentos Laminados Doces Coco,0.5491960048675537,0.007983148097991943,['low_score'],,,,,,,,,,,,,,,,0
IMG_7358.HEIC,23,0.8960173726081848,717,2215,1144,2471,product_crops\product_0023_conf_0.90.jpg,__Unknown__,True,RANCHEIRO__RANCHEIRO ROSQUINHA BANANA-CANELA RANCHEIRO,0.6118564605712891,0.72,0.0,RANCHEIRO__RANCHEIRO ROSQUINHA DE COCO RANCHEIRO,0.5699126422405243,0.04194381833076477,['low_score'],,,,,,,,,,,,,,,,0
IMG_7358.HEIC,24,0.8941202163696289,22,2267,325,2420,product_crops\product_0024_conf_0.89.jpg,__Unknown__,True,RANCHEIRO__RANCHEIRO BISCOITO QUEBRADOR RANC LIMAO,0.5234599113464355,0.67,-0.04999999999999993,Adoralle__Adoralle Alimentos Laminados Doces Coco,0.5178890228271484,0.005570888519287109,['low_score'],,,,,,,,,,,,,,,,0
IMG_7358.HEIC,25,0.814579963684082,1132,0,1618,74,product_crops\product_0025_conf_0.81.jpg,__Unknown__,True,RANCHEIRO__RANCHEIRO ROSQUINHA DE CHOCOLATE RANCHEIRO,0.5227792263031006,0.62,-0.09999999999999998,RANCHEIRO__RANCHEIRO CREAM CRACKER RANCHEIRO,0.5151079893112183,0.007671236991882324,['low_score'],,,,,,,,,,,,,,,,0
IMG_7358.HEIC,26,0.8020178079605103,1833,3282,2184,3739,product_crops\product_0026_conf_0.80.jpg,__Unknown__,True,RANCHEIRO__RANCHEIRO BISCOITO QUEBRADOR RANC LIMAO,0.475013792514801,0.67,-0.04999999999999993,Mabel__Mabel Rosquinha Mabel Sabor Coco,0.45087170600891113,0.024142086505889893,['low_score'],8,,,,,,,,,regular,False,image_single_palette,white,316.58963975468305,8,1
IMG_7358.HEIC,27,0.7934923768043518,314,2708,473,3070,product_crops\product_0027_conf_0.79.jpg,__Unknown__,True,RANCHEIRO__RANCHEIRO CREAM CRACKER RANCHEIRO,0.4277380108833313,0.81,0.09000000000000008,Adoralle__Adoralle Alimentos Cream Cracker,0.42476077377796173,0.002977237105369568,['low_score'],,,,,,,,,,,,,,,,0
IMG_7358.HEIC,28,0.785729706287384,1157,2197,1583,2476,product_crops\product_0028_conf_0.79.jpg,__Unknown__,True,RANCHEIRO__RANCHEIRO ROSQUINHA BANANA-CANELA RANCHEIRO,0.5460236867268881,0.72,0.0,RANCHEIRO__RANCHEIRO ROSQUINHA RECHEADA DE MORANGO-CARAMELO RANCHEIRO,0.5356239080429077,0.010399778683980343,['low_score'],1,"8,99",8.99,,,,,"8,99",8.99,regular,False,image_single_palette,white,383.09920386239384,1,1
IMG_7358.HEIC,29,0.7832489013671875,150,0,665,71,product_crops\product_0029_conf_0.78.jpg,__Unknown__,True,Adoralle__Adoralle Alimentos Laminados Doces Leite,0.557781308889389,0.72,0.0,Mabel__Mabel Laminado Doce Mabel Sabor Chocolate,0.5574073791503906,0.0003739297389984131,['low_score'],,,,,,,,,,,,,,,,0
IMG_7358.HEIC,30,0.7611581087112427,1100,2776,1522,3167,product_crops\product_0030_conf_0.76.jpg,RANCHEIRO__RANCHEIRO ROSQUINHA RECHEADA DE MORANGO RANCHEIRO,False,RANCHEIRO__RANCHEIRO ROSQUINHA RECHEADA DE MORANGO RANCHEIRO,0.8255103349685669,0.72,0.0,,,,[],,,,,,,,,,,,,,,,0
IMG_7358.HEIC,31,0.7587697505950928,680,208,1128,328,product_crops\product_0031_conf_0.76.jpg,__Unknown__,True,RANCHEIRO__RANCHEIRO CREAM CRACKER RANCHEIRO,0.46432676911354065,0.81,0.09000000000000008,RANCHEIRO__RANCHEIRO ROSQUINHA RECHEADA DE MORANGO RANCHEIRO,0.41924336552619934,0.04508340358734131,['low_score'],,,,,,,,,,,,,,,,0
IMG_7358.HEIC,32,0.6824412941932678,1372,1709,1911,1775,product_crops\product_0032_conf_0.68.jpg,__Unknown__,True,Adoralle__Adoralle Alimentos Laminados Doces Coco,0.6079944670200348,0.72,0.0,Adoralle__Adoralle Alimentos Rosquinhas Coco,0.5884612798690796,0.0195331871509552,['low_score'],,,,,,,,,,,,,,,,0
IMG_7358.HEIC,33,0.6669114232063293,1899,1720,2265,1970,product_crops\product_0033_conf_0.67.jpg,__Unknown__,True,RANCHEIRO__RANCHEIRO BISCOITO MAIZENA RANCHEIRO,0.5557595729827881,0.76,0.040000000000000036,,,,['low_score'],,,,,,,,,,,,,,,,0
IMG_7358.HEIC,34,0.6448045372962952,690,2762,1092,3155,product_crops\product_0034_conf_0.64.jpg,RANCHEIRO__RANCHEIRO ROSQUINHA RECHEADA DE MORANGO RANCHEIRO,False,RANCHEIRO__RANCHEIRO ROSQUINHA RECHEADA DE MORANGO RANCHEIRO,0.8890547355016073,0.72,0.0,RANCHEIRO__RANCHEIRO ROSQUINHA RECHEADA DE BAUNILHA RANCHEIRO,0.8765381574630737,0.012516578038533566,[],,,,,,,,,,,,,,,,0
IMG_7358.HEIC,35,0.6273819804191589,1976,2952,2267,3048,product_crops\product_0035_conf_0.63.jpg,__Unknown__,True,RANCHEIRO__RANCHEIRO BISCOITO MARIA RANCHEIRO,0.5529140383005142,0.72,0.0,RANCHEIRO__RANCHEIRO BISCOITO MAIZENA RANCHEIRO,0.5426098108291626,0.010304227471351624,['low_score'],,,,,,,,,,,,,,,,0
IMG_7358.HEIC,36,0.6238574385643005,1373,1919,1891,1989,product_crops\product_0036_conf_0.62.jpg,__Unknown__,True,RANCHEIRO__RANCHEIRO WAFER RANCHEIRO LIMAO,0.5130545645952225,0.72,0.0,RANCHEIRO__RANCHEIRO ROSQUINHA RECHEADA DE MORANGO-CARAMELO RANCHEIRO,0.4929649829864502,0.020089581608772278,['low_score'],2,"6,99",6.99,,,,,"6,99",6.99,regular,False,image_single_palette,white,96.3029075365848,2,1
IMG_7358.HEIC,37,0.5985415577888489,1,730,293,1283,product_crops\product_0037_conf_0.60.jpg,Mabel__Mabel Rosquinha Mabel Sabor Coco,False,Mabel__Mabel Rosquinha Mabel Sabor Coco,0.8572454690933228,0.72,0.0,,,,[],,,,,,,,,,,,,,,,0
IMG_7358.HEIC,38,0.596031129360199,52,1430,719,2014,product_crops\product_0038_conf_0.60.jpg,__Unknown__,True,RANCHEIRO__RANCHEIRO CREAM CRACKER RANCHEIRO,0.5618211388587951,0.81,0.09000000000000008,,,,['low_score'],,,,,,,,,,,,,,,,0
IMG_7358.HEIC,39,0.5530699491500854,1373,1849,1893,1918,product_crops\product_0039_conf_0.55.jpg,__Unknown__,True,Adoralle__Adoralle Alimentos Laminados Doces Coco,0.5376919746398926,0.72,0.0,,,,['low_score'],,,,,,,,,,,,,,,,0
IMG_7358.HEIC,40,0.5359541773796082,697,1424,1386,2010,product_crops\product_0040_conf_0.54.jpg,__Unknown__,True,RANCHEIRO__RANCHEIRO CREAM CRACKER RANCHEIRO,0.5479291439056396,0.81,0.09000000000000008,,,,['low_score'],6,"9,99",9.99,,,,,"9,99",9.99,regular,False,image_single_palette,white,462.1171388295396,6,1
IMG_7358.HEIC,41,0.509783923625946,1367,1780,1902,1843,product_crops\product_0041_conf_0.51.jpg,__Unknown__,True,Adoralle__Adoralle Alimentos Laminados Doces Coco,0.5709067106246948,0.72,0.0,,,,['low_score'],,,,,,,,,,,,,,,,0
IMG_7358.HEIC,42,0.4900926351547241,1980,2837,2267,2950,product_crops\product_0042_conf_0.49.jpg,__Unknown__,True,RANCHEIRO__RANCHEIRO BISCOITO MARIA RANCHEIRO,0.5720027804374694,0.72,0.0,,,,['low_score'],,,,,,,,,,,,,,,,0
IMG_7358.HEIC,43,0.4865081012248993,1193,2480,1607,2608,product_crops\product_0043_conf_0.49.jpg,__Unknown__,True,RANCHEIRO__RANCHEIRO CREAM CRACKER RANCHEIRO,0.5383070111274719,0.81,0.09000000000000008,Adoralle__Adoralle Alimentos Laminados Doces Maizena,0.5354324579238892,0.0028745532035827637,['low_score'],,,,,,,,,,,,,,,,0
IMG_7358.HEIC,44,0.4817093014717102,1,124,159,591,product_crops\product_0044_conf_0.48.jpg,__Unknown__,True,RANCHEIRO__RANCHEIRO COOKIES RANCHEIRO,0.41414397954940796,0.68,-0.039999999999999925,,,,['low_score'],15,"11,00",11.0,,,,,"11,00",11.00,regular,False,image_single_palette,white,262.5385685951685,15,1
IMG_7358.HEIC,45,0.4733792543411255,1610,2343,2139,2419,product_crops\product_0045_conf_0.47.jpg,__Unknown__,True,RANCHEIRO__RANCHEIRO BISCOITO MAIZENA RANCHEIRO,0.6049251317977905,0.76,0.040000000000000036,,,,['low_score'],,,,,,,,,,,,,,,,0
IMG_7358.HEIC,46,0.4504108130931854,1622,2510,2125,2564,product_crops\product_0046_conf_0.45.jpg,__Unknown__,True,RANCHEIRO__RANCHEIRO BISCOITO MAIZENA RANCHEIRO,0.7030422687530518,0.76,0.040000000000000036,,,,['low_score'],,,,,,,,,,,,,,,,0
IMG_7358.HEIC,47,0.4319850206375122,2136,2415,2266,2489,product_crops\product_0047_conf_0.43.jpg,__Unknown__,True,RANCHEIRO__RANCHEIRO BISCOITO MAIZENA RANCHEIRO,0.42559067408243817,0.76,0.040000000000000036,RANCHEIRO__RANCHEIRO ROSQUINHA DE CHOCOLATE RANCHEIRO,0.41224759817123413,0.013343075911204039,['low_score'],,,,,,,,,,,,,,,,0
IMG_7358.HEIC,48,0.42709705233573914,508,1435,719,1681,product_crops\product_0048_conf_0.43.jpg,__Unknown__,True,RANCHEIRO__RANCHEIRO CREAM CRACKER RANCHEIRO,0.5364714622497558,0.81,0.09000000000000008,,,,['low_score'],,,,,,,,,,,,,,,,0
IMG_7358.HEIC,49,0.4229051470756531,1622,2564,2126,2619,product_crops\product_0049_conf_0.42.jpg,__Unknown__,True,RANCHEIRO__RANCHEIRO BISCOITO MAIZENA RANCHEIRO,0.6284751892089844,0.76,0.040000000000000036,,,,['low_score'],,,,,,,,,,,,,,,,0
IMG_7358.HEIC,50,0.3994162380695343,1973,3043,2264,3150,product_crops\product_0050_conf_0.40.jpg,__Unknown__,True,RANCHEIRO__RANCHEIRO ROSQUINHA DE CHOCOLATE RANCHEIRO,0.42862406373023987,0.62,-0.09999999999999998,RANCHEIRO__RANCHEIRO BISCOITO MAIZENA RANCHEIRO,0.4246913194656372,0.003932744264602661,['low_score'],,,,,,,,,,,,,,,,0
IMG_7358.HEIC,51,0.3883266746997833,1532,2763,1971,3179,product_crops\product_0051_conf_0.39.jpg,RANCHEIRO__RANCHEIRO ROSQ RECHEADA RANCHEIRO CHOC-COCO,False,RANCHEIRO__RANCHEIRO ROSQ RECHEADA RANCHEIRO CHOC-COCO,0.81591317653656,0.71,-0.010000000000000009,,,,[],11,"2,89",2.89,,,,,"2,89",2.89,regular,False,image_single_palette,white,306.0236918932912,11,1
IMG_7358.HEIC,52,0.3814545273780823,725,1935,1371,2003,product_crops\product_0052_conf_0.38.jpg,__Unknown__,True,RANCHEIRO__RANCHEIRO BISCOITO MAIZENA RANCHEIRO,0.4728437811136246,0.76,0.040000000000000036,RANCHEIRO__RANCHEIRO BISCOITO MARIA RANCHEIRO,0.4588128924369812,0.014030888676643372,['low_score'],,,,,,,,,,,,,,,,0
IMG_7358.HEIC,53,0.3759010434150696,2135,2548,2266,2607,product_crops\product_0053_conf_0.38.jpg,__Unknown__,True,RANCHEIRO__RANCHEIRO BISCOITO MAIZENA RANCHEIRO,0.4629404644171397,0.76,0.040000000000000036,RANCHEIRO__RANCHEIRO ROSQUINHA RECHEADA DE MORANGO-CARAMELO RANCHEIRO,0.4301001727581024,0.03284029165903729,['low_score'],,,,,,,,,,,,,,,,0
IMG_7358.HEIC,54,0.34084054827690125,2138,2491,2266,2548,product_crops\product_0054_conf_0.34.jpg,__Unknown__,True,RANCHEIRO__RANCHEIRO BISCOITO MAIZENA RANCHEIRO,0.4326985279719035,0.76,0.040000000000000036,RANCHEIRO__RANCHEIRO ROSQUINHA DE CHOCOLATE RANCHEIRO,0.41951751708984375,0.013181010882059752,['low_score'],,,,,,,,,,,,,,,,0
IMG_7358.HEIC,55,0.33300936222076416,1618,2447,2127,2505,product_crops\product_0055_conf_0.33.jpg,RANCHEIRO__RANCHEIRO BISCOITO MAIZENA RANCHEIRO,False,RANCHEIRO__RANCHEIRO BISCOITO MAIZENA RANCHEIRO,0.7609623551368714,0.76,0.040000000000000036,,,,[],0,"10,99",10.99,,,,,"10,99",10.99,regular,False,image_single_palette,white,298.37979154091516,0,1
IMG_7358.HEIC,56,0.3315182030200958,64,1937,712,2003,product_crops\product_0056_conf_0.33.jpg,__Unknown__,True,RANCHEIRO__RANCHEIRO BISCOITO MAIZENA RANCHEIRO,0.49695972353219986,0.76,0.040000000000000036,RANCHEIRO__RANCHEIRO WAFER RANCHEIRO MORANGO,0.4843575954437256,0.012602128088474274,['low_score'],,,,,,,,,,,,,,,,0
IMG_7358.HEIC,57,0.32120585441589355,728,2476,1183,2554,product_crops\product_0057_conf_0.32.jpg,__Unknown__,True,RANCHEIRO__RANCHEIRO ROSQUINHA RECHEADA DE CHOCOLATE RANCHEIRO,0.5407775282859802,0.64,-0.07999999999999996,,,,['low_score'],,,,,,,,,,,,,,,,0
IMG_7358.HEIC,58,0.2929517328739166,719,1874,1372,1932,product_crops\product_0058_conf_0.29.jpg,__Unknown__,True,RANCHEIRO__RANCHEIRO CREAM CRACKER RANCHEIRO,0.47547926008701324,0.81,0.09000000000000008,RANCHEIRO__RANCHEIRO WAFER RANCHEIRO MORANGO,0.4697142541408539,0.005765005946159363,['low_score'],,,,,,,,,,,,,,,,0
IMG_7358.HEIC,59,0.2888542413711548,1114,1420,1379,1677,product_crops\product_0059_conf_0.29.jpg,__Unknown__,True,RANCHEIRO__RANCHEIRO CREAM CRACKER RANCHEIRO,0.5124710679054261,0.81,0.09000000000000008,,,,['low_score'],,,,,,,,,,,,,,,,0
IMG_7358.HEIC,60,0.2837042510509491,72,1876,712,1933,product_crops\product_0060_conf_0.28.jpg,__Unknown__,True,RANCHEIRO__RANCHEIRO BISCOITO MARIA RANCHEIRO,0.5262540777524313,0.72,0.0,RANCHEIRO__RANCHEIRO CREAM CRACKER RANCHEIRO,0.5223302245140076,0.003923853238423702,['low_score'],,,,,,,,,,,,,,,,0
IMG_7358.HEIC,61,0.26125094294548035,1593,2271,2148,2623,product_crops\product_0061_conf_0.26.jpg,__Unknown__,True,RANCHEIRO__RANCHEIRO BISCOITO MAIZENA RANCHEIRO,0.6780355095863342,0.76,0.040000000000000036,,,,['low_score'],,,,,,,,,,,,,,,,0
IMG_7358.HEIC,62,0.25742438435554504,2002,2237,2264,2294,product_crops\product_0062_conf_0.26.jpg,__Unknown__,True,RANCHEIRO__RANCHEIRO BISCOITO MAIZENA RANCHEIRO,0.7403125882148742,0.76,0.040000000000000036,,,,['low_score'],,,,,,,,,,,,,,,,0
IMG_7362.HEIC,0,0.9786168932914734,988,1084,1441,1630,product_crops\product_0000_conf_0.98.jpg,Mabel__Mabel Rosquinha Mabel Sabor Coco,False,Mabel__Mabel Rosquinha Mabel Sabor Coco,0.9391872525215149,0.72,0.0,,,,[],0,"9,99",9.99,,,,,"9,99",9.99,regular,False,image_single_palette,white,356.4256584478733,0,1
IMG_7362.HEIC,1,0.9779963493347168,544,1088,998,1629,product_crops\product_0001_conf_0.98.jpg,Mabel__Mabel Rosquinha Mabel Sabor Coco,False,Mabel__Mabel Rosquinha Mabel Sabor Coco,0.9295085072517395,0.72,0.0,,,,[],,,,,,,,,,,,,,,,0
IMG_7362.HEIC,2,0.9742472767829895,115,1104,558,1630,product_crops\product_0002_conf_0.97.jpg,Mabel__Mabel Rosquinha Mabel Sabor Coco,False,Mabel__Mabel Rosquinha Mabel Sabor Coco,0.8363844603300095,0.72,0.0,Mabel__Mabel Rosquinha Mabel Sabor Banana e Canela,0.8294494152069092,0.006935045123100281,[],,,,,,,,,,,,,,,,0
IMG_7362.HEIC,3,0.9721183776855469,1437,1110,1882,1626,product_crops\product_0003_conf_0.97.jpg,Mabel__Mabel Rosquinha Mabel Sabor Coco,False,Mabel__Mabel Rosquinha Mabel Sabor Coco,0.8479164004325866,0.72,0.0,,,,[],,,,,,,,,,,,,,,,0
IMG_7362.HEIC,4,0.9696552753448486,1336,530,1550,985,product_crops\product_0004_conf_0.97.jpg,__Unknown__,True,RANCHEIRO__RANCHEIRO BISCOITO MAIZENA RANCHEIRO,0.71031494140625,0.76,0.040000000000000036,,,,['low_score'],13,"7,40",7.4,,,,,"7,40",7.40,regular,False,image_single_palette,white,286.46553021262434,13,1
IMG_7362.HEIC,5,0.9694331884384155,1894,1102,2268,1626,product_crops\product_0005_conf_0.97.jpg,Mabel__Mabel Rosquinha Mabel Sabor Coco,False,Mabel__Mabel Rosquinha Mabel Sabor Coco,0.7973660349845886,0.72,0.0,,,,[],,,,,,,,,,,,,,,,0
IMG_7362.HEIC,6,0.9662734270095825,872,2836,1164,3188,product_crops\product_0006_conf_0.97.jpg,__Unknown__,True,RANCHEIRO__RANCHEIRO ROSQUINHA DE CHOCOLATE RANCHEIRO,0.5540184378623962,0.62,-0.09999999999999998,RANCHEIRO__RANCHEIRO CREAM CRACKER RANCHEIRO,0.5511762499809265,0.0028421878814697266,['low_score'],,,,,,,,,,,,,,,,0
IMG_7362.HEIC,7,0.9637367129325867,656,2831,873,3164,product_crops\product_0007_conf_0.96.jpg,__Unknown__,True,RANCHEIRO__RANCHEIRO CREAM CRACKER RANCHEIRO,0.5074767053127289,0.81,0.09000000000000008,,,,['low_score'],2,"5,49",5.49,,,,,"5,49",5.49,regular,False,image_single_palette,white,237.71463985207137,2,1
IMG_7362.HEIC,8,0.9627697467803955,1066,1,1367,358,product_crops\product_0008_conf_0.96.jpg,__Unknown__,True,RANCHEIRO__RANCHEIRO BISCOITO MAIZENA RANCHEIRO,0.6865842938423157,0.76,0.040000000000000036,,,,['low_score'],,,,,,,,,,,,,,,,0
IMG_7362.HEIC,9,0.9617787003517151,1538,526,1751,985,product_crops\product_0009_conf_0.96.jpg,__Unknown__,True,RANCHEIRO__RANCHEIRO BISCOITO MAIZENA RANCHEIRO,0.7232256174087525,0.76,0.040000000000000036,,,,['low_score'],,,,,,,,,,,,,,,,0
IMG_7362.HEIC,10,0.9596360921859741,2007,3249,2268,3635,product_crops\product_0010_conf_0.96.jpg,__Unknown__,True,Adoralle__Adoralle Alimentos Rosquinhas Coco,0.5431368052959442,0.72,0.0,Mabel__Mabel Rosquinha Mabel Sabor Coco,0.5246877670288086,0.01844903826713562,['low_score'],10,,,,,,,,,regular,False,image_single_palette,white,253.11706777694783,10,1
IMG_7362.HEIC,11,0.9586416482925415,675,289,1082,994,product_crops\product_0011_conf_0.96.jpg,__Unknown__,True,RANCHEIRO__RANCHEIRO COOKIES RANCHEIRO,0.4471658766269684,0.68,-0.039999999999999925,Mabel__Mabel Recheado Mabel Sabor Chocolate,0.4448034167289734,0.002362459897994995,['low_score'],9,"21,99",21.99,,,,,"21,99",21.99,regular,False,image_single_palette,white,423.8092141518398,9,1
IMG_7362.HEIC,12,0.957768440246582,1692,3249,1994,3653,product_crops\product_0012_conf_0.96.jpg,__Unknown__,True,Adoralle__Adoralle Alimentos Rosquinhas Coco,0.5891980051994323,0.72,0.0,,,,['low_score'],,,,,,,,,,,,,,,,0
IMG_7362.HEIC,13,0.9538835883140564,793,1744,1191,2200,product_crops\product_0013_conf_0.95.jpg,Mabel__Mabel Rosquinha Mabel Sabor Coco,False,Mabel__Mabel Rosquinha Mabel Sabor Coco,0.8742930054664612,0.72,0.0,,,,[],,,,,,,,,,,,,,,,0
IMG_7362.HEIC,14,0.9535673260688782,1344,214,1549,543,product_crops\product_0014_conf_0.95.jpg,__Unknown__,True,RANCHEIRO__RANCHEIRO BISCOITO MAIZENA RANCHEIRO,0.7040590286254883,0.76,0.040000000000000036,,,,['low_score'],,,,,,,,,,,,,,,,0
IMG_7362.HEIC,15,0.9529405832290649,1935,2818,2118,3093,product_crops\product_0015_conf_0.95.jpg,__Unknown__,True,Mabel__Mabel Cracker Agua e Sal,0.4417017176747322,0.72,0.0,Adoralle__Adoralle Alimentos Cream Cracker,0.44164741039276123,5.430728197097778e-05,['low_score'],,,,,,,,,,,,,,,,0
IMG_7362.HEIC,16,0.9526842832565308,1542,133,1780,536,product_crops\product_0016_conf_0.95.jpg,__Unknown__,True,RANCHEIRO__RANCHEIRO BISCOITO MAIZENA RANCHEIRO,0.6944979548454284,0.76,0.040000000000000036,,,,['low_score'],,,,,,,,,,,,,,,,0
IMG_7362.HEIC,17,0.9519580602645874,1,1756,426,2244,product_crops\product_0017_conf_0.95.jpg,Mabel__Mabel Rosquinha Mabel Sabor Coco,False,Mabel__Mabel Rosquinha Mabel Sabor Coco,0.8855054259300232,0.72,0.0,,,,[],,,,,,,,,,,,,,,,0
IMG_7362.HEIC,18,0.9519331455230713,416,1734,800,2212,product_crops\product_0018_conf_0.95.jpg,Mabel__Mabel Rosquinha Mabel Sabor Coco,False,Mabel__Mabel Rosquinha Mabel Sabor Coco,0.8193033576011658,0.72,0.0,,,,[],,,,,,,,,,,,,,,,0
IMG_7362.HEIC,19,0.9517580270767212,1177,1740,1582,2207,product_crops\product_0019_conf_0.95.jpg,Mabel__Mabel Rosquinha Mabel Sabor Coco,False,Mabel__Mabel Rosquinha Mabel Sabor Coco,0.8307348012924194,0.72,0.0,,,,[],,,,,,,,,,,,,,,,0
IMG_7362.HEIC,20,0.9510999917984009,861,2346,1162,2710,product_crops\product_0020_conf_0.95.jpg,__Unknown__,True,Adoralle__Adoralle Alimentos Rosquinhas Coco,0.6936730027198792,0.72,0.0,,,,['low_score'],8,"5,99",5.99,,,,,"5,99",5.99,regular,False,image_single_palette,white,280.8745271469095,8,1
IMG_7362.HEIC,21,0.9508441686630249,2,255,305,994,product_crops\product_0021_conf_0.95.jpg,__Unknown__,True,RANCHEIRO__RANCHEIRO COOKIES RANCHEIRO,0.43400388956069946,0.68,-0.039999999999999925,RANCHEIRO__RANCHEIRO ROSQUINHA DE CHOCOLATE RANCHEIRO,0.43288516998291016,0.0011187195777893066,['low_score'],,,,,,,,,,,,,,,,0
IMG_7362.HEIC,22,0.9500288963317871,157,2833,484,3125,product_crops\product_0022_conf_0.95.jpg,__Unknown__,True,Mabel__Mabel Rosquinha Mabel Sabor Banana e Canela,0.504675567150116,0.72,0.0,Adoralle__Adoralle Alimentos Rosquinhas Coco,0.49892565608024597,0.005749911069869995,['low_score'],,,,,,,,,,,,,,,,0
IMG_7362.HEIC,23,0.9497079849243164,1193,2344,1580,2755,product_crops\product_0023_conf_0.95.jpg,RANCHEIRO__RANCHEIRO ROSQUINHA DE CHOCOLATE RANCHEIRO,False,RANCHEIRO__RANCHEIRO ROSQUINHA DE CHOCOLATE RANCHEIRO,0.9379669666290283,0.62,-0.09999999999999998,,,,[],,,,,,,,,,,,,,,,0
IMG_7362.HEIC,24,0.9477845430374146,1764,2818,1942,3095,product_crops\product_0024_conf_0.95.jpg,__Unknown__,True,Adoralle__Adoralle Alimentos Cream Cracker,0.4154842719435692,0.72,0.0,Mabel__Mabel Cracker Agua e Sal,0.4107307195663452,0.0047535523772239685,['low_score'],11,"1,59",1.59,,,,,"1,59",1.59,regular,False,image_single_palette,white,278.9274099116112,11,1
IMG_7362.HEIC,25,0.9462292194366455,2013,1828,2257,2239,product_crops\product_0025_conf_0.95.jpg,__Unknown__,True,RANCHEIRO__RANCHEIRO CREAM CRACKER RANCHEIRO,0.4341426372528076,0.81,0.09000000000000008,,,,['low_score'],1,"7,99",7.99,,,,,"7,99",7.99,regular,False,image_single_palette,white,258.4695339880505,1,1
IMG_7362.HEIC,26,0.9447199702262878,1194,2858,1472,3191,product_crops\product_0026_conf_0.94.jpg,__Unknown__,True,RANCHEIRO__RANCHEIRO CREAM CRACKER RANCHEIRO,0.5010806381702423,0.81,0.09000000000000008,,,,['low_score'],5,"11,99",11.99,,,,,"11,99",11.99,regular,False,image_single_palette,white,208.29366288968083,5,1
IMG_7362.HEIC,27,0.941467821598053,277,281,704,982,product_crops\product_0027_conf_0.94.jpg,__Unknown__,True,RANCHEIRO__RANCHEIRO COOKIES RANCHEIRO,0.4525585323572159,0.68,-0.039999999999999925,Mabel__Mabel Recheado Mabel Sabor Chocolate,0.4360714256763458,0.016487106680870056,['low_score'],,,,,,,,,,,,,,,,0
IMG_7362.HEIC,28,0.9403122067451477,654,3267,926,3650,product_crops\product_0028_conf_0.94.jpg,__Unknown__,True,RANCHEIRO__RANCHEIRO BISCOITO QUEBRADOR RANC LIMAO,0.5614057779312134,0.67,-0.04999999999999993,Mabel__Mabel Rosquinha Mabel Sabor Chocolate,0.5281243324279785,0.03328144550323486,['low_score'],3,,,,,,,,,regular,False,image_single_palette,white,229.60672899547174,3,1
IMG_7362.HEIC,29,0.9335193634033203,1553,1829,1797,2212,product_crops\product_0029_conf_0.93.jpg,__Unknown__,True,RANCHEIRO__RANCHEIRO CREAM CRACKER RANCHEIRO,0.5308021545410156,0.81,0.09000000000000008,,,,['low_score'],,,,,,,,,,,,,,,,0
IMG_7362.HEIC,30,0.9314539432525635,433,2343,826,2739,product_crops\product_0030_conf_0.93.jpg,RANCHEIRO__RANCHEIRO ROSQUINHA BANANA-CANELA RANCHEIRO,False,RANCHEIRO__RANCHEIRO ROSQUINHA BANANA-CANELA RANCHEIRO,0.8868586897850037,0.72,0.0,,,,[],,,,,,,,,,,,,,,,0
IMG_7362.HEIC,31,0.9283115863800049,1903,2564,2239,2755,product_crops\product_0031_conf_0.93.jpg,__Unknown__,True,RANCHEIRO__RANCHEIRO CREAM CRACKER RANCHEIRO,0.5748674511909485,0.81,0.09000000000000008,,,,['low_score'],12,,,,,,,,,regular,False,image_single_palette,white,197.0970573093368,12,1
IMG_7362.HEIC,32,0.9278593063354492,2144,602,2267,984,product_crops\product_0032_conf_0.93.jpg,__Unknown__,True,RANCHEIRO__RANCHEIRO ROSQUINHA RECHEADA DE MORANGO RANCHEIRO,0.4588412046432495,0.72,0.0,RANCHEIRO__RANCHEIRO COOKIES RANCHEIRO,0.446011483669281,0.012829720973968506,['low_score'],,,,,,,,,,,,,,,,0
IMG_7362.HEIC,33,0.9276627898216248,382,3267,667,3648,product_crops\product_0033_conf_0.93.jpg,__Unknown__,True,Adoralle__Adoralle Alimentos Rosquinhas Coco,0.5681879818439484,0.72,0.0,Mabel__Mabel Rosquinha Mabel Sabor Coco,0.5643455386161804,0.0038424432277679443,['low_score'],,,,,,,,,,,,,,,,0
IMG_7362.HEIC,34,0.921402633190155,12,2345,395,2746,product_crops\product_0034_conf_0.92.jpg,RANCHEIRO__RANCHEIRO ROSQUINHA DE COCO RANCHEIRO,False,RANCHEIRO__RANCHEIRO ROSQUINHA DE COCO RANCHEIRO,0.8064030170440674,0.72,0.0,,,,[],7,"12,99",12.99,,,,,"12,99",12.99,regular,False,image_single_palette,white,328.11659513045055,7,1
IMG_7362.HEIC,35,0.9180135726928711,1583,2822,1744,3078,product_crops\product_0035_conf_0.92.jpg,__Unknown__,True,RANCHEIRO__RANCHEIRO CREAM CRACKER RANCHEIRO,0.5286248326301575,0.81,0.09000000000000008,RANCHEIRO__RANCHEIRO ROSQUINHA DE CHOCOLATE RANCHEIRO,0.5278899669647217,0.000734865665435791,['low_score'],,,,,,,,,,,,,,,,0
IMG_7362.HEIC,36,0.9151575565338135,1224,3264,1541,3697,product_crops\product_0036_conf_0.92.jpg,__Unknown__,True,Adoralle__Adoralle Alimentos Rosquinhas Coco,0.58295539021492,0.72,0.0,RANCHEIRO__RANCHEIRO ROSQUINHA DE COCO RANCHEIRO,0.5622994899749756,0.020655900239944458,['low_score'],,,,,,,,,,,,,,,,0
IMG_7362.HEIC,37,0.9151316285133362,1737,546,1961,986,product_crops\product_0037_conf_0.92.jpg,__Unknown__,True,RANCHEIRO__RANCHEIRO BISCOITO QUEBRADOR RANC LIMAO,0.40335240960121155,0.67,-0.04999999999999993,RANCHEIRO__RANCHEIRO WAFER RANCHEIRO LIMAO,0.39797890186309814,0.005373507738113403,['low_score'],15,"4,55",4.55,,,,,"4,55",4.55,regular,False,image_single_palette,white,264.51701268538477,15,1
IMG_7362.HEIC,38,0.9084674119949341,1463,2826,1594,3085,product_crops\product_0038_conf_0.91.jpg,__Unknown__,True,RANCHEIRO__RANCHEIRO CREAM CRACKER RANCHEIRO,0.49477601051330566,0.81,0.09000000000000008,RANCHEIRO__RANCHEIRO ROSQUINHA DE CHOCOLATE RANCHEIRO,0.4901682138442993,0.004607796669006348,['low_score'],4,"11,99",11.99,,,,,"11,99",11.99,regular,False,image_single_palette,white,276.7824055101769,4,1
IMG_7362.HEIC,39,0.9042490124702454,1946,614,2160,984,product_crops\product_0039_conf_0.90.jpg,__Unknown__,True,Adoralle__Adoralle Alimentos Rosquinhas Coco,0.4355114698410034,0.72,0.0,,,,['low_score'],16,"1,00",1.0,"7,99",7.99,,,"1,00 / 7,99",1.00 / 7.99,regular,False,image_single_palette,white,228.7646170193284,16,1
IMG_7362.HEIC,40,0.8981860876083374,1640,2619,1767,2766,product_crops\product_0040_conf_0.90.jpg,__Unknown__,True,RANCHEIRO__RANCHEIRO BISCOITO MARIA RANCHEIRO,0.5123415688673655,0.72,0.0,RANCHEIRO__RANCHEIRO ROSQUINHA DE COCO RANCHEIRO,0.45802465081214905,0.054316918055216434,['low_score'],,,,,,,,,,,,,,,,0
IMG_7362.HEIC,41,0.8903413414955139,1784,1828,2035,2227,product_crops\product_0041_conf_0.89.jpg,__Unknown__,True,RANCHEIRO__RANCHEIRO ROSQUINHA DE CHOCOLATE RANCHEIRO,0.41218849023183185,0.62,-0.09999999999999998,RANCHEIRO__RANCHEIRO WAFER RANCHEIRO MORANGO,0.41046807169914246,0.001720418532689394,['low_score'],,,,,,,,,,,,,,,,0
IMG_7362.HEIC,42,0.8885352611541748,2119,2825,2267,3172,product_crops\product_0042_conf_0.89.jpg,__Unknown__,True,Mabel__Mabel Cracker Agua e Sal,0.359827584028244,0.72,0.0,,,,['low_score'],,,,,,,,,,,,,,,,0
IMG_7362.HEIC,43,0.8695369958877563,1069,487,1346,987,product_crops\product_0043_conf_0.87.jpg,__Unknown__,True,RANCHEIRO__RANCHEIRO BISCOITO MAIZENA RANCHEIRO,0.6707688122987747,0.76,0.040000000000000036,Adoralle__Adoralle Alimentos Laminados Doces Maizena,0.6508463621139526,0.019922450184822083,['low_score'],14,"16,00",16.0,,,,,"16,00",16.00,regular,False,image_single_palette,white,296.14270208803055,14,1
IMG_7362.HEIC,44,0.8539259433746338,1455,3252,1694,3497,product_crops\product_0044_conf_0.85.jpg,__Unknown__,True,RANCHEIRO__RANCHEIRO ROSQUINHA DE CHOCOLATE RANCHEIRO,0.5056193619966507,0.62,-0.09999999999999998,RANCHEIRO__RANCHEIRO ROSQUINHA BANANA-CANELA RANCHEIRO,0.4818739891052246,0.023745372891426086,['low_score'],,,,,,,,,,,,,,,,0
IMG_7362.HEIC,45,0.853141188621521,127,3268,419,3658,product_crops\product_0045_conf_0.85.jpg,__Unknown__,True,Adoralle__Adoralle Alimentos Laminados Doces Coco,0.5653530160586039,0.72,0.0,Adoralle__Adoralle Alimentos Rosquinhas Coco,0.5592954158782959,0.006057600180307987,['low_score'],,,,,,,,,,,,,,,,0
IMG_7362.HEIC,46,0.7611553072929382,1762,2468,1912,2758,product_crops\product_0046_conf_0.76.jpg,__Unknown__,True,Adoralle__Adoralle Alimentos Cream Cracker,0.5673454999923706,0.72,0.0,Mabel__Mabel Cracker Agua e Sal,0.5627944469451904,0.004551053047180176,['low_score'],,,,,,,,,,,,,,,,0
IMG_7362.HEIC,47,0.7596409320831299,916,3267,1232,3696,product_crops\product_0047_conf_0.76.jpg,__Unknown__,True,Mabel__Mabel Rosquinha Mabel Sabor Leite,0.48699483275413513,0.72,0.0,RANCHEIRO__RANCHEIRO ROSQUINHA RECHEADA DE MORANGO-CARAMELO RANCHEIRO,0.46869219839572906,0.018302634358406067,['low_score'],,,,,,,,,,,,,,,,0
IMG_7362.HEIC,48,0.698238730430603,0,3269,183,3655,product_crops\product_0048_conf_0.70.jpg,__Unknown__,True,Adoralle__Adoralle Alimentos Laminados Doces Coco,0.6154345870018005,0.72,0.0,,,,['low_score'],,,,,,,,,,,,,,,,0
IMG_7362.HEIC,49,0.5673089027404785,1602,2367,1781,2630,product_crops\product_0049_conf_0.57.jpg,__Unknown__,True,Mabel__Mabel Cracker Agua e Sal,0.5030056238174438,0.72,0.0,RANCHEIRO__RANCHEIRO BISCOITO MARIA RANCHEIRO,0.5005912780761719,0.0024143457412719727,['low_score'],6,"5,49",5.49,,,,,"5,49",5.49,regular,False,image_single_palette,white,297.9681191000138,6,1
IMG_7362.HEIC,50,0.5289627909660339,1769,220,1998,471,product_crops\product_0050_conf_0.53.jpg,__Unknown__,True,RANCHEIRO__RANCHEIRO ROSQUINHA RECHEADA DE MORANGO-CARAMELO RANCHEIRO,0.3581583499908447,0.68,-0.039999999999999925,RANCHEIRO__RANCHEIRO ROSQUINHA DE CHOCOLATE RANCHEIRO,0.31740614771842957,0.04075220227241516,['low_score'],,,,,,,,,,,,,,,,0
IMG_7362.HEIC,51,0.5063613653182983,1815,2373,2181,2571,product_crops\product_0051_conf_0.51.jpg,__Unknown__,True,RANCHEIRO__RANCHEIRO ROSQUINHA RECHEADA DE MORANGO-CARAMELO RANCHEIRO,0.4711265563964844,0.68,-0.039999999999999925,Adoralle__Adoralle Alimentos Laminados Doces Maizena,0.46712246537208557,0.004004091024398804,['low_score'],,,,,,,,,,,,,,,,0
IMG_7362.HEIC,52,0.47733718156814575,0,2834,159,3062,product_crops\product_0052_conf_0.48.jpg,__Unknown__,True,RANCHEIRO__RANCHEIRO ROSQUINHA DE CHOCOLATE RANCHEIRO,0.4152732938528061,0.62,-0.09999999999999998,RANCHEIRO__RANCHEIRO ROSQUINHA BANANA-CANELA RANCHEIRO,0.4090540409088135,0.006219252943992615,['low_score'],,,,,,,,,,,,,,,,0
IMG_7362.HEIC,53,0.37569886445999146,1073,347,1350,505,product_crops\product_0053_conf_0.38.jpg,__Unknown__,True,RANCHEIRO__RANCHEIRO BISCOITO MAIZENA RANCHEIRO,0.7126603245735168,0.76,0.040000000000000036,,,,['low_score'],,,,,,,,,,,,,,,,0
IMG_7362.HEIC,54,0.29703524708747864,1774,0,2027,244,product_crops\product_0054_conf_0.30.jpg,__Unknown__,True,RANCHEIRO__RANCHEIRO BISCOITO MARIA RANCHEIRO,0.44779375195503235,0.72,0.0,RANCHEIRO__RANCHEIRO ROSQUINHA DE COCO RANCHEIRO,0.44062864780426025,0.007165104150772095,['low_score'],,,,,,,,,,,,,,,,0
IMG_7365.HEIC,0,0.97740238904953,825,1869,1144,2223,product_crops\product_0000_conf_0.98.jpg,Mabel__Mabel Rosquinha Mabel Sabor Coco,False,Mabel__Mabel Rosquinha Mabel Sabor Coco,0.9012660503387451,0.72,0.0,,,,[],,,,,,,,,,,,,,,,0
IMG_7365.HEIC,1,0.9739530682563782,1134,1422,1467,1801,product_crops\product_0001_conf_0.97.jpg,Mabel__Mabel Rosquinha Mabel Sabor Coco,False,Mabel__Mabel Rosquinha Mabel Sabor Coco,0.8939889311790467,0.72,0.0,,,,[],,,,,,,,,,,,,,,,0
IMG_7365.HEIC,2,0.972496509552002,1462,1433,1807,1803,product_crops\product_0002_conf_0.97.jpg,Mabel__Mabel Rosquinha Mabel Sabor Coco,False,Mabel__Mabel Rosquinha Mabel Sabor Coco,0.8882602572441101,0.72,0.0,,,,[],4,"7,99",7.99,,,,,"7,99",7.99,regular,False,image_single_palette,white,230.73469613389312,4,1
IMG_7365.HEIC,3,0.9717530608177185,473,1411,793,1798,product_crops\product_0003_conf_0.97.jpg,Mabel__Mabel Rosquinha Mabel Sabor Coco,False,Mabel__Mabel Rosquinha Mabel Sabor Coco,0.8956046104431152,0.72,0.0,,,,[],,,,,,,,,,,,,,,,0
IMG_7365.HEIC,4,0.9708011150360107,831,3353,1106,3563,product_crops\product_0004_conf_0.97.jpg,__Unknown__,True,Mabel__Mabel Rosquinha Mabel Sabor Coco,0.6601614654064178,0.72,0.0,RANCHEIRO__RANCHEIRO ROSQUINHA DE COCO RANCHEIRO,0.6486203074455261,0.011541157960891724,['low_score'],,,,,,,,,,,,,,,,0
IMG_7365.HEIC,5,0.970460057258606,492,1871,814,2219,product_crops\product_0005_conf_0.97.jpg,Mabel__Mabel Rosquinha Mabel Sabor Coco,False,Mabel__Mabel Rosquinha Mabel Sabor Coco,0.8669466018676758,0.72,0.0,,,,[],,,,,,,,,,,,,,,,0
IMG_7365.HEIC,6,0.970340371131897,1728,2690,2034,2994,product_crops\product_0006_conf_0.97.jpg,Mabel__Mabel Rosquinha Mabel Sabor Coco,False,Mabel__Mabel Rosquinha Mabel Sabor Coco,0.8830780863761902,0.72,0.0,,,,[],,,,,,,,,,,,,,,,0
IMG_7365.HEIC,7,0.9702649712562561,785,1427,1125,1799,product_crops\product_0007_conf_0.97.jpg,Mabel__Mabel Rosquinha Mabel Sabor Coco,False,Mabel__Mabel Rosquinha Mabel Sabor Coco,0.8797775506973267,0.72,0.0,,,,[],,,,,,,,,,,,,,,,0
IMG_7365.HEIC,8,0.9695731401443481,195,1866,496,2218,product_crops\product_0008_conf_0.97.jpg,Mabel__Mabel Rosquinha Mabel Sabor Coco,False,Mabel__Mabel Rosquinha Mabel Sabor Coco,0.8402603030204773,0.72,0.0,,,,[],,,,,,,,,,,,,,,,0
IMG_7365.HEIC,9,0.9670882821083069,994,993,1233,1330,product_crops\product_0009_conf_0.97.jpg,Mabel__Mabel Amanteigado Mabel Sabor Leite,False,Mabel__Mabel Amanteigado Mabel Sabor Leite,0.8892612099647522,0.72,0.0,,,,[],,,,,,,,,,,,,,,,0
IMG_7365.HEIC,10,0.966752827167511,1765,1884,2077,2238,product_crops\product_0010_conf_0.97.jpg,Mabel__Mabel Rosquinha Mabel Sabor Coco,False,Mabel__Mabel Rosquinha Mabel Sabor Coco,0.8746298670768737,0.72,0.0,,,,[],,,,,,,,,,,,,,,,0
IMG_7365.HEIC,11,0.9666982293128967,1823,1409,2172,1808,product_crops\product_0011_conf_0.97.jpg,Mabel__Mabel Rosquinha Mabel Sabor Coco,False,Mabel__Mabel Rosquinha Mabel Sabor Coco,0.8867578506469727,0.72,0.0,,,,[],,,,,,,,,,,,,,,,0
IMG_7365.HEIC,12,0.9663745760917664,76,1405,461,1800,product_crops\product_0012_conf_0.97.jpg,Mabel__Mabel Rosquinha Mabel Sabor Coco,False,Mabel__Mabel Rosquinha Mabel Sabor Coco,0.8812036991119385,0.72,0.0,,,,[],,,,,,,,,,,,,,,,0
IMG_7365.HEIC,13,0.9661383032798767,1458,1887,1771,2234,product_crops\product_0013_conf_0.97.jpg,Mabel__Mabel Rosquinha Mabel Sabor Coco,False,Mabel__Mabel Rosquinha Mabel Sabor Coco,0.9004773139953614,0.72,0.0,,,,[],,,,,,,,,,,,,,,,0
IMG_7365.HEIC,14,0.9659296274185181,1137,1882,1464,2230,product_crops\product_0014_conf_0.97.jpg,Mabel__Mabel Rosquinha Mabel Sabor Coco,False,Mabel__Mabel Rosquinha Mabel Sabor Coco,0.9086890101432801,0.72,0.0,,,,[],,,,,,,,,,,,,,,,0
IMG_7365.HEIC,15,0.965431809425354,500,967,744,1331,product_crops\product_0015_conf_0.97.jpg,Mabel__Mabel Amanteigado Mabel Sabor Coco,False,Mabel__Mabel Amanteigado Mabel Sabor Coco,0.8786860466003418,0.72,0.0,,,,[],1,"7,99",7.99,,,,,"7,99",7.99,regular,False,image_single_palette,white,243.15941273164813,1,1
IMG_7365.HEIC,16,0.965301513671875,1127,3037,1401,3291,product_crops\product_0016_conf_0.97.jpg,Mabel__Mabel Rosquinha Mabel Sabor Coco,False,Mabel__Mabel Rosquinha Mabel Sabor Coco,0.7245350241661072,0.72,0.0,,,,[],,,,,,,,,,,,,,,,0
IMG_7365.HEIC,17,0.9649463891983032,1406,3042,1691,3325,product_crops\product_0017_conf_0.96.jpg,Mabel__Mabel Rosquinha Mabel Sabor Coco,False,Mabel__Mabel Rosquinha Mabel Sabor Coco,0.8768345236778259,0.72,0.0,,,,[],,,,,,,,,,,,,,,,0
IMG_7365.HEIC,18,0.9642181396484375,1414,2689,1732,2993,product_crops\product_0018_conf_0.96.jpg,Mabel__Mabel Rosquinha Mabel Sabor Coco,False,Mabel__Mabel Rosquinha Mabel Sabor Coco,0.8924523890018463,0.72,0.0,Mabel__Mabel Rosquinha Mabel Sabor Leite,0.8746465444564819,0.01780584454536438,[],,,,,,,,,,,,,,,,0
IMG_7365.HEIC,19,0.9637449979782104,744,980,996,1330,product_crops\product_0019_conf_0.96.jpg,Mabel__Mabel Amanteigado Mabel Sabor Leite,False,Mabel__Mabel Amanteigado Mabel Sabor Leite,0.8985125184059143,0.72,0.0,,,,[],,,,,,,,,,,,,,,,0
IMG_7365.HEIC,20,0.9628811478614807,848,2302,1143,2629,product_crops\product_0020_conf_0.96.jpg,Mabel__Mabel Rosquinha Mabel Sabor Coco,False,Mabel__Mabel Rosquinha Mabel Sabor Coco,0.8953687310218811,0.72,0.0,,,,[],8,"7,99",7.99,,,,,"7,99",7.99,regular,False,image_single_palette,yellow,240.66989840858787,8,1
IMG_7365.HEIC,21,0.9626339673995972,225,2670,551,2961,product_crops\product_0021_conf_0.96.jpg,Mabel__Mabel Rosquinha Mabel Sabor Coco,False,Mabel__Mabel Rosquinha Mabel Sabor Coco,0.869098174571991,0.72,0.0,,,,[],,,,,,,,,,,,,,,,0
IMG_7365.HEIC,22,0.9622418284416199,258,962,505,1331,product_crops\product_0022_conf_0.96.jpg,Mabel__Mabel Amanteigado Mabel Sabor Coco,False,Mabel__Mabel Amanteigado Mabel Sabor Coco,0.9221543550491333,0.72,0.0,,,,[],,,,,,,,,,,,,,,,0
IMG_7365.HEIC,23,0.961723804473877,1171,2303,1476,2624,product_crops\product_0023_conf_0.96.jpg,Mabel__Mabel Rosquinha Mabel Sabor Coco,False,Mabel__Mabel Rosquinha Mabel Sabor Coco,0.8994509458541871,0.72,0.0,,,,[],,,,,,,,,,,,,,,,0
IMG_7365.HEIC,24,0.9614489078521729,1229,1010,1451,1329,product_crops\product_0024_conf_0.96.jpg,Mabel__Mabel Amanteigado Mabel Sabor Leite,False,Mabel__Mabel Amanteigado Mabel Sabor Leite,0.8854066491127014,0.72,0.0,,,,[],2,"7,99",7.99,,,,,"7,99",7.99,regular,False,image_single_palette,white,216.8000230627294,2,1
IMG_7365.HEIC,25,0.9592206478118896,1112,3361,1385,3575,product_crops\product_0025_conf_0.96.jpg,Mabel__Mabel Rosquinha Mabel Sabor Coco,False,Mabel__Mabel Rosquinha Mabel Sabor Coco,0.7641137440999349,0.72,0.0,Adoralle__Adoralle Alimentos Rosquinhas Coco,0.7464365661144257,0.017677177985509274,[],,,,,,,,,,,,,,,,0
IMG_7365.HEIC,26,0.9589132070541382,532,3347,821,3567,product_crops\product_0026_conf_0.96.jpg,Mabel__Mabel Rosquinha Mabel Sabor Coco,False,Mabel__Mabel Rosquinha Mabel Sabor Coco,0.7688641399145126,0.72,0.0,Adoralle__Adoralle Alimentos Rosquinhas Coco,0.7409291863441467,0.027934953570365906,[],,,,,,,,,,,,,,,,0
IMG_7365.HEIC,27,0.956811785697937,1653,3372,1939,3591,product_crops\product_0027_conf_0.96.jpg,__Unknown__,True,Adoralle__Adoralle Alimentos Rosquinhas Coco,0.617817759513855,0.72,0.0,RANCHEIRO__RANCHEIRO ROSQUINHA BANANA-CANELA RANCHEIRO,0.6098173558712006,0.008000403642654419,['low_score'],,,,,,,,,,,,,,,,0
IMG_7365.HEIC,28,0.954647958278656,603,2294,856,2569,product_crops\product_0028_conf_0.95.jpg,__Unknown__,True,Mabel__Mabel Rosquinha Mabel Sabor Coco,0.6746064126491547,0.72,0.0,RANCHEIRO__RANCHEIRO ROSQUINHA DE COCO RANCHEIRO,0.6743675470352173,0.00023886561393737793,['low_score'],,,,,,,,,,,,,,,,0
IMG_7365.HEIC,29,0.9546078443527222,1686,3049,1987,3324,product_crops\product_0029_conf_0.95.jpg,Mabel__Mabel Rosquinha Mabel Sabor Coco,False,Mabel__Mabel Rosquinha Mabel Sabor Coco,0.7707132458686828,0.72,0.0,,,,[],,,,,,,,,,,,,,,,0
IMG_7365.HEIC,30,0.953408420085907,343,2292,614,2563,product_crops\product_0030_conf_0.95.jpg,Adoralle__Adoralle Alimentos Rosquinhas Coco,False,Adoralle__Adoralle Alimentos Rosquinhas Coco,0.7474973201751709,0.72,0.0,Mabel__Mabel Rosquinha Mabel Sabor Coco,0.7425145953893661,0.0049827247858047485,[],,,,,,,,,,,,,,,,0
IMG_7365.HEIC,31,0.9531653523445129,858,2683,1165,2940,product_crops\product_0031_conf_0.95.jpg,Mabel__Mabel Rosquinha Mabel Sabor Coco,False,Mabel__Mabel Rosquinha Mabel Sabor Coco,0.7203739643096924,0.72,0.0,,,,[],,,,,,,,,,,,,,,,0
IMG_7365.HEIC,32,0.9527185559272766,1387,3368,1651,3579,product_crops\product_0032_conf_0.95.jpg,__Unknown__,True,Mabel__Mabel Rosquinha Mabel Sabor Coco,0.6896119713783264,0.72,0.0,Adoralle__Adoralle Alimentos Rosquinhas Coco,0.6880891770124435,0.0015227943658828735,['low_score'],,,,,,,,,,,,,,,,0
IMG_7365.HEIC,33,0.9503535032272339,574,3027,847,3256,product_crops\product_0033_conf_0.95.jpg,__Unknown__,True,Mabel__Mabel Rosquinha Mabel Sabor Coco,0.6716931462287903,0.72,0.0,Adoralle__Adoralle Alimentos Rosquinhas Coco,0.6567484736442566,0.014944672584533691,['low_score'],5,"6,99",6.99,,,,,"6,99",6.99,regular,False,image_single_palette,white,201.23183147802436,5,1
IMG_7365.HEIC,34,0.9492709636688232,267,3346,532,3563,product_crops\product_0034_conf_0.95.jpg,__Unknown__,True,Mabel__Mabel Rosquinha Mabel Sabor Coco,0.6679013490676879,0.72,0.0,,,,['low_score'],,,,,,,,,,,,,,,,0
IMG_7365.HEIC,35,0.9479886889457703,1467,2307,1656,2609,product_crops\product_0035_conf_0.95.jpg,Mabel__Mabel Rosquinha Mabel Sabor Coco,False,Mabel__Mabel Rosquinha Mabel Sabor Coco,0.7258492857217789,0.72,0.0,Adoralle__Adoralle Alimentos Rosquinhas Coco,0.6930727958679199,0.03277648985385895,[],,,,,,,,,,,,,,,,0
IMG_7365.HEIC,36,0.9366157650947571,1160,2685,1408,2904,product_crops\product_0036_conf_0.94.jpg,__Unknown__,True,Mabel__Mabel Rosquinha Mabel Sabor Coco,0.6938086897134781,0.72,0.0,Mabel__Mabel Rosquinha Mabel Sabor Banana e Canela,0.6844123601913452,0.009396329522132874,['low_score'],,,,,,,,,,,,,,,,0
IMG_7365.HEIC,37,0.9352683424949646,42,966,278,1332,product_crops\product_0037_conf_0.94.jpg,__Unknown__,True,Mabel__Mabel Rosquinha Mabel Sabor Leite,0.5491406321525574,0.72,0.0,RANCHEIRO__RANCHEIRO BISCOITO MARIA RANCHEIRO,0.5399399995803833,0.009200632572174072,['low_score'],6,"11,99",11.99,,,,,"11,99",11.99,regular,False,image_single_palette,yellow,222.19023380877928,6,1
IMG_7365.HEIC,38,0.9343806505203247,558,2676,843,2885,product_crops\product_0038_conf_0.93.jpg,__Unknown__,True,Mabel__Mabel Rosquinha Mabel Sabor Leite,0.687729001045227,0.72,0.0,Mabel__Mabel Rosquinha Mabel Sabor Coco,0.6727154850959778,0.015013515949249268,['low_score'],,,,,,,,,,,,,,,,0
IMG_7365.HEIC,39,0.9319268465042114,1648,2312,1999,2631,product_crops\product_0039_conf_0.93.jpg,Mabel__Mabel Rosquinha Mabel Sabor Coco,False,Mabel__Mabel Rosquinha Mabel Sabor Coco,0.9146286725997925,0.72,0.0,,,,[],,,,,,,,,,,,,,,,0
IMG_7365.HEIC,40,0.9289224147796631,2013,3060,2268,3325,product_crops\product_0040_conf_0.93.jpg,__Unknown__,True,RANCHEIRO__RANCHEIRO ROSQUINHA RECHEADA DE CHOCOLATE RANCHEIRO,0.48329994082450867,0.64,-0.07999999999999996,RANCHEIRO__RANCHEIRO ROSQUINHA RECHEADA DE BAUNILHA RANCHEIRO,0.473837211728096,0.009462729096412659,['low_score'],9,"3,49",3.49,,,,,"3,49",3.49,regular,False,image_single_palette,white,180.0340245620255,9,1
IMG_7365.HEIC,41,0.9273479580879211,0,3025,283,3264,product_crops\product_0041_conf_0.93.jpg,__Unknown__,True,RANCHEIRO__RANCHEIRO CREAM CRACKER RANCHEIRO,0.6469778180122375,0.81,0.09000000000000008,,,,['low_score'],,,,,,,,,,,,,,,,0
IMG_7365.HEIC,42,0.9259528517723083,2025,2704,2268,2988,product_crops\product_0042_conf_0.93.jpg,__Unknown__,True,Mabel__Mabel Laminado Doce Mabel Sabor Leite,0.5482291877269745,0.72,0.0,RANCHEIRO__RANCHEIRO CREAM CRACKER RANCHEIRO,0.5230811834335327,0.025148004293441772,['low_score'],7,"2,99",2.99,,,,,"2,99",2.99,regular,False,image_single_palette,white,188.13426056941356,7,1
IMG_7365.HEIC,43,0.9244349002838135,299,3021,568,3236,product_crops\product_0043_conf_0.92.jpg,__Unknown__,True,Mabel__Mabel Cracker Agua e Sal,0.6026139259338379,0.72,0.0,Mabel__Mabel Rosquinha Mabel Sabor Coco,0.5920668840408325,0.010547041893005371,['low_score'],,,,,,,,,,,,,,,,0
IMG_7365.HEIC,44,0.909395694732666,2078,1941,2268,2239,product_crops\product_0044_conf_0.91.jpg,__Unknown__,True,RANCHEIRO__RANCHEIRO WAFER RANCHEIRO CHOCOLATE,0.5006361901760101,0.71,-0.010000000000000009,Mabel__Mabel Cream Cracker,0.49881330132484436,0.0018228888511657715,['low_score'],12,,,,,,,,,promo,True,vertical_shape,white,205.66112904484405,12,1
IMG_7365.HEIC,45,0.9065151810646057,1449,1026,1647,1322,product_crops\product_0045_conf_0.91.jpg,Mabel__Mabel Amanteigado Mabel Sabor Chocolate,False,Mabel__Mabel Amanteigado Mabel Sabor Chocolate,0.8929425120353699,0.75,0.030000000000000027,,,,[],,,,,,,,,,,,,,,,0
IMG_7365.HEIC,46,0.9056047797203064,1642,1020,1887,1311,product_crops\product_0046_conf_0.91.jpg,Mabel__Mabel Amanteigado Mabel Sabor Chocolate,False,Mabel__Mabel Amanteigado Mabel Sabor Chocolate,0.8726871728897094,0.75,0.030000000000000027,,,,[],0,"7,99",7.99,,,,,"7,99",7.99,regular,False,image_single_palette,white,207.1985762499347,0,1
IMG_7365.HEIC,47,0.9000630974769592,849,3030,1125,3260,product_crops\product_0047_conf_0.90.jpg,__Unknown__,True,RANCHEIRO__RANCHEIRO ROSQUINHA DE CHOCOLATE RANCHEIRO,0.5576751430829366,0.62,-0.09999999999999998,Mabel__Mabel Rosquinha Mabel Sabor Leite,0.552646815776825,0.005028327306111691,['low_score'],,,,,,,,,,,,,,,,0
IMG_7365.HEIC,48,0.8943677544593811,1887,993,2138,1326,product_crops\product_0048_conf_0.89.jpg,__Unknown__,True,Mabel__Mabel Laminado Doce Mabel Sabor Leite,0.6243216395378113,0.72,0.0,RANCHEIRO__RANCHEIRO ROSQUINHA RECHEADA DE CHOCOLATE RANCHEIRO,0.6105782091617584,0.013743430376052856,['low_score'],3,"7,99",7.99,,,,,"7,99",7.99,regular,False,image_single_palette,white,234.8297255459794,3,1
IMG_7365.HEIC,49,0.8933454751968384,1943,3381,2268,3603,product_crops\product_0049_conf_0.89.jpg,__Unknown__,True,RANCHEIRO__RANCHEIRO BISCOITO MAIZENA RANCHEIRO,0.49622631072998047,0.76,0.040000000000000036,RANCHEIRO__RANCHEIRO ROSQUINHA DE CHOCOLATE RANCHEIRO,0.47424060106277466,0.02198570966720581,['low_score'],,,,,,,,,,,,,,,,0
IMG_7365.HEIC,50,0.8918551802635193,2056,2326,2267,2633,product_crops\product_0050_conf_0.89.jpg,__Unknown__,True,RANCHEIRO__RANCHEIRO ROSQUINHA RECHEADA DE MORANGO RANCHEIRO,0.609217393398285,0.72,0.0,,,,['low_score'],11,,,,,,,,,regular,False,image_single_palette,white,197.56328100130347,11,1
IMG_7365.HEIC,51,0.8797782063484192,2126,989,2266,1333,product_crops\product_0051_conf_0.88.jpg,__Unknown__,True,RANCHEIRO__RANCHEIRO ROSQUINHA DE CHOCOLATE RANCHEIRO,0.5299033969640732,0.62,-0.09999999999999998,RANCHEIRO__RANCHEIRO ROSQUINHA RECHEADA DE MORANGO-CARAMELO RANCHEIRO,0.5293807983398438,0.0005225986242294312,['low_score'],,,,,,,,,,,,,,,,0
IMG_7365.HEIC,52,0.8344777822494507,0,3341,264,3546,product_crops\product_0052_conf_0.83.jpg,__Unknown__,True,RANCHEIRO__RANCHEIRO WAFER RANCHEIRO MORANGO,0.5417671203613281,0.72,0.0,RANCHEIRO__RANCHEIRO BISCOITO MAIZENA RANCHEIRO,0.5401835441589355,0.0015835762023925781,['low_score'],10,"14,99",14.99,,,,,"14,99",14.99,regular,False,image_single_palette,white,145.49914089093448,10,1
IMG_7365.HEIC,53,0.8257614970207214,2156,1452,2267,1810,product_crops\product_0053_conf_0.83.jpg,__Unknown__,True,RANCHEIRO__RANCHEIRO ROSQUINHA RECHEADA DE MORANGO RANCHEIRO,0.40913429856300354,0.72,0.0,RANCHEIRO__RANCHEIRO WAFER RANCHEIRO MORANGO,0.40030860900878906,0.008825689554214478,['low_score'],,,,,,,,,,,,,,,,0
IMG_7365.HEIC,54,0.5593152046203613,0,2670,243,2958,product_crops\product_0054_conf_0.56.jpg,__Unknown__,True,RANCHEIRO__RANCHEIRO CREAM CRACKER RANCHEIRO,0.6082379817962646,0.81,0.09000000000000008,,,,['low_score'],,,,,,,,,,,,,,,,0
IMG_7365.HEIC,55,0.31022655963897705,1,1888,194,2222,product_crops\product_0055_conf_0.31.jpg,__Unknown__,True,RANCHEIRO__RANCHEIRO CREAM CRACKER RANCHEIRO,0.48618866205215455,0.81,0.09000000000000008,,,,['low_score'],,,,,,,,,,,,,,,,0
IMG_7365.HEIC,56,0.2829854190349579,2,2284,109,2513,product_crops\product_0056_conf_0.28.jpg,__Unknown__,True,RANCHEIRO__RANCHEIRO BISCOITO MAIZENA RANCHEIRO,0.36118337512016296,0.76,0.040000000000000036,RANCHEIRO__RANCHEIRO ROSQUINHA RECHEADA DE MORANGO-CARAMELO RANCHEIRO,0.3559313416481018,0.005252033472061157,['low_score'],,,,,,,,,,,,,,,,0
IMG_7366.HEIC,0,0.955116868019104,955,1238,1269,1627,product_crops\product_0000_conf_0.96.jpg,__Unknown__,True,RANCHEIRO__RANCHEIRO WAFER RANCHEIRO CHOCOLATE,0.5534087419509888,0.71,-0.010000000000000009,RANCHEIRO__RANCHEIRO BISCOITO MARIA RANCHEIRO,0.5443826913833618,0.009026050567626953,['low_score'],6,"11,99",11.99,,,,,"11,99",11.99,regular,False,image_single_palette,yellow,320.4652867316521,6,1
IMG_7366.HEIC,1,0.9522092342376709,700,1850,997,2201,product_crops\product_0001_conf_0.95.jpg,Mabel__Mabel Amanteigado Mabel Sabor Chocolate,False,Mabel__Mabel Amanteigado Mabel Sabor Chocolate,0.9134056091308593,0.75,0.030000000000000027,,,,[],3,"8,99",8.99,,,,,"8,99",8.99,regular,False,image_single_palette,yellow,282.23571708768543,3,1
IMG_7366.HEIC,2,0.9511122107505798,1270,1246,1545,1616,product_crops\product_0002_conf_0.95.jpg,__Unknown__,True,RANCHEIRO__RANCHEIRO WAFER RANCHEIRO CHOCOLATE,0.5489405989646912,0.71,-0.010000000000000009,RANCHEIRO__RANCHEIRO ROSQUINHA RECHEADA DE CHOCOLATE RANCHEIRO,0.5420559346675873,0.006884664297103882,['low_score'],15,"6,99",6.99,,,,,"6,99",6.99,regular,False,image_single_palette,yellow,333.94647774755765,15,1
IMG_7366.HEIC,3,0.9469686150550842,1303,1854,1597,2217,product_crops\product_0003_conf_0.95.jpg,Mabel__Mabel Amanteigado Mabel Sabor Chocolate,False,Mabel__Mabel Amanteigado Mabel Sabor Chocolate,0.906781280040741,0.75,0.030000000000000027,,,,[],,,,,,,,,,,,,,,,0
IMG_7366.HEIC,4,0.946099579334259,1009,1853,1293,2207,product_crops\product_0004_conf_0.95.jpg,Mabel__Mabel Amanteigado Mabel Sabor Coco,False,Mabel__Mabel Amanteigado Mabel Sabor Coco,0.9375786542892456,0.72,0.0,,,,[],,,,,,,,,,,,,,,,0
IMG_7366.HEIC,5,0.9446840286254883,1601,1854,1904,2216,product_crops\product_0005_conf_0.94.jpg,Mabel__Mabel Amanteigado Mabel Sabor Coco,False,Mabel__Mabel Amanteigado Mabel Sabor Coco,0.935956597328186,0.72,0.0,,,,[],7,"8,99",8.99,,,,,"8,99",8.99,regular,False,image_single_palette,yellow,285.27399110329003,7,1
IMG_7366.HEIC,6,0.9442782402038574,410,1829,696,2180,product_crops\product_0006_conf_0.94.jpg,Mabel__Mabel Amanteigado Mabel Sabor Chocolate,False,Mabel__Mabel Amanteigado Mabel Sabor Chocolate,0.9050946235656738,0.75,0.030000000000000027,,,,[],,,,,,,,,,,,,,,,0
IMG_7366.HEIC,7,0.9399864077568054,1930,366,2266,839,product_crops\product_0007_conf_0.94.jpg,__Unknown__,True,RANCHEIRO__RANCHEIRO ROSQUINHA BANANA-CANELA RANCHEIRO,0.44984789689381915,0.72,0.0,Mabel__Mabel Rosquinha Mabel Sabor Coco,0.448369562625885,0.001478334267934145,['low_score'],,,,,,,,,,,,,,,,0
IMG_7366.HEIC,8,0.9368239045143127,482,1368,944,1670,product_crops\product_0008_conf_0.94.jpg,__Unknown__,True,RANCHEIRO__RANCHEIRO CREAM CRACKER RANCHEIRO,0.4388999789953232,0.81,0.09000000000000008,Adoralle__Adoralle Alimentos Cream Cracker,0.4358939528465271,0.0030060261487960815,['low_score'],1,"11,99",11.99,,,,,"11,99",11.99,regular,False,image_single_palette,yellow,231.12604786133474,1,1
IMG_7366.HEIC,9,0.9363911747932434,1234,433,1549,843,product_crops\product_0009_conf_0.94.jpg,__Unknown__,True,RANCHEIRO__RANCHEIRO CREAM CRACKER 65 RANCHEIRO,0.46632254123687744,0.75,0.030000000000000027,,,,['low_score'],,,,,,,,,,,,,,,,0
IMG_7366.HEIC,10,0.9350521564483643,3,1377,461,1674,product_crops\product_0010_conf_0.94.jpg,__Unknown__,True,RANCHEIRO__RANCHEIRO CREAM CRACKER RANCHEIRO,0.4121086895465851,0.81,0.09000000000000008,,,,['low_score'],23,,,,,,,,,regular,False,image_single_palette,yellow,307.70846592188525,23,1
IMG_7366.HEIC,11,0.933329701423645,1940,1843,2240,2185,product_crops\product_0011_conf_0.93.jpg,Mabel__Mabel Amanteigado Mabel Sabor Coco,False,Mabel__Mabel Amanteigado Mabel Sabor Coco,0.9256574511528015,0.72,0.0,,,,[],16,"8,99",8.99,,,,,"8,99",8.99,regular,False,image_single_palette,yellow,303.5061778613411,16,1
IMG_7366.HEIC,12,0.9326896667480469,105,1801,376,2194,product_crops\product_0012_conf_0.93.jpg,__Unknown__,True,RANCHEIRO__RANCHEIRO BISCOITO MARIA RANCHEIRO,0.5550562739372253,0.72,0.0,RANCHEIRO__RANCHEIRO BISCOITO QUEBRADOR RANC LIMAO,0.5504694581031799,0.00458681583404541,['low_score'],24,"11,99",11.99,,,,,"11,99",11.99,regular,False,image_single_palette,yellow,301.050244975818,24,1
IMG_7366.HEIC,13,0.9326027631759644,1069,3324,1439,3741,product_crops\product_0013_conf_0.93.jpg,__Unknown__,True,Mabel__Mabel Rosquinha Mabel Sabor Coco,0.6222807168960571,0.72,0.0,Mabel__Mabel Cracker Agua e Sal,0.5993199050426483,0.022960811853408813,['low_score'],,,,,,,,,,,,,,,,0
IMG_7366.HEIC,14,0.9322165250778198,1547,440,1935,841,product_crops\product_0014_conf_0.93.jpg,__Unknown__,True,RANCHEIRO__RANCHEIRO WAFER RANCHEIRO BAUNILHA,0.35203763097524643,0.7,-0.020000000000000018,RANCHEIRO__RANCHEIRO CREAM CRACKER 65 RANCHEIRO,0.32978689670562744,0.022250734269618988,['low_score'],,,,,,,,,,,,,,,,0
IMG_7366.HEIC,15,0.9265191555023193,731,3323,1064,3726,product_crops\product_0015_conf_0.93.jpg,__Unknown__,True,Mabel__Mabel Rosquinha Mabel Sabor Chocolate,0.6600605249404907,0.69,-0.030000000000000027,Mabel__Mabel Rosquinha Mabel Sabor Coco,0.6467419862747192,0.013318538665771484,['low_score'],,,,,,,,,,,,,,,,0
IMG_7366.HEIC,16,0.923316478729248,464,639,732,857,product_crops\product_0016_conf_0.92.jpg,__Unknown__,True,RANCHEIRO__RANCHEIRO ROSQUINHA RECHEADA DE MORANGO RANCHEIRO,0.3074084520339966,0.72,0.0,Mabel__Mabel Cream Cracker,0.30435654520988464,0.0030519068241119385,['low_score'],,,,,,,,,,,,,,,,0
IMG_7366.HEIC,17,0.9180018305778503,734,615,1092,852,product_crops\product_0017_conf_0.92.jpg,__Unknown__,True,RANCHEIRO__RANCHEIRO ROSQUINHA RECHEADA DE BAUNILHA RANCHEIRO,0.3936285972595215,0.69,-0.030000000000000027,Emege__Emege Rosquinha Sabor Coco,0.3896244764328003,0.004004120826721191,['low_score'],19,"6,99",6.99,,,,,"6,99",6.99,regular,False,image_single_palette,white,283.22164465308794,19,1
IMG_7366.HEIC,18,0.9127035140991211,1704,3334,2073,3753,product_crops\product_0018_conf_0.91.jpg,__Unknown__,True,Mabel__Mabel Rosquinha Mabel Sabor Coco,0.7074986100196838,0.72,0.0,,,,['low_score'],,,,,,,,,,,,,,,,0
IMG_7366.HEIC,19,0.892146646976471,537,3320,724,3706,product_crops\product_0019_conf_0.89.jpg,__Unknown__,True,Mabel__Mabel Rosquinha Mabel Sabor Leite,0.6125267346700033,0.72,0.0,RANCHEIRO__RANCHEIRO ROSQUINHA DE COCO RANCHEIRO,0.6119414567947388,0.0005852778752645227,['low_score'],,,,,,,,,,,,,,,,0
IMG_7366.HEIC,20,0.8817585110664368,205,3312,529,3720,product_crops\product_0020_conf_0.88.jpg,__Unknown__,True,RANCHEIRO__RANCHEIRO ROSQUINHA DE COCO RANCHEIRO,0.6515226662158966,0.72,0.0,RANCHEIRO__RANCHEIRO ROSQUINHA DE CHOCOLATE RANCHEIRO,0.6337194840113322,0.01780318220456445,['low_score'],,,,,,,,,,,,,,,,0
IMG_7366.HEIC,21,0.8585950136184692,1445,3330,1680,3577,product_crops\product_0021_conf_0.86.jpg,__Unknown__,True,RANCHEIRO__RANCHEIRO ROSQUINHA DE COCO RANCHEIRO,0.4370390772819519,0.72,0.0,RANCHEIRO__RANCHEIRO BISCOITO MARIA RANCHEIRO,0.4288240075111389,0.008215069770812988,['low_score'],,,,,,,,,,,,,,,,0
IMG_7366.HEIC,22,0.8430564403533936,2,1297,362,1380,product_crops\product_0022_conf_0.84.jpg,__Unknown__,True,RANCHEIRO__RANCHEIRO ROSQUINHA RECHEADA DE MORANGO-CARAMELO RANCHEIRO,0.4491919055581093,0.68,-0.039999999999999925,RANCHEIRO__RANCHEIRO CREAM CRACKER RANCHEIRO,0.4165571928024292,0.032634712755680084,['low_score'],,,,,,,,,,,,,,,,0
IMG_7366.HEIC,23,0.8334575891494751,0,1186,337,1292,product_crops\product_0023_conf_0.83.jpg,__Unknown__,True,RANCHEIRO__RANCHEIRO ROSQUINHA RECHEADA DE MORANGO-CARAMELO RANCHEIRO,0.4376494139432907,0.68,-0.039999999999999925,RANCHEIRO__RANCHEIRO BOX,0.4103204607963562,0.02732895314693451,['low_score'],,,,,,,,,,,,,,,,0
IMG_7366.HEIC,24,0.8180252313613892,352,1194,812,1297,product_crops\product_0024_conf_0.82.jpg,__Unknown__,True,RANCHEIRO__RANCHEIRO ROSQUINHA RECHEADA DE MORANGO-CARAMELO RANCHEIRO,0.44952863454818726,0.68,-0.039999999999999925,RANCHEIRO__RANCHEIRO CREAM CRACKER RANCHEIRO,0.44526207447052,0.004266560077667236,['low_score'],,,,,,,,,,,,,,,,0
IMG_7366.HEIC,25,0.8140572905540466,1206,2940,1631,3168,product_crops\product_0025_conf_0.81.jpg,__Unknown__,True,RANCHEIRO__RANCHEIRO CREAM CRACKER RANCHEIRO,0.49380832314491274,0.81,0.09000000000000008,,,,['low_score'],12,"2,99",2.99,,,,,"2,99",2.99,regular,False,image_single_palette,yellow,256.4731954805414,12,1
IMG_7366.HEIC,26,0.8027396202087402,1654,2937,2107,3042,product_crops\product_0026_conf_0.80.jpg,__Unknown__,True,RANCHEIRO__RANCHEIRO ROSQUINHA RECHEADA DE MORANGO-CARAMELO RANCHEIRO,0.540065586566925,0.68,-0.039999999999999925,RANCHEIRO__RANCHEIRO BISCOITO MAIZENA RANCHEIRO,0.5023217797279358,0.03774380683898926,['low_score'],,,,,,,,,,,,,,,,0
IMG_7366.HEIC,27,0.784094512462616,0,3306,204,3597,product_crops\product_0027_conf_0.78.jpg,__Unknown__,True,Mabel__Mabel Rosquinha Mabel Sabor Coco,0.46213990449905396,0.72,0.0,RANCHEIRO__RANCHEIRO BISCOITO MARIA RANCHEIRO,0.4518354535102844,0.010304450988769531,['low_score'],14,,,,,,,,,regular,False,image_single_palette,white,307.418688436471,14,1
IMG_7366.HEIC,28,0.7761908173561096,10,2354,387,2730,product_crops\product_0028_conf_0.78.jpg,__Unknown__,True,RANCHEIRO__RANCHEIRO COOKIES CHOCOLATE RANCHEIRO,0.43374689668416977,0.72,0.0,RANCHEIRO__RANCHEIRO ROSQUINHA RECHEADA DE MORANGO RANCHEIRO,0.4264824390411377,0.007264457643032074,['low_score'],,,,,,,,,,,,,,,,0
IMG_7366.HEIC,29,0.7684728503227234,723,2569,1122,2695,product_crops\product_0029_conf_0.77.jpg,__Unknown__,True,RANCHEIRO__RANCHEIRO CREAM CRACKER RANCHEIRO,0.41188856959342957,0.81,0.09000000000000008,RANCHEIRO__RANCHEIRO BOX,0.40718814730644226,0.004700422286987305,['low_score'],,,,,,,,,,,,,,,,0
IMG_7366.HEIC,30,0.7679356932640076,1140,2521,1475,2653,product_crops\product_0030_conf_0.77.jpg,__Unknown__,True,Mabel__Mabel Rosquinha Mabel Sabor Leite,0.4122018317381541,0.72,0.0,Adoralle__Adoralle Alimentos Rosquinhas Leite,0.39777249097824097,0.014429340759913145,['low_score'],,,,,,,,,,,,,,,,0
IMG_7366.HEIC,31,0.7668149471282959,1490,2589,1912,2766,product_crops\product_0031_conf_0.77.jpg,__Unknown__,True,Adoralle__Adoralle Alimentos Laminados Doces Maizena,0.62142014503479,0.73,0.010000000000000009,Mabel__Mabel Laminado Doce Mabel Maisena,0.6189491897821426,0.0024709552526474,['low_score'],20,"2,99",2.99,,,,,"2,99",2.99,promo,True,red_vs_image_yellow,red,220.5051019817909,20,1
IMG_7366.HEIC,32,0.7603268027305603,1927,2599,2176,2807,product_crops\product_0032_conf_0.76.jpg,__Unknown__,True,RANCHEIRO__RANCHEIRO WAFER RANCHEIRO LIMAO,0.34454357624053955,0.72,0.0,Emege__Emege Rosquinha Sabor Coco,0.33570045232772827,0.00884312391281128,['low_score'],,,,,,,,,,,,,,,,0
IMG_7366.HEIC,33,0.7596616744995117,1138,2657,1478,2791,product_crops\product_0033_conf_0.76.jpg,__Unknown__,True,Mabel__Mabel Cracker Agua e Sal,0.33394243717193606,0.72,0.0,,,,['low_score'],10,"5,99",5.99,,,,,"5,99",5.99,regular,False,image_single_palette,white,182.33554233884297,10,1
IMG_7366.HEIC,34,0.716695249080658,1649,3047,2099,3163,product_crops\product_0034_conf_0.72.jpg,__Unknown__,True,RANCHEIRO__RANCHEIRO BISCOITO MAIZENA RANCHEIRO,0.4698549658060074,0.76,0.040000000000000036,RANCHEIRO__RANCHEIRO ROSQUINHA RECHEADA DE MORANGO-CARAMELO RANCHEIRO,0.46773460507392883,0.0021203607320785522,['low_score'],13,"2,99",2.99,,,,,"2,99",2.99,regular,False,image_single_palette,white,205.49695861496346,13,1
IMG_7366.HEIC,35,0.6895363330841064,725,2700,1121,2794,product_crops\product_0035_conf_0.69.jpg,__Unknown__,True,RANCHEIRO__RANCHEIRO WAFER RANCHEIRO CHOCOLATE,0.4423258304595947,0.71,-0.010000000000000009,RANCHEIRO__RANCHEIRO ROSQUINHA DE COCO RANCHEIRO,0.4067273736000061,0.03559845685958862,['low_score'],,,,,,,,,,,,,,,,0
IMG_7366.HEIC,36,0.6708038449287415,376,1300,810,1375,product_crops\product_0036_conf_0.67.jpg,__Unknown__,True,Adoralle__Adoralle Alimentos Laminados Doces Leite,0.42318777243296307,0.72,0.0,RANCHEIRO__RANCHEIRO ROSQUINHA RECHEADA DE MORANGO-CARAMELO RANCHEIRO,0.42043933272361755,0.002748439709345518,['low_score'],,,,,,,,,,,,,,,,0
IMG_7366.HEIC,37,0.6525692343711853,804,2933,1195,3051,product_crops\product_0037_conf_0.65.jpg,__Unknown__,True,RANCHEIRO__RANCHEIRO ROSQUINHA DE CHOCOLATE RANCHEIRO,0.5191160440444946,0.62,-0.09999999999999998,RANCHEIRO__RANCHEIRO ROSQUINHA RECHEADA DE MORANGO-CARAMELO RANCHEIRO,0.4786441922187805,0.04047185182571411,['low_score'],,,,,,,,,,,,,,,,0
IMG_7366.HEIC,38,0.6343747973442078,797,3055,1195,3167,product_crops\product_0038_conf_0.63.jpg,__Unknown__,True,RANCHEIRO__RANCHEIRO ROSQUINHA RECHEADA DE CHOCOLATE RANCHEIRO,0.40986384948094684,0.64,-0.07999999999999996,RANCHEIRO__RANCHEIRO ROSQ RECHEADA RANCHEIRO CHOC-COCO,0.4066600799560547,0.0032037695248921527,['low_score'],0,"2,99",2.99,,,,,"2,99",2.99,regular,False,image_single_palette,yellow,183.07716952148894,0,1
IMG_7366.HEIC,39,0.605347752571106,0,2929,266,3176,product_crops\product_0039_conf_0.61.jpg,__Unknown__,True,RANCHEIRO__RANCHEIRO ROSQUINHA DE CHOCOLATE RANCHEIRO,0.5411697626113892,0.62,-0.09999999999999998,RANCHEIRO__RANCHEIRO ROSQUINHA RECHEADA DE MORANGO-CARAMELO RANCHEIRO,0.5390264193216959,0.0021433432896932336,['low_score'],18,"1,99",1.99,,,,,"1,99",1.99,regular,False,image_single_palette,white,243.78115185551158,18,1
IMG_7366.HEIC,40,0.591325044631958,452,2356,808,2475,product_crops\product_0040_conf_0.59.jpg,__Unknown__,True,RANCHEIRO__RANCHEIRO BISCOITO MARIA RANCHEIRO,0.44729161262512207,0.72,0.0,RANCHEIRO__RANCHEIRO ROSQUINHA RECHEADA DE CHOCOLATE RANCHEIRO,0.43751369416713715,0.009777918457984924,['low_score'],,,,,,,,,,,,,,,,0
IMG_7366.HEIC,41,0.5673617720603943,1755,1389,2268,1615,product_crops\product_0041_conf_0.57.jpg,__Unknown__,True,RANCHEIRO__RANCHEIRO CREAM CRACKER RANCHEIRO,0.5338460206985474,0.81,0.09000000000000008,RANCHEIRO__RANCHEIRO ROSQUINHA RECHEADA DE CHOCOLATE RANCHEIRO,0.5253518223762512,0.008494198322296143,['low_score'],2,"6,99",6.99,,,,,"6,99",6.99,regular,False,image_single_palette,yellow,250.872975826413,2,1
IMG_7366.HEIC,42,0.5212274789810181,1130,2350,1451,2454,product_crops\product_0042_conf_0.52.jpg,__Unknown__,True,RANCHEIRO__RANCHEIRO ROSQUINHA RECHEADA DE CHOCOLATE RANCHEIRO,0.3844432532787323,0.64,-0.07999999999999996,RANCHEIRO__RANCHEIRO ROSQUINHA RECHEADA DE MORANGO-CARAMELO RANCHEIRO,0.37860427300135296,0.005838980277379335,['low_score'],,,,,,,,,,,,,,,,0
IMG_7366.HEIC,43,0.5158302187919617,414,2923,792,3014,product_crops\product_0043_conf_0.52.jpg,__Unknown__,True,RANCHEIRO__RANCHEIRO ROSQUINHA RECHEADA DE BAUNILHA RANCHEIRO,0.5073716044425964,0.69,-0.030000000000000027,RANCHEIRO__RANCHEIRO ROSQUINHA RECHEADA DE MORANGO RANCHEIRO,0.49601595600446063,0.011355648438135801,['low_score'],,,,,,,,,,,,,,,,0
IMG_7366.HEIC,44,0.5144386291503906,1849,2388,2118,2537,product_crops\product_0044_conf_0.51.jpg,__Unknown__,True,RANCHEIRO__RANCHEIRO ROSQUINHA RECHEADA DE CHOCOLATE RANCHEIRO,0.37379220128059387,0.64,-0.07999999999999996,RANCHEIRO__RANCHEIRO ROSQUINHA DE CHOCOLATE RANCHEIRO,0.3629307448863983,0.010861456394195557,['low_score'],21,"7,99",7.99,,,,,"7,99",7.99,promo,True,red_vs_image_yellow,red,438.0011415510238,21,1
IMG_7366.HEIC,45,0.4668165147304535,326,2652,708,2791,product_crops\product_0045_conf_0.47.jpg,__Unknown__,True,Mabel__Mabel Laminado Doce Mabel Sabor Chocolate,0.48728451132774353,0.72,0.0,RANCHEIRO__RANCHEIRO WAFER RANCHEIRO CHOCOLATE,0.450388103723526,0.03689640760421753,['low_score'],5,"4,99",4.99,,,,,"4,99",4.99,regular,False,image_single_palette,white,207.16780637927312,5,1
IMG_7366.HEIC,46,0.35692206025123596,383,2504,728,2642,product_crops\product_0046_conf_0.36.jpg,__Unknown__,True,RANCHEIRO__RANCHEIRO BISCOITO MARIA RANCHEIRO,0.4078328311443329,0.72,0.0,RANCHEIRO__RANCHEIRO ROSQUINHA RECHEADA DE MORANGO-CARAMELO RANCHEIRO,0.37180960178375244,0.036023229360580444,['low_score'],4,"5,99",5.99,,,,,"5,99",5.99,regular,False,image_single_palette,white,324.3801781860291,4,1
IMG_7368.HEIC,0,0.9689211249351501,1144,1492,1381,1847,product_crops\product_0000_conf_0.97.jpg,Mabel__Mabel Cream Cracker,False,Mabel__Mabel Cream Cracker,0.9224871635437012,0.72,0.0,,,,[],,,,,,,,,,,,,,,,0
IMG_7368.HEIC,1,0.9675332307815552,933,1499,1141,1831,product_crops\product_0001_conf_0.97.jpg,__Unknown__,True,Adoralle__Adoralle Alimentos Cream Cracker,0.6843686580657959,0.72,0.0,,,,['low_score'],3,"4,99",4.99,,,,,"4,99",4.99,regular,False,image_single_palette,white,234.047537906298,3,1
IMG_7368.HEIC,2,0.9634873270988464,1382,1488,1610,1844,product_crops\product_0002_conf_0.96.jpg,Mabel__Mabel Cream Cracker,False,Mabel__Mabel Cream Cracker,0.8972727656364441,0.72,0.0,,,,[],0,"5,99",5.99,,,,,"5,99",5.99,regular,False,image_single_palette,yellow,232.64242949212854,0,1
IMG_7368.HEIC,3,0.9625303745269775,830,2185,1140,2393,product_crops\product_0003_conf_0.96.jpg,RANCHEIRO__RANCHEIRO CREAM CRACKER RANCHEIRO,False,RANCHEIRO__RANCHEIRO CREAM CRACKER RANCHEIRO,0.8465401887893677,0.81,0.09000000000000008,,,,[],,,,,,,,,,,,,,,,0
IMG_7368.HEIC,4,0.9549604058265686,1847,1477,2084,1836,product_crops\product_0004_conf_0.95.jpg,Mabel__Mabel Cream Cracker,False,Mabel__Mabel Cream Cracker,0.9304067015647888,0.72,0.0,,,,[],,,,,,,,,,,,,,,,0
IMG_7368.HEIC,5,0.9517158269882202,599,1606,927,1835,product_crops\product_0005_conf_0.95.jpg,__Unknown__,True,RANCHEIRO__RANCHEIRO CREAM CRACKER RANCHEIRO,0.6503284871578217,0.81,0.09000000000000008,Mabel__Mabel Cracker Agua e Sal,0.6492788791656494,0.0010496079921722412,['low_score'],,,,,,,,,,,,,,,,0
IMG_7368.HEIC,6,0.9464255571365356,1469,2179,1770,2393,product_crops\product_0006_conf_0.95.jpg,RANCHEIRO__RANCHEIRO CREAM CRACKER RANCHEIRO,False,RANCHEIRO__RANCHEIRO CREAM CRACKER RANCHEIRO,0.9265995621681213,0.81,0.09000000000000008,,,,[],,,,,,,,,,,,,,,,0
IMG_7368.HEIC,7,0.9445012807846069,1613,1485,1847,1839,product_crops\product_0007_conf_0.94.jpg,Mabel__Mabel Cream Cracker,False,Mabel__Mabel Cream Cracker,0.9221473217010498,0.72,0.0,,,,[],,,,,,,,,,,,,,,,0
IMG_7368.HEIC,8,0.9433173537254333,1149,2181,1461,2396,product_crops\product_0008_conf_0.94.jpg,RANCHEIRO__RANCHEIRO CREAM CRACKER RANCHEIRO,False,RANCHEIRO__RANCHEIRO CREAM CRACKER RANCHEIRO,0.9013838648796082,0.81,0.09000000000000008,,,,[],,,,,,,,,,,,,,,,0
IMG_7368.HEIC,9,0.9422759413719177,858,1017,1239,1313,product_crops\product_0009_conf_0.94.jpg,__Unknown__,True,Mabel__Mabel Cracker Agua e Sal,0.5403083324432373,0.72,0.0,,,,['low_score'],2,"6,99",6.99,,,,,"6,99",6.99,regular,False,image_single_palette,white,250.308809273665,2,1
IMG_7368.HEIC,10,0.9408021569252014,969,2560,1263,2735,product_crops\product_0010_conf_0.94.jpg,__Unknown__,True,RANCHEIRO__RANCHEIRO CREAM CRACKER RANCHEIRO,0.7467045545578003,0.81,0.09000000000000008,,,,['low_score'],,,,,,,,,,,,,,,,0
IMG_7368.HEIC,11,0.938317596912384,1271,2568,1569,2740,product_crops\product_0011_conf_0.94.jpg,__Unknown__,True,RANCHEIRO__RANCHEIRO CREAM CRACKER RANCHEIRO,0.7155274987220764,0.81,0.09000000000000008,,,,['low_score'],,,,,,,,,,,,,,,,0
IMG_7368.HEIC,12,0.9364402890205383,1578,2555,1889,2742,product_crops\product_0012_conf_0.94.jpg,__Unknown__,True,RANCHEIRO__RANCHEIRO CREAM CRACKER RANCHEIRO,0.7539337754249573,0.81,0.09000000000000008,,,,['low_score'],6,"6,99",6.99,,,,,"6,99",6.99,regular,False,image_single_palette,white,228.02686245265053,6,1
IMG_7368.HEIC,13,0.927951991558075,832,2068,1139,2178,product_crops\product_0013_conf_0.93.jpg,RANCHEIRO__RANCHEIRO CREAM CRACKER RANCHEIRO,False,RANCHEIRO__RANCHEIRO CREAM CRACKER RANCHEIRO,0.8539196848869324,0.81,0.09000000000000008,,,,[],,,,,,,,,,,,,,,,0
IMG_7368.HEIC,14,0.9236105680465698,694,2504,960,2683,product_crops\product_0014_conf_0.92.jpg,__Unknown__,True,RANCHEIRO__RANCHEIRO CREAM CRACKER RANCHEIRO,0.7342461109161377,0.81,0.09000000000000008,,,,['low_score'],,,,,,,,,,,,,,,,0
IMG_7368.HEIC,15,0.9212159514427185,509,2179,814,2385,product_crops\product_0015_conf_0.92.jpg,RANCHEIRO__RANCHEIRO CREAM CRACKER RANCHEIRO,False,RANCHEIRO__RANCHEIRO CREAM CRACKER RANCHEIRO,0.8611709117889405,0.81,0.09000000000000008,,,,[],,,,,,,,,,,,,,,,0
IMG_7368.HEIC,16,0.9184556603431702,363,2565,672,2739,product_crops\product_0016_conf_0.92.jpg,__Unknown__,True,RANCHEIRO__RANCHEIRO CREAM CRACKER RANCHEIRO,0.7049849629402161,0.81,0.09000000000000008,,,,['low_score'],5,"6,99",6.99,,,,,"6,99",6.99,regular,False,image_single_palette,yellow,233.25629680675289,5,1
IMG_7368.HEIC,17,0.9183655381202698,186,2174,500,2354,product_crops\product_0017_conf_0.92.jpg,RANCHEIRO__RANCHEIRO CREAM CRACKER RANCHEIRO,False,RANCHEIRO__RANCHEIRO CREAM CRACKER RANCHEIRO,0.8757093548774719,0.81,0.09000000000000008,,,,[],,,,,,,,,,,,,,,,0
IMG_7368.HEIC,18,0.9115490913391113,1691,2874,1907,3118,product_crops\product_0018_conf_0.91.jpg,__Unknown__,True,Mabel__Mabel Cracker Agua e Sal,0.4724762439727783,0.72,0.0,RANCHEIRO__RANCHEIRO BISCOITO MARIA RANCHEIRO,0.4688590168952942,0.003617227077484131,['low_score'],,,,,,,,,,,,,,,,0
IMG_7368.HEIC,19,0.9112599492073059,661,3246,916,3431,product_crops\product_0019_conf_0.91.jpg,__Unknown__,True,RANCHEIRO__RANCHEIRO BISCOITO MARIA RANCHEIRO,0.5428299903869629,0.72,0.0,RANCHEIRO__RANCHEIRO ROSQUINHA RECHEADA DE MORANGO-CARAMELO RANCHEIRO,0.5312851071357727,0.011544883251190186,['low_score'],8,"7,99",7.99,,,,,"7,99",7.99,regular,False,image_single_palette,white,193.25695330310887,8,1
IMG_7368.HEIC,20,0.9027161598205566,517,2079,815,2170,product_crops\product_0020_conf_0.90.jpg,__Unknown__,True,RANCHEIRO__RANCHEIRO CREAM CRACKER RANCHEIRO,0.6871467709541321,0.81,0.09000000000000008,,,,['low_score'],,,,,,,,,,,,,,,,0
IMG_7368.HEIC,21,0.9007812142372131,1147,2076,1454,2170,product_crops\product_0021_conf_0.90.jpg,RANCHEIRO__RANCHEIRO CREAM CRACKER RANCHEIRO,False,RANCHEIRO__RANCHEIRO CREAM CRACKER RANCHEIRO,0.8381505250930786,0.81,0.09000000000000008,,,,[],,,,,,,,,,,,,,,,0
IMG_7368.HEIC,22,0.8960530757904053,4,904,454,1038,product_crops\product_0022_conf_0.90.jpg,__Unknown__,True,RANCHEIRO__RANCHEIRO WAFER RANCHEIRO LIMAO,0.5332481861114502,0.72,0.0,RANCHEIRO__RANCHEIRO CREAM CRACKER RANCHEIRO,0.5332403481006622,7.838010787963867e-06,['low_score'],,,,,,,,,,,,,,,,0
IMG_7368.HEIC,23,0.8953648805618286,42,1037,487,1324,product_crops\product_0023_conf_0.90.jpg,__Unknown__,True,RANCHEIRO__RANCHEIRO CREAM CRACKER RANCHEIRO,0.5862784385681152,0.81,0.09000000000000008,Mabel__Mabel Cracker Agua e Sal,0.5757139325141907,0.01056450605392456,['low_score'],7,"5,99",5.99,,,,,"5,99",5.99,regular,False,image_single_palette,white,202.59380543343372,7,1
IMG_7368.HEIC,24,0.8921932578086853,869,818,1241,1017,product_crops\product_0024_conf_0.89.jpg,__Unknown__,True,Mabel__Mabel Cracker Agua e Sal,0.5158463597297669,0.72,0.0,,,,['low_score'],,,,,,,,,,,,,,,,0
IMG_7368.HEIC,25,0.8886758089065552,1145,1974,1452,2073,product_crops\product_0025_conf_0.89.jpg,RANCHEIRO__RANCHEIRO CREAM CRACKER RANCHEIRO,False,RANCHEIRO__RANCHEIRO CREAM CRACKER RANCHEIRO,0.8466299653053284,0.81,0.09000000000000008,,,,[],,,,,,,,,,,,,,,,0
IMG_7368.HEIC,26,0.8879663348197937,559,970,819,1319,product_crops\product_0026_conf_0.89.jpg,__Unknown__,True,RANCHEIRO__RANCHEIRO CREAM CRACKER RANCHEIRO,0.5162961840629577,0.81,0.09000000000000008,,,,['low_score'],12,"9,90",9.9,,,,,"9,90",9.90,promo,True,red_vs_image_white,red,260.84717748137507,12,1
IMG_7368.HEIC,27,0.8852989077568054,1772,2069,2021,2165,product_crops\product_0027_conf_0.89.jpg,__Unknown__,True,RANCHEIRO__RANCHEIRO CREAM CRACKER RANCHEIRO,0.6250808238983154,0.81,0.09000000000000008,,,,['low_score'],,,,,,,,,,,,,,,,0
IMG_7368.HEIC,28,0.8765302896499634,185,2074,499,2166,product_crops\product_0028_conf_0.88.jpg,RANCHEIRO__RANCHEIRO CREAM CRACKER RANCHEIRO,False,RANCHEIRO__RANCHEIRO CREAM CRACKER RANCHEIRO,0.8226823687553406,0.81,0.09000000000000008,,,,[],,,,,,,,,,,,,,,,0
IMG_7368.HEIC,29,0.8751793503761292,499,1975,812,2073,product_crops\product_0029_conf_0.88.jpg,RANCHEIRO__RANCHEIRO CREAM CRACKER RANCHEIRO,False,RANCHEIRO__RANCHEIRO CREAM CRACKER RANCHEIRO,0.8490724921226501,0.81,0.09000000000000008,,,,[],,,,,,,,,,,,,,,,0
IMG_7368.HEIC,30,0.8633260726928711,182,1971,488,2069,product_crops\product_0030_conf_0.86.jpg,RANCHEIRO__RANCHEIRO CREAM CRACKER RANCHEIRO,False,RANCHEIRO__RANCHEIRO CREAM CRACKER RANCHEIRO,0.8157717704772949,0.81,0.09000000000000008,,,,[],,,,,,,,,,,,,,,,0
IMG_7368.HEIC,31,0.8614879250526428,1762,1962,2019,2064,product_crops\product_0031_conf_0.86.jpg,__Unknown__,True,RANCHEIRO__RANCHEIRO CREAM CRACKER RANCHEIRO,0.5754906892776489,0.81,0.09000000000000008,,,,['low_score'],,,,,,,,,,,,,,,,0
IMG_7368.HEIC,32,0.8602814674377441,1777,2170,1985,2398,product_crops\product_0032_conf_0.86.jpg,__Unknown__,True,RANCHEIRO__RANCHEIRO CREAM CRACKER RANCHEIRO,0.5943987488746643,0.81,0.09000000000000008,,,,['low_score'],,,,,,,,,,,,,,,,0
IMG_7368.HEIC,33,0.8078094124794006,0,767,425,900,product_crops\product_0033_conf_0.81.jpg,__Unknown__,True,RANCHEIRO__RANCHEIRO CREAM CRACKER RANCHEIRO,0.5116283595561981,0.81,0.09000000000000008,RANCHEIRO__RANCHEIRO WAFER RANCHEIRO LIMAO,0.502610445022583,0.009017914533615112,['low_score'],,,,,,,,,,,,,,,,0
IMG_7368.HEIC,34,0.7950541377067566,1241,1061,1741,1310,product_crops\product_0034_conf_0.80.jpg,__Unknown__,True,Mabel__Mabel Cracker Agua e Sal,0.4948548674583435,0.72,0.0,Adoralle__Adoralle Alimentos Cream Cracker,0.49099063873291016,0.0038642287254333496,['low_score'],,,,,,,,,,,,,,,,0
IMG_7368.HEIC,35,0.7949436902999878,1276,2486,1577,2563,product_crops\product_0035_conf_0.79.jpg,__Unknown__,True,RANCHEIRO__RANCHEIRO CREAM CRACKER RANCHEIRO,0.6804510235786438,0.81,0.09000000000000008,,,,['low_score'],,,,,,,,,,,,,,,,0
IMG_7368.HEIC,36,0.7828261852264404,1462,2024,1707,2109,product_crops\product_0036_conf_0.78.jpg,__Unknown__,True,RANCHEIRO__RANCHEIRO ROSQUINHA DE CHOCOLATE RANCHEIRO,0.5301663875579834,0.62,-0.09999999999999998,RANCHEIRO__RANCHEIRO CREAM CRACKER RANCHEIRO,0.4964984655380249,0.033667922019958496,['low_score'],,,,,,,,,,,,,,,,0
IMG_7368.HEIC,37,0.7565536499023438,1084,3262,1461,3510,product_crops\product_0037_conf_0.76.jpg,__Unknown__,True,RANCHEIRO__RANCHEIRO BISCOITO MAIZENA RANCHEIRO,0.6599790453910828,0.76,0.040000000000000036,,,,['low_score'],9,"67,99",67.99,,,,,"67,99",67.99,regular,False,image_single_palette,white,162.16118524480513,9,1
IMG_7368.HEIC,38,0.7471508979797363,1313,2873,1641,2981,product_crops\product_0038_conf_0.75.jpg,__Unknown__,True,RANCHEIRO__RANCHEIRO WAFER RANCHEIRO BAUNILHA,0.501286655664444,0.7,-0.020000000000000018,RANCHEIRO__RANCHEIRO ROSQUINHA RECHEADA DE BAUNILHA RANCHEIRO,0.4926896293958028,0.008597026268641172,['low_score'],,,,,,,,,,,,,,,,0
IMG_7368.HEIC,39,0.7452249526977539,343,2483,673,2564,product_crops\product_0039_conf_0.75.jpg,__Unknown__,True,RANCHEIRO__RANCHEIRO CREAM CRACKER RANCHEIRO,0.7124119758605957,0.81,0.09000000000000008,,,,['low_score'],,,,,,,,,,,,,,,,0
IMG_7368.HEIC,40,0.7201153039932251,970,2871,1298,2977,product_crops\product_0040_conf_0.72.jpg,__Unknown__,True,RANCHEIRO__RANCHEIRO CREAM CRACKER RANCHEIRO,0.6014747858047486,0.81,0.09000000000000008,,,,['low_score'],,,,,,,,,,,,,,,,0
IMG_7368.HEIC,41,0.7141405940055847,1460,1935,1708,2021,product_crops\product_0041_conf_0.71.jpg,__Unknown__,True,RANCHEIRO__RANCHEIRO ROSQUINHA DE CHOCOLATE RANCHEIRO,0.5741671919822693,0.62,-0.09999999999999998,RANCHEIRO__RANCHEIRO BISCOITO MAIZENA RANCHEIRO,0.540669580300649,0.03349761168162024,['low_score'],,,,,,,,,,,,,,,,0
IMG_7368.HEIC,42,0.688220739364624,79,3176,336,3509,product_crops\product_0042_conf_0.69.jpg,__Unknown__,True,Mabel__Mabel Rosquinha Mabel Sabor Banana e Canela,0.6995083689689636,0.72,0.0,Mabel__Mabel Rosquinha Mabel Sabor Coco,0.6758678356806437,0.023640533288319943,['low_score'],,,,,,,,,,,,,,,,0
IMG_7368.HEIC,43,0.6853752732276917,968,2482,1268,2555,product_crops\product_0043_conf_0.69.jpg,__Unknown__,True,RANCHEIRO__RANCHEIRO CREAM CRACKER RANCHEIRO,0.7257241129875183,0.81,0.09000000000000008,,,,['low_score'],,,,,,,,,,,,,,,,0
IMG_7368.HEIC,44,0.67215496301651,614,2865,777,2985,product_crops\product_0044_conf_0.67.jpg,__Unknown__,True,RANCHEIRO__RANCHEIRO CREAM CRACKER RANCHEIRO,0.5685127973556519,0.81,0.09000000000000008,,,,['low_score'],,,,,,,,,,,,,,,,0
IMG_7368.HEIC,45,0.532535970211029,1741,1040,2259,1306,product_crops\product_0045_conf_0.53.jpg,__Unknown__,True,Mabel__Mabel Cracker Agua e Sal,0.4888269007205963,0.72,0.0,Adoralle__Adoralle Alimentos Cream Cracker,0.4713129897912343,0.017513910929361998,['low_score'],1,"6,99",6.99,,,,,"6,99",6.99,regular,False,image_single_palette,white,261.0,1,1
IMG_7368.HEIC,46,0.5154892206192017,2067,2994,2267,3246,product_crops\product_0046_conf_0.52.jpg,__Unknown__,True,Adoralle__Adoralle Alimentos Laminados Doces Coco,0.3321307301521301,0.72,0.0,Mabel__Mabel BOX,0.3246563971042633,0.007474333047866821,['low_score'],,,,,,,,,,,,,,,,0
IMG_7368.HEIC,47,0.4375864863395691,925,3246,1078,3359,product_crops\product_0047_conf_0.44.jpg,__Unknown__,True,RANCHEIRO__RANCHEIRO ROSQUINHA DE CHOCOLATE RANCHEIRO,0.5669151147206625,0.62,-0.09999999999999998,RANCHEIRO__RANCHEIRO BISCOITO MARIA RANCHEIRO,0.5344844460487366,0.0324306686719259,['low_score'],,,,,,,,,,,,,,,,0
IMG_7368.HEIC,48,0.4078103005886078,783,2867,950,2987,product_crops\product_0048_conf_0.41.jpg,__Unknown__,True,RANCHEIRO__RANCHEIRO CREAM CRACKER RANCHEIRO,0.6008096218109131,0.81,0.09000000000000008,,,,['low_score'],,,,,,,,,,,,,,,,0
IMG_7368.HEIC,49,0.31952589750289917,867,1944,1131,2031,product_crops\product_0049_conf_0.32.jpg,__Unknown__,True,RANCHEIRO__RANCHEIRO CREAM CRACKER RANCHEIRO,0.5557070374488831,0.81,0.09000000000000008,RANCHEIRO__RANCHEIRO ROSQUINHA RECHEADA DE MORANGO-CARAMELO RANCHEIRO,0.5464163422584534,0.009290695190429688,['low_score'],,,,,,,,,,,,,,,,0
IMG_7368.HEIC,50,0.28760814666748047,1486,3269,1833,3382,product_crops\product_0050_conf_0.29.jpg,__Unknown__,True,RANCHEIRO__RANCHEIRO BISCOITO MAIZENA RANCHEIRO,0.6044345299402872,0.76,0.040000000000000036,RANCHEIRO__RANCHEIRO ROSQUINHA RECHEADA DE MORANGO-CARAMELO RANCHEIRO,0.5975441336631775,0.006890396277109745,['low_score'],,,,,,,,,,,,,,,,0
IMG_7371.HEIC,0,0.9669759273529053,426,1152,688,1486,product_crops\product_0000_conf_0.97.jpg,__Unknown__,True,Adoralle__Adoralle Alimentos Cream Cracker,0.640260124206543,0.72,0.0,,,,['low_score'],,,,,,,,,,,,,,,,0
IMG_7371.HEIC,1,0.9668265581130981,683,1164,950,1492,product_crops\product_0001_conf_0.97.jpg,__Unknown__,True,Adoralle__Adoralle Alimentos Cream Cracker,0.5731112241744996,0.72,0.0,,,,['low_score'],,,,,,,,,,,,,,,,0
IMG_7371.HEIC,2,0.9657136797904968,652,642,923,1004,product_crops\product_0002_conf_0.97.jpg,__Unknown__,True,RANCHEIRO__RANCHEIRO CREAM CRACKER RANCHEIRO,0.5725647658109665,0.81,0.09000000000000008,Mabel__Mabel Laminado Doce Mabel Sabor Leite,0.5673622488975525,0.0052025169134140015,['low_score'],,,,,,,,,,,,,,,,0
IMG_7371.HEIC,3,0.9592796564102173,217,1154,438,1480,product_crops\product_0003_conf_0.96.jpg,Mabel__Mabel Cream Cracker,False,Mabel__Mabel Cream Cracker,0.8667712926864624,0.72,0.0,,,,[],8,"5,49",5.49,,,,,"5,49",5.49,regular,False,image_single_palette,yellow,216.50057736643566,8,1
IMG_7371.HEIC,4,0.9548841118812561,0,1153,226,1481,product_crops\product_0004_conf_0.95.jpg,__Unknown__,True,Adoralle__Adoralle Alimentos Cream Cracker,0.5744642019271851,0.72,0.0,RANCHEIRO__RANCHEIRO CREAM CRACKER RANCHEIRO,0.5672003030776978,0.007263898849487305,['low_score'],18,"4,99",4.99,,,,,"4,99",4.99,regular,False,image_single_palette,yellow,216.02314690791817,18,1
IMG_7371.HEIC,5,0.9543164968490601,1224,2027,1326,2360,product_crops\product_0005_conf_0.95.jpg,__Unknown__,True,RANCHEIRO__RANCHEIRO ROSQUINHA RECHEADA DE MORANGO-CARAMELO RANCHEIRO,0.6002379655838013,0.68,-0.039999999999999925,RANCHEIRO__RANCHEIRO ROSQ RECHEADA RANCHEIRO CHOC-COCO,0.5788863897323608,0.02135157585144043,['low_score'],,,,,,,,,,,,,,,,0
IMG_7371.HEIC,6,0.9535102248191833,1418,2031,1516,2360,product_crops\product_0006_conf_0.95.jpg,__Unknown__,True,RANCHEIRO__RANCHEIRO BISCOITO MARIA RANCHEIRO,0.5724926590919495,0.72,0.0,Mabel__Mabel Recheado Mabel Sabor Chocolate,0.5700382590293884,0.002454400062561035,['low_score'],,,,,,,,,,,,,,,,0
IMG_7371.HEIC,7,0.9533259868621826,1809,1165,2061,1501,product_crops\product_0007_conf_0.95.jpg,__Unknown__,True,Adoralle__Adoralle Alimentos Cream Cracker,0.661897349357605,0.72,0.0,,,,['low_score'],6,"2,24",2.24,"6,99",6.99,,,"2,24 / 6,99",2.24 / 6.99,regular,False,image_single_palette,yellow,229.73245308401684,6,1
IMG_7371.HEIC,8,0.953308641910553,1323,2030,1423,2361,product_crops\product_0008_conf_0.95.jpg,__Unknown__,True,RANCHEIRO__RANCHEIRO ROSQUINHA RECHEADA DE MORANGO-CARAMELO RANCHEIRO,0.5992376804351807,0.68,-0.039999999999999925,RANCHEIRO__RANCHEIRO ROSQUINHA RECHEADA DE CHOCOLATE RANCHEIRO,0.5898363590240479,0.009401321411132812,['low_score'],3,"6,99",6.99,,,,,"6,99",6.99,regular,False,image_single_palette,yellow,207.29809454020557,3,1
IMG_7371.HEIC,9,0.9497576355934143,1509,2033,1613,2361,product_crops\product_0009_conf_0.95.jpg,__Unknown__,True,Adoralle__Adoralle Alimentos Laminados Doces Coco,0.5311933755874634,0.72,0.0,RANCHEIRO__RANCHEIRO COOKIES RANCHEIRO,0.5307990312576294,0.0003943443298339844,['low_score'],,,,,,,,,,,,,,,,0
IMG_7371.HEIC,10,0.9458485841751099,1129,2026,1227,2360,product_crops\product_0010_conf_0.95.jpg,__Unknown__,True,RANCHEIRO__RANCHEIRO ROSQUINHA RECHEADA DE CHOCOLATE RANCHEIRO,0.6079503099123637,0.64,-0.07999999999999996,Adoralle__Adoralle Alimentos Laminados Doces Coco,0.6058935821056366,0.0020567278067270545,['low_score'],,,,,,,,,,,,,,,,0
IMG_7371.HEIC,11,0.944293737411499,1029,2025,1132,2357,product_crops\product_0011_conf_0.94.jpg,__Unknown__,True,Mabel__Mabel Recheado Mabel Sabor Chocolate,0.6196467876434326,0.72,0.0,RANCHEIRO__RANCHEIRO ROSQUINHA RECHEADA DE MORANGO-CARAMELO RANCHEIRO,0.6191686987876892,0.0004780888557434082,['low_score'],54,"3,99",3.99,,,,,"3,99",3.99,regular,False,image_single_palette,yellow,207.69448716805172,54,1
IMG_7371.HEIC,12,0.9431405663490295,203,2016,325,2357,product_crops\product_0012_conf_0.94.jpg,__Unknown__,True,RANCHEIRO__RANCHEIRO WAFER RANCHEIRO CHOCOLATE,0.55645219484965,0.71,-0.010000000000000009,RANCHEIRO__RANCHEIRO CREAM CRACKER RANCHEIRO,0.5535969436168671,0.0028552512327829627,['low_score'],44,"9,99",9.99,,,,,"9,99",9.99,regular,False,image_single_palette,yellow,206.53873728673756,44,1
IMG_7371.HEIC,13,0.9418173432350159,1602,2042,1715,2360,product_crops\product_0013_conf_0.94.jpg,__Unknown__,True,RANCHEIRO__RANCHEIRO ROSQUINHA RECHEADA DE MORANGO RANCHEIRO,0.4877973794937134,0.72,0.0,RANCHEIRO__RANCHEIRO COOKIES RANCHEIRO,0.4788866639137268,0.008910715579986572,['low_score'],42,"152,28",152.28,,,,,"152,28",152.28,regular,False,image_single_palette,yellow,203.48771461687804,42,1
IMG_7371.HEIC,14,0.9265261888504028,2036,1220,2211,1507,product_crops\product_0014_conf_0.93.jpg,__Unknown__,True,RANCHEIRO__RANCHEIRO CREAM CRACKER RANCHEIRO,0.5235384106636047,0.81,0.09000000000000008,,,,['low_score'],,,,,,,,,,,,,,,,0
IMG_7371.HEIC,15,0.9235391616821289,689,2022,810,2359,product_crops\product_0015_conf_0.92.jpg,__Unknown__,True,RANCHEIRO__RANCHEIRO BISCOITO MARIA RANCHEIRO,0.6561360955238342,0.72,0.0,RANCHEIRO__RANCHEIRO ROSQUINHA RECHEADA DE CHOCOLATE RANCHEIRO,0.6348048647244772,0.02133123079935706,['low_score'],53,"6,99",6.99,,,,,"6,99",6.99,regular,False,image_single_palette,yellow,212.46176126540982,53,1
IMG_7371.HEIC,16,0.9234186410903931,1710,2045,1843,2361,product_crops\product_0016_conf_0.92.jpg,__Unknown__,True,RANCHEIRO__RANCHEIRO ROSQUINHA RECHEADA DE MORANGO RANCHEIRO,0.4813731983304024,0.72,0.0,RANCHEIRO__RANCHEIRO ROSQUINHA RECHEADA DE BAUNILHA RANCHEIRO,0.47697705030441284,0.0043961480259895325,['low_score'],,,,,,,,,,,,,,,,0
IMG_7371.HEIC,17,0.9233821034431458,794,2020,930,2357,product_crops\product_0017_conf_0.92.jpg,__Unknown__,True,RANCHEIRO__RANCHEIRO BISCOITO MARIA RANCHEIRO,0.6365587413311005,0.72,0.0,RANCHEIRO__RANCHEIRO ROSQUINHA RECHEADA DE CHOCOLATE RANCHEIRO,0.6170103152592977,0.019548426071802738,['low_score'],,,,,,,,,,,,,,,,0
IMG_7371.HEIC,18,0.9223213791847229,1237,1636,1334,1942,product_crops\product_0018_conf_0.92.jpg,__Unknown__,True,RANCHEIRO__RANCHEIRO ROSQUINHA RECHEADA DE MORANGO RANCHEIRO,0.5206062197685242,0.72,0.0,RANCHEIRO__RANCHEIRO CREAM CRACKER 65 RANCHEIRO,0.5162346363067627,0.004371583461761475,['low_score'],31,"20,09",20.09,"4,99",4.99,,,"20,09 / 4,99",20.09 / 4.99,regular,False,image_single_palette,yellow,206.04914462331553,31,1
IMG_7371.HEIC,19,0.9213603138923645,534,2051,628,2356,product_crops\product_0019_conf_0.92.jpg,__Unknown__,True,RANCHEIRO__RANCHEIRO ROSQUINHA RECHEADA DE CHOCOLATE RANCHEIRO,0.5691148042678833,0.64,-0.07999999999999996,RANCHEIRO__RANCHEIRO BISCOITO MARIA RANCHEIRO,0.5656956434249878,0.003419160842895508,['low_score'],,,,,,,,,,,,,,,,0
IMG_7371.HEIC,20,0.918666660785675,92,2014,208,2356,product_crops\product_0020_conf_0.92.jpg,__Unknown__,True,Adoralle__Adoralle Alimentos Laminados Doces Coco,0.6231168707211813,0.72,0.0,RANCHEIRO__RANCHEIRO WAFER RANCHEIRO CHOCOLATE,0.5864649415016174,0.03665192921956384,['low_score'],50,"9,99",9.99,,,,,"9,99",9.99,regular,False,image_single_palette,yellow,210.6086417980041,50,1
IMG_7371.HEIC,21,0.9081313610076904,2134,2434,2264,2752,product_crops\product_0021_conf_0.91.jpg,__Unknown__,True,RANCHEIRO__RANCHEIRO ROSQUINHA DE CHOCOLATE RANCHEIRO,0.46836794912815094,0.62,-0.09999999999999998,Mabel__Mabel Rosquinha Mabel Sabor Chocolate,0.42925724387168884,0.0391107052564621,['low_score'],,,,,,,,,,,,,,,,0
IMG_7371.HEIC,22,0.9046598076820374,332,2042,450,2355,product_crops\product_0022_conf_0.90.jpg,__Unknown__,True,RANCHEIRO__RANCHEIRO WAFER RANCHEIRO CHOCOLATE,0.5044717093308767,0.71,-0.010000000000000009,RANCHEIRO__RANCHEIRO COOKIES RANCHEIRO,0.4849678874015808,0.019503821929295895,['low_score'],,,,,,,,,,,,,,,,0
IMG_7371.HEIC,23,0.8993357419967651,433,2054,539,2355,product_crops\product_0023_conf_0.90.jpg,__Unknown__,True,RANCHEIRO__RANCHEIRO WAFER RANCHEIRO CHOCOLATE,0.6246343851089478,0.71,-0.010000000000000009,Mabel__Mabel Recheado Mabel Sabor Chocolate,0.6004312634468079,0.024203121662139893,['low_score'],27,"2,99",2.99,,,,,"2,99",2.99,regular,False,image_single_palette,yellow,191.6155004168504,27,1
IMG_7371.HEIC,24,0.8951341509819031,1329,1652,1404,1942,product_crops\product_0024_conf_0.90.jpg,__Unknown__,True,RANCHEIRO__RANCHEIRO ROSQUINHA RECHEADA DE MORANGO-CARAMELO RANCHEIRO,0.46584421396255493,0.68,-0.039999999999999925,RANCHEIRO__RANCHEIRO WAFER RANCHEIRO MORANGO,0.45796525478363037,0.00787895917892456,['low_score'],,,,,,,,,,,,,,,,0
IMG_7371.HEIC,25,0.8940092921257019,927,662,1158,1008,product_crops\product_0025_conf_0.89.jpg,__Unknown__,True,RANCHEIRO__RANCHEIRO CREAM CRACKER RANCHEIRO,0.5828787684440613,0.81,0.09000000000000008,,,,['low_score'],,,,,,,,,,,,,,,,0
IMG_7371.HEIC,26,0.8919113278388977,1168,1637,1245,1941,product_crops\product_0026_conf_0.89.jpg,__Unknown__,True,RANCHEIRO__RANCHEIRO ROSQUINHA RECHEADA DE MORANGO RANCHEIRO,0.5501358956098557,0.72,0.0,RANCHEIRO__RANCHEIRO ROSQUINHA RECHEADA DE BAUNILHA RANCHEIRO,0.5300920009613037,0.02004389464855194,['low_score'],,,,,,,,,,,,,,,,0
IMG_7371.HEIC,27,0.8909161686897278,1735,1658,1814,1947,product_crops\product_0027_conf_0.89.jpg,__Unknown__,True,RANCHEIRO__RANCHEIRO ROSQUINHA RECHEADA DE MORANGO-CARAMELO RANCHEIRO,0.5333818793296814,0.68,-0.039999999999999925,RANCHEIRO__RANCHEIRO ROSQUINHA DE CHOCOLATE RANCHEIRO,0.46488624811172485,0.06849563121795654,['low_score'],7,"3,99",3.99,,,,,"3,99",3.99,regular,False,image_single_palette,yellow,196.03698630615602,7,1
IMG_7371.HEIC,28,0.8889320492744446,209,1626,300,1929,product_crops\product_0028_conf_0.89.jpg,__Unknown__,True,Mabel__Mabel Cracker Agua e Sal,0.44642796119054157,0.72,0.0,Mabel__Mabel Cookie Mabel Chocolate com gotas de chocolate,0.4307074546813965,0.015720506509145082,['low_score'],,,,,,,,,,,,,,,,0
IMG_7371.HEIC,29,0.8821514844894409,428,1628,513,1934,product_crops\product_0029_conf_0.88.jpg,__Unknown__,True,Mabel__Mabel Cracker Agua e Sal,0.5661347508430481,0.72,0.0,Mabel__Mabel Laminado Doce Mabel Maisena,0.5640766620635986,0.002058088779449463,['low_score'],,,,,,,,,,,,,,,,0
IMG_7371.HEIC,30,0.8809312582015991,354,1628,440,1934,product_crops\product_0030_conf_0.88.jpg,__Unknown__,True,RANCHEIRO__RANCHEIRO ROSQUINHA RECHEADA DE MORANGO-CARAMELO RANCHEIRO,0.4585714638233185,0.68,-0.039999999999999925,RANCHEIRO__RANCHEIRO WAFER RANCHEIRO MORANGO,0.4524884670972824,0.006082996726036072,['low_score'],43,"6,45",6.45,,,,,"6,45",6.45,regular,False,image_single_palette,yellow,201.27406688393813,43,1
IMG_7371.HEIC,31,0.8805238604545593,0,574,375,977,product_crops\product_0031_conf_0.88.jpg,__Unknown__,True,RANCHEIRO__RANCHEIRO CREAM CRACKER RANCHEIRO,0.5171170234680176,0.81,0.09000000000000008,,,,['low_score'],35,,,,,,,,,regular,False,image_single_palette,white,306.1249744793783,35,1
IMG_7371.HEIC,32,0.8737321496009827,180,3117,479,3327,product_crops\product_0032_conf_0.87.jpg,__Unknown__,True,RANCHEIRO__RANCHEIRO ROSQUINHA DE CHOCOLATE RANCHEIRO,0.4326661229133606,0.62,-0.09999999999999998,RANCHEIRO__RANCHEIRO COOKIES CHOCOLATE RANCHEIRO,0.39947161078453064,0.033194512128829956,['low_score'],13,,,,,,,,,regular,False,image_single_palette,white,154.6302040353048,13,1
IMG_7371.HEIC,33,0.8725454211235046,2053,2056,2212,2363,product_crops\product_0033_conf_0.87.jpg,__Unknown__,True,RANCHEIRO__RANCHEIRO WAFER RANCHEIRO BAUNILHA,0.5458811044692993,0.7,-0.020000000000000018,,,,['low_score'],34,"2,29",2.29,,,,,"2,29",2.29,regular,False,image_single_palette,yellow,192.50584406713475,34,1
IMG_7371.HEIC,34,0.8725240230560303,1531,1659,1608,1945,product_crops\product_0034_conf_0.87.jpg,__Unknown__,True,RANCHEIRO__RANCHEIRO ROSQUINHA RECHEADA DE MORANGO-CARAMELO RANCHEIRO,0.6227860450744629,0.68,-0.039999999999999925,RANCHEIRO__RANCHEIRO WAFER RANCHEIRO LIMAO,0.5901672840118408,0.03261876106262207,['low_score'],,,,,,,,,,,,,,,,0
IMG_7371.HEIC,35,0.8701682090759277,624,2053,708,2360,product_crops\product_0035_conf_0.87.jpg,__Unknown__,True,RANCHEIRO__RANCHEIRO COOKIES CHOCOLATE RANCHEIRO,0.6680847644805908,0.72,0.0,,,,['low_score'],,,,,,,,,,,,,,,,0
IMG_7371.HEIC,36,0.8675858974456787,1666,1658,1744,1946,product_crops\product_0036_conf_0.87.jpg,__Unknown__,True,RANCHEIRO__RANCHEIRO ROSQUINHA RECHEADA DE MORANGO-CARAMELO RANCHEIRO,0.47918311357498167,0.68,-0.039999999999999925,,,,['low_score'],,,,,,,,,,,,,,,,0
IMG_7371.HEIC,37,0.8671926856040955,1614,2532,1861,2593,product_crops\product_0037_conf_0.87.jpg,__Unknown__,True,RANCHEIRO__RANCHEIRO ROSQ RECHEADA RANCHEIRO CHOC-COCO,0.5152343312899271,0.71,-0.010000000000000009,Mabel__Mabel Recheado Mabel Sabor Chocolate,0.5112951397895813,0.003939191500345829,['low_score'],,,,,,,,,,,,,,,,0
IMG_7371.HEIC,38,0.8664751648902893,1607,2467,1856,2530,product_crops\product_0038_conf_0.87.jpg,__Unknown__,True,Mabel__Mabel Recheado Mabel Sabor Chocolate,0.5426284074783325,0.72,0.0,RANCHEIRO__RANCHEIRO ROSQUINHA RECHEADA DE MORANGO-CARAMELO RANCHEIRO,0.519913375377655,0.02271503210067749,['low_score'],,,,,,,,,,,,,,,,0
IMG_7371.HEIC,39,0.8653610944747925,1871,1659,1956,1947,product_crops\product_0039_conf_0.87.jpg,__Unknown__,True,RANCHEIRO__RANCHEIRO ROSQUINHA RECHEADA DE MORANGO-CARAMELO RANCHEIRO,0.5809932351112366,0.68,-0.039999999999999925,RANCHEIRO__RANCHEIRO COOKIES CHOCOLATE RANCHEIRO,0.5370175242424011,0.04397571086883545,['low_score'],,,,,,,,,,,,,,,,0
IMG_7371.HEIC,40,0.8650322556495667,1601,1658,1674,1946,product_crops\product_0040_conf_0.87.jpg,__Unknown__,True,RANCHEIRO__RANCHEIRO ROSQUINHA RECHEADA DE MORANGO-CARAMELO RANCHEIRO,0.5213953852653503,0.68,-0.039999999999999925,RANCHEIRO__RANCHEIRO WAFER RANCHEIRO MORANGO,0.515925407409668,0.005469977855682373,['low_score'],,,,,,,,,,,,,,,,0
IMG_7371.HEIC,41,0.8638391494750977,1092,1635,1174,1941,product_crops\product_0041_conf_0.86.jpg,__Unknown__,True,RANCHEIRO__RANCHEIRO ROSQUINHA RECHEADA DE MORANGO RANCHEIRO,0.547530198097229,0.72,0.0,,,,['low_score'],52,"4,99",4.99,,,,,"4,99",4.99,regular,False,image_single_palette,yellow,203.57431075653923,52,1
IMG_7371.HEIC,42,0.8633655309677124,1886,2070,2071,2361,product_crops\product_0042_conf_0.86.jpg,__Unknown__,True,RANCHEIRO__RANCHEIRO CREAM CRACKER 65 RANCHEIRO,0.49797964096069336,0.75,0.030000000000000027,RANCHEIRO__RANCHEIRO COOKIES CHOCOLATE RANCHEIRO,0.4752465486526489,0.022733092308044434,['low_score'],46,"4,49",4.49,,,,,"4,49",4.49,regular,False,image_single_palette,yellow,186.00268815261785,46,1
IMG_7371.HEIC,43,0.8622202277183533,1975,672,2253,1021,product_crops\product_0043_conf_0.86.jpg,__Unknown__,True,RANCHEIRO__RANCHEIRO CREAM CRACKER RANCHEIRO,0.6112006425857544,0.81,0.09000000000000008,,,,['low_score'],25,"29,07",29.07,,,,,"29,07",29.07,regular,False,image_single_palette,yellow,257.9345847303149,25,1
IMG_7371.HEIC,44,0.8595281839370728,1805,1657,1887,1946,product_crops\product_0044_conf_0.86.jpg,__Unknown__,True,RANCHEIRO__RANCHEIRO COOKIES RANCHEIRO,0.5036683082580566,0.68,-0.039999999999999925,RANCHEIRO__RANCHEIRO ROSQUINHA RECHEADA DE MORANGO-CARAMELO RANCHEIRO,0.49900684754053753,0.004661460717519106,['low_score'],,,,,,,,,,,,,,,,0
IMG_7371.HEIC,45,0.8544482588768005,571,1630,663,1936,product_crops\product_0045_conf_0.85.jpg,__Unknown__,True,RANCHEIRO__RANCHEIRO ROSQUINHA RECHEADA DE MORANGO RANCHEIRO,0.4731743782758713,0.72,0.0,RANCHEIRO__RANCHEIRO ROSQUINHA RECHEADA DE BAUNILHA RANCHEIRO,0.4568023979663849,0.01637198030948639,['low_score'],,,,,,,,,,,,,,,,0
IMG_7371.HEIC,46,0.8478274345397949,840,1633,917,1937,product_crops\product_0046_conf_0.85.jpg,__Unknown__,True,RANCHEIRO__RANCHEIRO ROSQUINHA RECHEADA DE MORANGO RANCHEIRO,0.5400067448616028,0.72,0.0,,,,['low_score'],,,,,,,,,,,,,,,,0
IMG_7371.HEIC,47,0.8424370288848877,61,1620,163,1933,product_crops\product_0047_conf_0.84.jpg,__Unknown__,True,Mabel__Mabel Laminado Doce Mabel Maisena,0.5028592348098755,0.72,0.0,Mabel__Mabel Cookie Mabel Chocolate com gotas de chocolate,0.48016494512557983,0.022694289684295654,['low_score'],,,,,,,,,,,,,,,,0
IMG_7371.HEIC,48,0.8420810103416443,977,1635,1057,1941,product_crops\product_0048_conf_0.84.jpg,__Unknown__,True,RANCHEIRO__RANCHEIRO ROSQUINHA RECHEADA DE MORANGO RANCHEIRO,0.5015921667218208,0.72,0.0,RANCHEIRO__RANCHEIRO WAFER RANCHEIRO BAUNILHA,0.4884364604949951,0.013155706226825714,['low_score'],,,,,,,,,,,,,,,,0
IMG_7371.HEIC,49,0.8333627581596375,1942,1659,2025,1947,product_crops\product_0049_conf_0.83.jpg,__Unknown__,True,RANCHEIRO__RANCHEIRO WAFER RANCHEIRO MORANGO,0.45219768583774567,0.72,0.0,RANCHEIRO__RANCHEIRO ROSQUINHA RECHEADA DE MORANGO-CARAMELO RANCHEIRO,0.4390811026096344,0.013116583228111267,['low_score'],,,,,,,,,,,,,,,,0
IMG_7371.HEIC,50,0.8331718444824219,285,1625,369,1928,product_crops\product_0050_conf_0.83.jpg,__Unknown__,True,Mabel__Mabel Cracker Agua e Sal,0.5168603956699371,0.72,0.0,Mabel__Mabel Cream Cracker,0.49905890226364136,0.017801493406295776,['low_score'],,,,,,,,,,,,,,,,0
IMG_7371.HEIC,51,0.8307799100875854,484,3112,776,3324,product_crops\product_0051_conf_0.83.jpg,__Unknown__,True,RANCHEIRO__RANCHEIRO WAFER RANCHEIRO MORANGO,0.46725324789683026,0.72,0.0,RANCHEIRO__RANCHEIRO ROSQUINHA DE CHOCOLATE RANCHEIRO,0.4631716012954712,0.004081646601359068,['low_score'],22,"4,49",4.49,,,,,"4,49",4.49,regular,False,image_single_palette,white,151.8453160291749,22,1
IMG_7371.HEIC,52,0.8171969652175903,3,1612,86,1932,product_crops\product_0052_conf_0.82.jpg,__Unknown__,True,RANCHEIRO__RANCHEIRO ROSQUINHA RECHEADA DE MORANGO RANCHEIRO,0.4589462876319885,0.72,0.0,RANCHEIRO__RANCHEIRO WAFER RANCHEIRO MORANGO,0.4548635333776474,0.0040827542543411255,['low_score'],37,"5,99",5.99,,,,,"5,99",5.99,regular,False,image_single_palette,yellow,202.36909349008806,37,1
IMG_7371.HEIC,53,0.815727174282074,1467,1658,1543,1943,product_crops\product_0053_conf_0.82.jpg,__Unknown__,True,RANCHEIRO__RANCHEIRO ROSQUINHA RECHEADA DE MORANGO-CARAMELO RANCHEIRO,0.5689589977264404,0.68,-0.039999999999999925,RANCHEIRO__RANCHEIRO COOKIES CHOCOLATE RANCHEIRO,0.5424140691757202,0.026544928550720215,['low_score'],,,,,,,,,,,,,,,,0
IMG_7371.HEIC,54,0.8036749958992004,911,1636,984,1940,product_crops\product_0054_conf_0.80.jpg,__Unknown__,True,RANCHEIRO__RANCHEIRO ROSQUINHA RECHEADA DE MORANGO RANCHEIRO,0.4704427242279053,0.72,0.0,,,,['low_score'],47,"4,99",4.99,,,,,"4,99",4.99,regular,False,image_single_palette,yellow,204.78769494283586,47,1
IMG_7371.HEIC,55,0.7942585945129395,774,2807,1041,2885,product_crops\product_0055_conf_0.79.jpg,__Unknown__,True,RANCHEIRO__RANCHEIRO BISCOITO MAIZENA RANCHEIRO,0.44852571487426757,0.76,0.040000000000000036,,,,['low_score'],,,,,,,,,,,,,,,,0
IMG_7371.HEIC,56,0.7921538949012756,126,2801,444,3039,product_crops\product_0056_conf_0.79.jpg,__Unknown__,True,RANCHEIRO__RANCHEIRO WAFER RANCHEIRO CHOCOLATE,0.5705862939357758,0.71,-0.010000000000000009,RANCHEIRO__RANCHEIRO WAFER RANCHEIRO MORANGO,0.5672083497047424,0.003377944231033325,['low_score'],2,"4,99",4.99,,,,,"4,99",4.99,regular,False,image_single_palette,white,158.5638672585908,2,1
IMG_7371.HEIC,57,0.790531575679779,1353,3106,1632,3318,product_crops\product_0057_conf_0.79.jpg,__Unknown__,True,RANCHEIRO__RANCHEIRO ROSQUINHA DE CHOCOLATE RANCHEIRO,0.4162178039550781,0.62,-0.09999999999999998,RANCHEIRO__RANCHEIRO BISCOITO MARIA RANCHEIRO,0.4040892720222473,0.01212853193283081,['low_score'],5,"4,49",4.49,,,,,"4,49",4.49,regular,False,image_single_palette,white,154.67142593252316,5,1
IMG_7371.HEIC,58,0.7860516309738159,138,1623,226,1930,product_crops\product_0058_conf_0.79.jpg,__Unknown__,True,Mabel__Mabel Cracker Agua e Sal,0.4344984292984009,0.72,0.0,Mabel__Mabel Cookie Mabel Chocolate com gotas de chocolate,0.4289446473121643,0.005553781986236572,['low_score'],26,"5,99",5.99,,,,,"5,99",5.99,regular,False,image_single_palette,yellow,207.22511913375752,26,1
IMG_7371.HEIC,59,0.778937041759491,777,3155,1054,3321,product_crops\product_0059_conf_0.78.jpg,__Unknown__,True,RANCHEIRO__RANCHEIRO ROSQUINHA DE CHOCOLATE RANCHEIRO,0.4290863871574402,0.62,-0.09999999999999998,RANCHEIRO__RANCHEIRO WAFER RANCHEIRO BAUNILHA,0.41321831941604614,0.015868067741394043,['low_score'],17,"4,49",4.49,,,,,"4,49",4.49,regular,False,image_single_palette,white,132.19114947680876,17,1
IMG_7371.HEIC,60,0.7750256657600403,501,1630,579,1935,product_crops\product_0060_conf_0.78.jpg,__Unknown__,True,RANCHEIRO__RANCHEIRO ROSQUINHA RECHEADA DE MORANGO RANCHEIRO,0.45217775702476504,0.72,0.0,,,,['low_score'],40,"3,49",3.49,,,,,"3,49",3.49,regular,False,image_single_palette,yellow,203.55343278854326,40,1
IMG_7371.HEIC,61,0.7707286477088928,755,2964,1032,3036,product_crops\product_0061_conf_0.77.jpg,__Unknown__,True,RANCHEIRO__RANCHEIRO ROSQUINHA DE CHOCOLATE RANCHEIRO,0.5332684516906738,0.62,-0.09999999999999998,RANCHEIRO__RANCHEIRO ROSQUINHA RECHEADA DE MORANGO-CARAMELO RANCHEIRO,0.49598328769207,0.03728516399860382,['low_score'],4,"3,99",3.99,,,,,"3,99",3.99,regular,False,image_single_palette,white,82.27545198903498,4,1
IMG_7371.HEIC,62,0.7700457572937012,1833,2801,2104,3034,product_crops\product_0062_conf_0.77.jpg,__Unknown__,True,RANCHEIRO__RANCHEIRO ROSQUINHA DE CHOCOLATE RANCHEIRO,0.46755251288414,0.62,-0.09999999999999998,RANCHEIRO__RANCHEIRO ROSQUINHA RECHEADA DE BAUNILHA RANCHEIRO,0.43609678745269775,0.03145572543144226,['low_score'],20,"2,49",2.49,,,,,"2,49",2.49,regular,False,image_single_palette,white,163.17628504166896,20,1
IMG_7371.HEIC,63,0.7637655138969421,1640,3109,1930,3316,product_crops\product_0063_conf_0.76.jpg,__Unknown__,True,RANCHEIRO__RANCHEIRO WAFER RANCHEIRO BAUNILHA,0.3814847394824028,0.7,-0.020000000000000018,RANCHEIRO__RANCHEIRO ROSQUINHA DE CHOCOLATE RANCHEIRO,0.3757760226726532,0.005708716809749603,['low_score'],,,,,,,,,,,,,,,,0
IMG_7371.HEIC,64,0.7602952122688293,1066,2466,1354,2527,product_crops\product_0064_conf_0.76.jpg,__Unknown__,True,RANCHEIRO__RANCHEIRO ROSQUINHA RECHEADA DE CHOCOLATE RANCHEIRO,0.4701147824525833,0.64,-0.07999999999999996,RANCHEIRO__RANCHEIRO WAFER RANCHEIRO CHOCOLATE,0.46642136573791504,0.003693416714668274,['low_score'],,,,,,,,,,,,,,,,0
IMG_7371.HEIC,65,0.7499178647994995,722,3492,1053,3659,product_crops\product_0065_conf_0.75.jpg,__Unknown__,True,RANCHEIRO__RANCHEIRO ROSQUINHA RECHEADA DE BAUNILHA RANCHEIRO,0.6340544581413269,0.69,-0.030000000000000027,,,,['low_score'],11,,,,,,,,,regular,False,image_single_palette,white,131.47243057006287,11,1
IMG_7371.HEIC,66,0.7470980882644653,779,1637,852,1935,product_crops\product_0066_conf_0.75.jpg,__Unknown__,True,RANCHEIRO__RANCHEIRO BISCOITO MAIZENA RANCHEIRO,0.4355144500732422,0.76,0.040000000000000036,RANCHEIRO__RANCHEIRO ROSQUINHA RECHEADA DE MORANGO RANCHEIRO,0.38626256585121155,0.04925188422203064,['low_score'],,,,,,,,,,,,,,,,0
IMG_7371.HEIC,67,0.7271906137466431,0,3047,139,3335,product_crops\product_0067_conf_0.73.jpg,__Unknown__,True,RANCHEIRO__RANCHEIRO BISCOITO MARIA RANCHEIRO,0.43529242277145386,0.72,0.0,RANCHEIRO__RANCHEIRO WAFER RANCHEIRO CHOCOLATE,0.40205948054790497,0.03323294222354889,['low_score'],,,,,,,,,,,,,,,,0
IMG_7371.HEIC,68,0.725214421749115,1046,2803,1305,2887,product_crops\product_0068_conf_0.73.jpg,__Unknown__,True,RANCHEIRO__RANCHEIRO ROSQUINHA RECHEADA DE MORANGO RANCHEIRO,0.4639290750026703,0.72,0.0,,,,['low_score'],,,,,,,,,,,,,,,,0
IMG_7371.HEIC,69,0.7061817049980164,2144,1661,2243,1951,product_crops\product_0069_conf_0.71.jpg,__Unknown__,True,RANCHEIRO__RANCHEIRO WAFER RANCHEIRO MORANGO,0.4517654776573181,0.72,0.0,RANCHEIRO__RANCHEIRO ROSQUINHA RECHEADA DE MORANGO-CARAMELO RANCHEIRO,0.4510926604270935,0.0006728172302246094,['low_score'],,,,,,,,,,,,,,,,0
IMG_7371.HEIC,70,0.7059659957885742,760,2891,1035,2961,product_crops\product_0070_conf_0.71.jpg,__Unknown__,True,RANCHEIRO__RANCHEIRO WAFER RANCHEIRO MORANGO,0.4967125654220581,0.72,0.0,RANCHEIRO__RANCHEIRO ROSQUINHA DE CHOCOLATE RANCHEIRO,0.49590831995010376,0.0008042454719543457,['low_score'],,,,,,,,,,,,,,,,0
IMG_7371.HEIC,71,0.7000336647033691,427,3466,726,3661,product_crops\product_0071_conf_0.70.jpg,RANCHEIRO__RANCHEIRO COOKIES RANCHEIRO,False,RANCHEIRO__RANCHEIRO COOKIES RANCHEIRO,0.8006553053855896,0.68,-0.039999999999999925,RANCHEIRO__RANCHEIRO COOKIES CHOCOLATE RANCHEIRO,0.7938838005065918,0.006771504878997803,[],15,,,,,,,,,regular,False,image_single_palette,white,156.83271342420878,15,1
IMG_7371.HEIC,72,0.6990829706192017,1067,2530,1356,2592,product_crops\product_0072_conf_0.70.jpg,__Unknown__,True,RANCHEIRO__RANCHEIRO ROSQUINHA RECHEADA DE CHOCOLATE RANCHEIRO,0.45577919483184814,0.64,-0.07999999999999996,RANCHEIRO__RANCHEIRO ROSQ RECHEADA RANCHEIRO CHOC-COCO,0.4444205313920975,0.011358663439750671,['low_score'],,,,,,,,,,,,,,,,0
IMG_7371.HEIC,73,0.6972934007644653,1566,2802,1833,3032,product_crops\product_0073_conf_0.70.jpg,__Unknown__,True,RANCHEIRO__RANCHEIRO WAFER RANCHEIRO CHOCOLATE,0.45790865023930866,0.71,-0.010000000000000009,RANCHEIRO__RANCHEIRO ROSQUINHA DE CHOCOLATE RANCHEIRO,0.4461585581302643,0.011750092109044374,['low_score'],21,"2,49",2.49,,,,,"2,49",2.49,regular,False,image_single_palette,yellow,162.85346173784578,21,1
IMG_7371.HEIC,74,0.6957624554634094,2011,1660,2097,1947,product_crops\product_0074_conf_0.70.jpg,__Unknown__,True,RANCHEIRO__RANCHEIRO ROSQUINHA RECHEADA DE MORANGO-CARAMELO RANCHEIRO,0.3757252097129822,0.68,-0.039999999999999925,RANCHEIRO__RANCHEIRO WAFER RANCHEIRO MORANGO,0.3722139000892639,0.0035113096237182617,['low_score'],,,,,,,,,,,,,,,,0
IMG_7371.HEIC,75,0.6904632449150085,1151,679,1293,1012,product_crops\product_0075_conf_0.69.jpg,__Unknown__,True,RANCHEIRO__RANCHEIRO CREAM CRACKER RANCHEIRO,0.5566540479660034,0.81,0.09000000000000008,,,,['low_score'],,,,,,,,,,,,,,,,0
IMG_7371.HEIC,76,0.685576856136322,1055,3111,1352,3320,product_crops\product_0076_conf_0.69.jpg,__Unknown__,True,RANCHEIRO__RANCHEIRO BISCOITO MAIZENA RANCHEIRO,0.40328532457351685,0.76,0.040000000000000036,RANCHEIRO__RANCHEIRO WAFER RANCHEIRO MORANGO,0.3979329566160838,0.005352367957433046,['low_score'],9,,,,,,,,,regular,False,image_single_palette,white,153.73028328862208,9,1
IMG_7371.HEIC,77,0.6854543089866638,1627,3453,2030,3647,product_crops\product_0077_conf_0.69.jpg,__Unknown__,True,RANCHEIRO__RANCHEIRO ROSQUINHA DE CHOCOLATE RANCHEIRO,0.44891978800296783,0.62,-0.09999999999999998,RANCHEIRO__RANCHEIRO BISCOITO MARIA RANCHEIRO,0.417175829410553,0.031743958592414856,['low_score'],14,,,,,,,,,regular,False,image_single_palette,white,143.94617049439003,14,1
IMG_7371.HEIC,78,0.6849538683891296,340,691,654,993,product_crops\product_0078_conf_0.68.jpg,__Unknown__,True,RANCHEIRO__RANCHEIRO CREAM CRACKER RANCHEIRO,0.5481845736503601,0.81,0.09000000000000008,,,,['low_score'],0,"0,27",0.27,"9,99",9.99,,,"0,27 / 9,99",0.27 / 9.99,regular,False,image_single_palette,yellow,257.0821853026771,0,1
IMG_7371.HEIC,79,0.6848438382148743,440,2802,762,3035,product_crops\product_0079_conf_0.68.jpg,__Unknown__,True,RANCHEIRO__RANCHEIRO BISCOITO MARIA RANCHEIRO,0.6018433570861816,0.72,0.0,RANCHEIRO__RANCHEIRO ROSQUINHA RECHEADA DE MORANGO-CARAMELO RANCHEIRO,0.5705931186676025,0.0312502384185791,['low_score'],,,,,,,,,,,,,,,,0
IMG_7371.HEIC,80,0.6664711236953735,1,3434,138,3642,product_crops\product_0080_conf_0.67.jpg,__Unknown__,True,RANCHEIRO__RANCHEIRO WAFER RANCHEIRO MORANGO,0.5047924280166626,0.72,0.0,,,,['low_score'],,,,,,,,,,,,,,,,0
IMG_7371.HEIC,81,0.6459817290306091,0,2672,117,2981,product_crops\product_0081_conf_0.65.jpg,__Unknown__,True,RANCHEIRO__RANCHEIRO BISCOITO MARIA RANCHEIRO,0.4853503853082657,0.72,0.0,RANCHEIRO__RANCHEIRO WAFER RANCHEIRO CHOCOLATE,0.4656211733818054,0.019729211926460266,['low_score'],,,,,,,,,,,,,,,,0
IMG_7371.HEIC,82,0.6449874639511108,460,2451,764,2519,product_crops\product_0082_conf_0.64.jpg,__Unknown__,True,RANCHEIRO__RANCHEIRO ROSQUINHA RECHEADA DE MORANGO-CARAMELO RANCHEIRO,0.5267132719357809,0.68,-0.039999999999999925,Mabel__Mabel Recheado Mabel Sabor Chocolate,0.5237736999988556,0.0029395719369252893,['low_score'],,,,,,,,,,,,,,,,0
IMG_7371.HEIC,83,0.6368693709373474,1308,2807,1567,3030,product_crops\product_0083_conf_0.64.jpg,__Unknown__,True,RANCHEIRO__RANCHEIRO BISCOITO MAIZENA RANCHEIRO,0.5051296055316925,0.76,0.040000000000000036,RANCHEIRO__RANCHEIRO ROSQUINHA DE CHOCOLATE RANCHEIRO,0.4732591211795807,0.031870484352111816,['low_score'],16,"2,49",2.49,,,,,"2,49",2.49,regular,False,image_single_palette,white,159.01965287347346,16,1
IMG_7371.HEIC,84,0.6319011449813843,164,3480,433,3654,product_crops\product_0084_conf_0.63.jpg,__Unknown__,True,RANCHEIRO__RANCHEIRO BISCOITO MARIA RANCHEIRO,0.5446136742830276,0.72,0.0,RANCHEIRO__RANCHEIRO WAFER RANCHEIRO CHOCOLATE,0.5377075672149658,0.006906107068061829,['low_score'],,,,,,,,,,,,,,,,0
IMG_7371.HEIC,85,0.6208726167678833,1160,1137,1423,1498,product_crops\product_0085_conf_0.62.jpg,__Unknown__,True,RANCHEIRO__RANCHEIRO CREAM CRACKER RANCHEIRO,0.5958668112754821,0.81,0.09000000000000008,,,,['low_score'],23,"6,99",6.99,,,,,"6,99",6.99,regular,False,image_single_palette,white,237.42630435568844,23,1
IMG_7371.HEIC,86,0.604794442653656,1871,2601,2125,2722,product_crops\product_0086_conf_0.60.jpg,__Unknown__,True,RANCHEIRO__RANCHEIRO ROSQUINHA DE CHOCOLATE RANCHEIRO,0.4547308683395386,0.62,-0.09999999999999998,RANCHEIRO__RANCHEIRO ROSQUINHA DE COCO RANCHEIRO,0.4339766502380371,0.020754218101501465,['low_score'],10,"1,59",1.59,,,,,"1,59",1.59,regular,False,image_single_palette,yellow,119.32413837945782,10,1
IMG_7371.HEIC,87,0.5838926434516907,1366,3467,1628,3644,product_crops\product_0087_conf_0.58.jpg,__Unknown__,True,RANCHEIRO__RANCHEIRO BISCOITO MARIA RANCHEIRO,0.5305792888005575,0.72,0.0,RANCHEIRO__RANCHEIRO WAFER RANCHEIRO MORANGO,0.5287307798862457,0.001848508914311764,['low_score'],49,,,,,,,,,regular,False,image_single_palette,white,142.09591830872554,49,1
IMG_7371.HEIC,88,0.5826168060302734,2077,1661,2167,1948,product_crops\product_0088_conf_0.58.jpg,__Unknown__,True,RANCHEIRO__RANCHEIRO COOKIES RANCHEIRO,0.5443820953369141,0.68,-0.039999999999999925,RANCHEIRO__RANCHEIRO COOKIES CHOCOLATE RANCHEIRO,0.5109948962926865,0.0333871990442276,['low_score'],1,"3,99",3.99,,,,,"3,99",3.99,regular,False,image_single_palette,yellow,194.03156959629018,1,1
IMG_7371.HEIC,89,0.580638587474823,1035,2958,1304,3036,product_crops\product_0089_conf_0.58.jpg,__Unknown__,True,RANCHEIRO__RANCHEIRO ROSQUINHA DE CHOCOLATE RANCHEIRO,0.44823867082595825,0.62,-0.09999999999999998,RANCHEIRO__RANCHEIRO ROSQUINHA RECHEADA DE MORANGO-CARAMELO RANCHEIRO,0.42277875542640686,0.02545991539955139,['low_score'],19,"3,99",3.99,,,,,"3,99",3.99,regular,False,image_single_palette,white,97.21368216460068,19,1
IMG_7371.HEIC,90,0.5649539828300476,1619,2594,1869,2658,product_crops\product_0090_conf_0.56.jpg,__Unknown__,True,RANCHEIRO__RANCHEIRO ROSQ RECHEADA RANCHEIRO CHOC-COCO,0.4997512400150299,0.71,-0.010000000000000009,Mabel__Mabel Recheado Mabel Sabor Chocolate,0.493763729929924,0.005987510085105896,['low_score'],24,"8,41",8.41,"1,59",1.59,,,"8,41 / 1,59",8.41 / 1.59,regular,False,image_single_palette,yellow,146.9021783364699,24,1
IMG_7371.HEIC,91,0.561643123626709,1866,2519,2110,2597,product_crops\product_0091_conf_0.56.jpg,__Unknown__,True,RANCHEIRO__RANCHEIRO WAFER RANCHEIRO MORANGO,0.4982992559671402,0.72,0.0,RANCHEIRO__RANCHEIRO ROSQUINHA RECHEADA DE MORANGO-CARAMELO RANCHEIRO,0.45623068511486053,0.04206857085227966,['low_score'],,,,,,,,,,,,,,,,0
IMG_7371.HEIC,92,0.5553911924362183,140,2656,449,2721,product_crops\product_0092_conf_0.56.jpg,__Unknown__,True,RANCHEIRO__RANCHEIRO BISCOITO MARIA RANCHEIRO,0.5440609574317932,0.72,0.0,,,,['low_score'],36,"3,49",3.49,,,,,"3,49",3.49,regular,False,image_single_palette,yellow,80.02812005788965,36,1
IMG_7371.HEIC,93,0.5532588362693787,1067,2595,1359,2656,product_crops\product_0093_conf_0.55.jpg,__Unknown__,True,RANCHEIRO__RANCHEIRO ROSQ RECHEADA RANCHEIRO CHOC-COCO,0.49816473325093585,0.71,-0.010000000000000009,Adoralle__Adoralle Alimentos Laminados Doces Coco,0.49578651785850525,0.002378215392430605,['low_score'],,,,,,,,,,,,,,,,0
IMG_7371.HEIC,94,0.5326332449913025,1058,3407,1369,3648,product_crops\product_0094_conf_0.53.jpg,__Unknown__,True,RANCHEIRO__RANCHEIRO BISCOITO MARIA RANCHEIRO,0.471682645380497,0.72,0.0,RANCHEIRO__RANCHEIRO COOKIES CHOCOLATE RANCHEIRO,0.45809388160705566,0.013588763773441315,['low_score'],28,,,,,,,,,regular,False,image_single_palette,white,173.80736463107655,28,1
IMG_7371.HEIC,95,0.5298706293106079,665,1642,782,1931,product_crops\product_0095_conf_0.53.jpg,__Unknown__,True,RANCHEIRO__RANCHEIRO ROSQUINHA DE CHOCOLATE RANCHEIRO,0.4270699620246887,0.62,-0.09999999999999998,RANCHEIRO__RANCHEIRO WAFER RANCHEIRO BAUNILHA,0.40728092193603516,0.019789040088653564,['low_score'],,,,,,,,,,,,,,,,0
IMG_7371.HEIC,96,0.5193787217140198,1361,2588,1619,2723,product_crops\product_0096_conf_0.52.jpg,__Unknown__,True,RANCHEIRO__RANCHEIRO ROSQUINHA RECHEADA DE MORANGO-CARAMELO RANCHEIRO,0.475595161318779,0.68,-0.039999999999999925,RANCHEIRO__RANCHEIRO WAFER RANCHEIRO BAUNILHA,0.47142156958580017,0.004173591732978821,['low_score'],55,"1,59",1.59,,,,,"1,59",1.59,regular,False,image_single_palette,yellow,135.52306076826926,55,1
IMG_7371.HEIC,97,0.49953147768974304,1040,2893,1303,2959,product_crops\product_0097_conf_0.50.jpg,__Unknown__,True,RANCHEIRO__RANCHEIRO ROSQUINHA DE CHOCOLATE RANCHEIRO,0.5078337788581848,0.62,-0.09999999999999998,RANCHEIRO__RANCHEIRO ROSQUINHA RECHEADA DE MORANGO-CARAMELO RANCHEIRO,0.47856447100639343,0.029269307851791382,['low_score'],,,,,,,,,,,,,,,,0
IMG_7371.HEIC,98,0.4953193664550781,1690,685,2004,1023,product_crops\product_0098_conf_0.50.jpg,__Unknown__,True,RANCHEIRO__RANCHEIRO CREAM CRACKER RANCHEIRO,0.5521665811538696,0.81,0.09000000000000008,Adoralle__Adoralle Alimentos Cream Cracker,0.5471011400222778,0.005065441131591797,['low_score'],,,,,,,,,,,,,,,,0
IMG_7371.HEIC,99,0.4944115877151489,773,2543,1052,2589,product_crops\product_0099_conf_0.49.jpg,__Unknown__,True,RANCHEIRO__RANCHEIRO BISCOITO MARIA RANCHEIRO,0.6142134666442871,0.72,0.0,RANCHEIRO__RANCHEIRO ROSQUINHA RECHEADA DE MORANGO-CARAMELO RANCHEIRO,0.5052782297134399,0.10893523693084717,['low_score'],,,,,,,,,,,,,,,,0
IMG_7371.HEIC,100,0.4588198959827423,459,2522,749,2585,product_crops\product_0100_conf_0.46.jpg,__Unknown__,True,RANCHEIRO__RANCHEIRO ROSQUINHA RECHEADA DE CHOCOLATE RANCHEIRO,0.60526242852211,0.64,-0.07999999999999996,Adoralle__Adoralle Alimentos Laminados Doces Coco,0.5906420350074768,0.014620393514633179,['low_score'],,,,,,,,,,,,,,,,0
IMG_7371.HEIC,101,0.45374545454978943,144,2581,454,2652,product_crops\product_0101_conf_0.45.jpg,__Unknown__,True,RANCHEIRO__RANCHEIRO BISCOITO MARIA RANCHEIRO,0.6239625692367554,0.72,0.0,,,,['low_score'],,,,,,,,,,,,,,,,0
IMG_7371.HEIC,102,0.4536433219909668,160,2430,456,2579,product_crops\product_0102_conf_0.45.jpg,__Unknown__,True,RANCHEIRO__RANCHEIRO ROSQUINHA RECHEADA DE CHOCOLATE RANCHEIRO,0.549712061882019,0.64,-0.07999999999999996,Adoralle__Adoralle Alimentos Laminados Doces Coco,0.5386404991149902,0.011071562767028809,['low_score'],,,,,,,,,,,,,,,,0
IMG_7371.HEIC,103,0.4430026113986969,773,2482,1056,2543,product_crops\product_0103_conf_0.44.jpg,__Unknown__,True,RANCHEIRO__RANCHEIRO BISCOITO MARIA RANCHEIRO,0.46228498220443726,0.72,0.0,RANCHEIRO__RANCHEIRO BISCOITO MAIZENA RANCHEIRO,0.44484782218933105,0.0174371600151062,['low_score'],,,,,,,,,,,,,,,,0
IMG_7371.HEIC,104,0.42104706168174744,1823,2065,1898,2359,product_crops\product_0104_conf_0.42.jpg,__Unknown__,True,RANCHEIRO__RANCHEIRO CREAM CRACKER 65 RANCHEIRO,0.5120729207992554,0.75,0.030000000000000027,RANCHEIRO__RANCHEIRO ROSQUINHA RECHEADA DE MORANGO RANCHEIRO,0.5086106061935425,0.0034623146057128906,['low_score'],48,"4,49",4.49,,,,,"4,49",4.49,regular,False,image_single_palette,yellow,191.38704240360684,48,1
IMG_7371.HEIC,105,0.4195789694786072,1359,2447,1599,2573,product_crops\product_0105_conf_0.42.jpg,__Unknown__,True,RANCHEIRO__RANCHEIRO ROSQUINHA RECHEADA DE MORANGO-CARAMELO RANCHEIRO,0.48688342173894245,0.68,-0.039999999999999925,RANCHEIRO__RANCHEIRO ROSQUINHA DE COCO RANCHEIRO,0.4456367492675781,0.04124667247136432,['low_score'],,,,,,,,,,,,,,,,0
IMG_7371.HEIC,106,0.40137186646461487,1367,728,1485,1017,product_crops\product_0106_conf_0.40.jpg,__Unknown__,True,RANCHEIRO__RANCHEIRO ROSQUINHA RECHEADA DE MORANGO-CARAMELO RANCHEIRO,0.5425610740979513,0.68,-0.039999999999999925,RANCHEIRO__RANCHEIRO CREAM CRACKER RANCHEIRO,0.5416422784328461,0.0009187956651052209,['low_score'],,,,,,,,,,,,,,,,0
IMG_7371.HEIC,107,0.3945007026195526,1073,2659,1361,2724,product_crops\product_0107_conf_0.39.jpg,__Unknown__,True,RANCHEIRO__RANCHEIRO ROSQUINHA DE CHOCOLATE RANCHEIRO,0.46417683362960815,0.62,-0.09999999999999998,Mabel__Mabel Laminado Doce Mabel Sabor Chocolate,0.43951570987701416,0.024661123752593994,['low_score'],12,"7,99",7.99,,,,,"7,99",7.99,regular,False,image_single_palette,yellow,87.13208364316786,12,1
IMG_7371.HEIC,108,0.3870730400085449,1512,460,1715,683,product_crops\product_0108_conf_0.39.jpg,__Unknown__,True,RANCHEIRO__RANCHEIRO CREAM CRACKER RANCHEIRO,0.54703688621521,0.81,0.09000000000000008,,,,['low_score'],,,,,,,,,,,,,,,,0
IMG_7371.HEIC,109,0.38580551743507385,452,2589,758,2719,product_crops\product_0109_conf_0.39.jpg,__Unknown__,True,RANCHEIRO__RANCHEIRO BISCOITO MARIA RANCHEIRO,0.6257665356000265,0.72,0.0,RANCHEIRO__RANCHEIRO ROSQUINHA DE COCO RANCHEIRO,0.6184254586696625,0.00734107693036401,['low_score'],29,"3,49",3.49,,,,,"3,49",3.49,regular,False,image_single_palette,yellow,114.93585167387937,29,1
IMG_7371.HEIC,110,0.37646862864494324,2062,3241,2267,3408,product_crops\product_0110_conf_0.38.jpg,__Unknown__,True,RANCHEIRO__RANCHEIRO ROSQUINHA DE CHOCOLATE RANCHEIRO,0.41335228085517883,0.62,-0.09999999999999998,RANCHEIRO__RANCHEIRO WAFER RANCHEIRO MORANGO,0.3394722491502762,0.07388003170490265,['low_score'],,,,,,,,,,,,,,,,0
IMG_7371.HEIC,111,0.339438259601593,774,2431,1057,2483,product_crops\product_0111_conf_0.34.jpg,__Unknown__,True,RANCHEIRO__RANCHEIRO BISCOITO MARIA RANCHEIRO,0.5436409711837769,0.72,0.0,RANCHEIRO__RANCHEIRO ROSQUINHA RECHEADA DE MORANGO-CARAMELO RANCHEIRO,0.47224773466587067,0.07139323651790619,['low_score'],,,,,,,,,,,,,,,,0
IMG_7371.HEIC,112,0.32438209652900696,1484,674,1703,1020,product_crops\product_0112_conf_0.32.jpg,__Unknown__,True,RANCHEIRO__RANCHEIRO CREAM CRACKER RANCHEIRO,0.5839715003967285,0.81,0.09000000000000008,,,,['low_score'],45,,,,,,,,,promo,True,offer_keyword,red,397.13788537484055,45,1
IMG_7371.HEIC,113,0.2960716485977173,2104,2842,2268,3100,product_crops\product_0113_conf_0.30.jpg,__Unknown__,True,RANCHEIRO__RANCHEIRO ROSQUINHA RECHEADA DE BAUNILHA RANCHEIRO,0.41595737636089325,0.69,-0.030000000000000027,RANCHEIRO__RANCHEIRO ROSQUINHA RECHEADA DE MORANGO RANCHEIRO,0.41500499844551086,0.0009523779153823853,['low_score'],,,,,,,,,,,,,,,,0
IMG_7371.HEIC,114,0.2954036593437195,763,2588,1049,2639,product_crops\product_0114_conf_0.30.jpg,__Unknown__,True,RANCHEIRO__RANCHEIRO ROSQUINHA RECHEADA DE CHOCOLATE RANCHEIRO,0.5686323761940002,0.64,-0.07999999999999996,,,,['low_score'],30,"3,49",3.49,,,,,"3,49",3.49,regular,False,image_single_palette,yellow,199.22662974612606,30,1
IMG_7371.HEIC,115,0.2727571427822113,1704,468,1910,590,product_crops\product_0115_conf_0.27.jpg,__Unknown__,True,RANCHEIRO__RANCHEIRO ROSQUINHA RECHEADA DE MORANGO-CARAMELO RANCHEIRO,0.5140478014945984,0.68,-0.039999999999999925,RANCHEIRO__RANCHEIRO CREAM CRACKER RANCHEIRO,0.5080617964267731,0.005986005067825317,['low_score'],,,,,,,,,,,,,,,,0
IMG_7373.HEIC,0,0.9733654856681824,950,1054,1278,1472,product_crops\product_0000_conf_0.97.jpg,Mabel__Mabel Rosquinha Mabel Sabor Leite,False,Mabel__Mabel Rosquinha Mabel Sabor Leite,0.7367237210273743,0.72,0.0,,,,[],,,,,,,,,,,,,,,,0
IMG_7373.HEIC,1,0.9727615118026733,648,1967,900,2239,product_crops\product_0001_conf_0.97.jpg,Mabel__Mabel Amanteigado Mabel Sabor Leite,False,Mabel__Mabel Amanteigado Mabel Sabor Leite,0.8960511445999145,0.72,0.0,,,,[],13,"11,99",11.99,,,,,"11,99",11.99,regular,False,image_single_palette,yellow,203.13849955141444,13,1
IMG_7373.HEIC,2,0.9721459150314331,902,1963,1177,2239,product_crops\product_0002_conf_0.97.jpg,Mabel__Mabel Amanteigado Mabel Sabor Leite,False,Mabel__Mabel Amanteigado Mabel Sabor Leite,0.9047165632247924,0.72,0.0,,,,[],,,,,,,,,,,,,,,,0
IMG_7373.HEIC,3,0.9714099764823914,1282,1058,1617,1469,product_crops\product_0003_conf_0.97.jpg,Mabel__Mabel Rosquinha Mabel Sabor Leite,False,Mabel__Mabel Rosquinha Mabel Sabor Leite,0.7966277718544006,0.72,0.0,,,,[],,,,,,,,,,,,,,,,0
IMG_7373.HEIC,4,0.970975399017334,460,1971,650,2236,product_crops\product_0004_conf_0.97.jpg,__Unknown__,True,Adoralle__Adoralle Alimentos Rosquinhas Leite,0.5340266227722168,0.72,0.0,RANCHEIRO__RANCHEIRO BISCOITO QUEBRADOR RANC LIMAO,0.5296069979667664,0.0044196248054504395,['low_score'],,,,,,,,,,,,,,,,0
IMG_7373.HEIC,5,0.9699596762657166,234,1972,461,2226,product_crops\product_0005_conf_0.97.jpg,__Unknown__,True,Mabel__Mabel Laminado Doce Mabel Sabor Chocolate,0.5599768459796906,0.72,0.0,RANCHEIRO__RANCHEIRO WAFER RANCHEIRO CHOCOLATE,0.5510043501853943,0.008972495794296265,['low_score'],4,"11,99",11.99,,,,,"11,99",11.99,regular,False,image_single_palette,white,217.06277893733878,4,1
IMG_7373.HEIC,6,0.9687961339950562,1611,1085,1960,1459,product_crops\product_0006_conf_0.97.jpg,Mabel__Mabel Rosquinha Mabel Sabor Chocolate,False,Mabel__Mabel Rosquinha Mabel Sabor Chocolate,0.877275538444519,0.69,-0.030000000000000027,,,,[],5,"4,99",4.99,,,,,"4,99",4.99,regular,False,image_single_palette,yellow,273.6991961990389,5,1
IMG_7373.HEIC,7,0.9678947329521179,975,320,1433,923,product_crops\product_0007_conf_0.97.jpg,RANCHEIRO__RANCHEIRO ROSQUINHA RECHEADA DE CHOCOLATE RANCHEIRO,False,RANCHEIRO__RANCHEIRO ROSQUINHA RECHEADA DE CHOCOLATE RANCHEIRO,0.7371292829513549,0.64,-0.07999999999999996,,,,[],1,"13,99",13.99,,,,,"13,99",13.99,regular,False,image_single_palette,yellow,406.85439655975205,1,1
IMG_7373.HEIC,8,0.9672573208808899,1435,1958,1674,2231,product_crops\product_0008_conf_0.97.jpg,Mabel__Mabel Amanteigado Mabel Sabor Coco,False,Mabel__Mabel Amanteigado Mabel Sabor Coco,0.9330218195915222,0.72,0.0,,,,[],,,,,,,,,,,,,,,,0
IMG_7373.HEIC,9,0.9654454588890076,0,1973,234,2234,product_crops\product_0009_conf_0.97.jpg,__Unknown__,True,Mabel__Mabel Laminado Doce Mabel Sabor Chocolate,0.5697523355484009,0.72,0.0,Mabel__Mabel Rosquinha Mabel Sabor Chocolate,0.5490038394927979,0.020748496055603027,['low_score'],6,"9,99",9.99,,,,,"9,99",9.99,regular,False,image_single_palette,white,182.0686683644388,6,1
IMG_7373.HEIC,10,0.9615970253944397,1179,1961,1430,2232,product_crops\product_0010_conf_0.96.jpg,Mabel__Mabel Amanteigado Mabel Sabor Chocolate,False,Mabel__Mabel Amanteigado Mabel Sabor Chocolate,0.9034186244010926,0.75,0.030000000000000027,,,,[],14,"8,49",8.49,,,,,"8,49",8.49,regular,False,image_single_palette,yellow,210.76586535774715,14,1
IMG_7373.HEIC,11,0.9604145288467407,1425,267,1908,899,product_crops\product_0011_conf_0.96.jpg,RANCHEIRO__RANCHEIRO ROSQUINHA RECHEADA DE CHOCOLATE RANCHEIRO,False,RANCHEIRO__RANCHEIRO ROSQUINHA RECHEADA DE CHOCOLATE RANCHEIRO,0.8042008280754089,0.64,-0.07999999999999996,,,,[],,,,,,,,,,,,,,,,0
IMG_7373.HEIC,12,0.9585410952568054,1680,1957,1964,2234,product_crops\product_0012_conf_0.96.jpg,Mabel__Mabel Amanteigado Mabel Sabor Coco,False,Mabel__Mabel Amanteigado Mabel Sabor Coco,0.939137053489685,0.72,0.0,,,,[],,,,,,,,,,,,,,,,0
IMG_7373.HEIC,13,0.9582170844078064,534,381,977,937,product_crops\product_0013_conf_0.96.jpg,Mabel__Mabel Rosquinha Mabel Sabor Banana e Canela,False,Mabel__Mabel Rosquinha Mabel Sabor Banana e Canela,0.8156239837408066,0.72,0.0,Mabel__Mabel Rosquinha Mabel Sabor Leite,0.8066889643669128,0.008935019373893738,[],,,,,,,,,,,,,,,,0
IMG_7373.HEIC,14,0.9569567441940308,134,448,562,959,product_crops\product_0014_conf_0.96.jpg,__Unknown__,True,Mabel__Mabel Rosquinha Mabel Sabor Coco,0.7066486775875092,0.72,0.0,Adoralle__Adoralle Alimentos Rosquinhas Coco,0.6878559589385986,0.018792718648910522,['low_score'],,,,,,,,,,,,,,,,0
IMG_7373.HEIC,15,0.9566556215286255,2018,1077,2266,1458,product_crops\product_0015_conf_0.96.jpg,__Unknown__,True,RANCHEIRO__RANCHEIRO CREAM CRACKER RANCHEIRO,0.6066909670829773,0.81,0.09000000000000008,,,,['low_score'],19,"4,99",4.99,,,,,"4,99",4.99,regular,False,image_single_palette,white,247.84924853628263,19,1
IMG_7373.HEIC,16,0.9482095837593079,1700,1560,1992,1875,product_crops\product_0016_conf_0.95.jpg,__Unknown__,True,Adoralle__Adoralle Alimentos Laminados Doces Leite,0.5434340953826904,0.72,0.0,,,,['low_score'],18,"7,99",7.99,,,,,"7,99",7.99,regular,False,image_single_palette,yellow,205.0865670881445,18,1
IMG_7373.HEIC,17,0.9382069706916809,1894,389,2194,884,product_crops\product_0017_conf_0.94.jpg,__Unknown__,True,RANCHEIRO__RANCHEIRO CREAM CRACKER RANCHEIRO,0.5661570072174072,0.81,0.09000000000000008,,,,['low_score'],26,,,,,,,,,regular,False,image_single_palette,white,323.6355975476122,26,1
IMG_7373.HEIC,18,0.9376586079597473,889,2340,1188,2632,product_crops\product_0018_conf_0.94.jpg,RANCHEIRO__RANCHEIRO ROSQUINHA DE CHOCOLATE RANCHEIRO,False,RANCHEIRO__RANCHEIRO ROSQUINHA DE CHOCOLATE RANCHEIRO,0.6204783022403717,0.62,-0.09999999999999998,Mabel__Mabel Rosquinha Mabel Sabor Chocolate,0.6180994510650635,0.0023788511753082275,[],,,,,,,,,,,,,,,,0
IMG_7373.HEIC,19,0.9352412223815918,647,1207,958,1480,product_crops\product_0019_conf_0.94.jpg,__Unknown__,True,RANCHEIRO__RANCHEIRO ROSQUINHA DE CHOCOLATE RANCHEIRO,0.6008553504943848,0.62,-0.09999999999999998,RANCHEIRO__RANCHEIRO ROSQUINHA BANANA-CANELA RANCHEIRO,0.5858412782351176,0.015014072259267208,['low_score'],3,"6,99",6.99,,,,,"6,99",6.99,regular,False,image_single_palette,yellow,201.22437725086888,3,1
IMG_7373.HEIC,20,0.9300735592842102,328,1282,649,1491,product_crops\product_0020_conf_0.93.jpg,__Unknown__,True,RANCHEIRO__RANCHEIRO BISCOITO MARIA RANCHEIRO,0.5683446228504181,0.72,0.0,RANCHEIRO__RANCHEIRO ROSQUINHA DE CHOCOLATE RANCHEIRO,0.5538384318351746,0.01450619101524353,['low_score'],,,,,,,,,,,,,,,,0
IMG_7373.HEIC,21,0.9267456531524658,234,1588,526,1885,product_crops\product_0021_conf_0.93.jpg,RANCHEIRO__RANCHEIRO ROSQUINHA DE CHOCOLATE RANCHEIRO,False,RANCHEIRO__RANCHEIRO ROSQUINHA DE CHOCOLATE RANCHEIRO,0.6963865160942078,0.62,-0.09999999999999998,RANCHEIRO__RANCHEIRO ROSQUINHA BANANA-CANELA RANCHEIRO,0.5812042951583862,0.11518222093582153,[],,,,,,,,,,,,,,,,0
IMG_7373.HEIC,22,0.9256767630577087,1987,2048,2130,2430,product_crops\product_0022_conf_0.93.jpg,__Unknown__,True,Adoralle__Adoralle Alimentos Laminados Doces Coco,0.6011171738306681,0.72,0.0,RANCHEIRO__RANCHEIRO WAFER RANCHEIRO CHOCOLATE,0.5863431394100189,0.014774034420649174,['low_score'],,,,,,,,,,,,,,,,0
IMG_7373.HEIC,23,0.9246131181716919,2129,2049,2264,2434,product_crops\product_0023_conf_0.92.jpg,__Unknown__,True,RANCHEIRO__RANCHEIRO WAFER RANCHEIRO CHOCOLATE,0.5786454200744628,0.71,-0.010000000000000009,,,,['low_score'],,,,,,,,,,,,,,,,0
IMG_7373.HEIC,24,0.9227828979492188,1027,3600,1393,3758,product_crops\product_0024_conf_0.92.jpg,__Unknown__,True,Adoralle__Adoralle Alimentos Laminados Doces Maizena,0.5813840389251709,0.73,0.010000000000000009,,,,['low_score'],,,,,,,,,,,,,,,,0
IMG_7373.HEIC,25,0.9137165546417236,1521,2337,1918,2645,product_crops\product_0025_conf_0.91.jpg,__Unknown__,True,RANCHEIRO__RANCHEIRO BISCOITO MARIA RANCHEIRO,0.5923022031784058,0.72,0.0,,,,['low_score'],,,,,,,,,,,,,,,,0
IMG_7373.HEIC,26,0.9081792235374451,639,3321,1045,3441,product_crops\product_0026_conf_0.91.jpg,__Unknown__,True,RANCHEIRO__RANCHEIRO BISCOITO MARIA RANCHEIRO,0.6204802592595419,0.72,0.0,RANCHEIRO__RANCHEIRO BISCOITO MAIZENA RANCHEIRO,0.6128972172737122,0.007583041985829708,['low_score'],,,,,,,,,,,,,,,,0
IMG_7373.HEIC,27,0.9028245806694031,1,434,163,968,product_crops\product_0027_conf_0.90.jpg,__Unknown__,True,RANCHEIRO__RANCHEIRO ROSQUINHA DE CHOCOLATE RANCHEIRO,0.610889196395874,0.62,-0.09999999999999998,Mabel__Mabel Rosquinha Mabel Sabor Banana e Canela,0.5837998390197754,0.027089357376098633,['low_score'],,,,,,,,,,,,,,,,0
IMG_7373.HEIC,28,0.9006796479225159,523,1585,824,1882,product_crops\product_0028_conf_0.90.jpg,RANCHEIRO__RANCHEIRO ROSQUINHA DE CHOCOLATE RANCHEIRO,False,RANCHEIRO__RANCHEIRO ROSQUINHA DE CHOCOLATE RANCHEIRO,0.7598349094390869,0.62,-0.09999999999999998,,,,[],9,"4,49",4.49,,,,,"4,49",4.49,regular,False,image_single_palette,yellow,264.8744985837632,9,1
IMG_7373.HEIC,29,0.8853278756141663,2016,1609,2262,1967,product_crops\product_0029_conf_0.89.jpg,__Unknown__,True,Mabel__Mabel Cracker Agua e Sal,0.4389849156141281,0.72,0.0,RANCHEIRO__RANCHEIRO BISCOITO MAIZENA RANCHEIRO,0.42392295598983765,0.015061959624290466,['low_score'],,,,,,,,,,,,,,,,0
IMG_7373.HEIC,30,0.8705379366874695,1421,2889,1894,3081,product_crops\product_0030_conf_0.87.jpg,__Unknown__,True,Mabel__Mabel Laminado Doce Mabel Sabor Leite,0.6738309264183044,0.72,0.0,RANCHEIRO__RANCHEIRO BISCOITO MAIZENA RANCHEIRO,0.6356295347213745,0.03820139169692993,['low_score'],,,,,,,,,,,,,,,,0
IMG_7373.HEIC,31,0.869907557964325,0,3203,311,3380,product_crops\product_0031_conf_0.87.jpg,__Unknown__,True,RANCHEIRO__RANCHEIRO BISCOITO MAIZENA RANCHEIRO,0.6293124914169311,0.76,0.040000000000000036,,,,['low_score'],,,,,,,,,,,,,,,,0
IMG_7373.HEIC,32,0.8659528493881226,602,2866,995,3058,product_crops\product_0032_conf_0.87.jpg,__Unknown__,True,Mabel__Mabel Laminado Doce Mabel Sabor Leite,0.5913744866847992,0.72,0.0,RANCHEIRO__RANCHEIRO CREAM CRACKER RANCHEIRO,0.571266790231069,0.02010769645373023,['low_score'],,,,,,,,,,,,,,,,0
IMG_7373.HEIC,33,0.8598569631576538,0,2719,200,3003,product_crops\product_0033_conf_0.86.jpg,__Unknown__,True,RANCHEIRO__RANCHEIRO BISCOITO MAIZENA RANCHEIRO,0.48137880116701126,0.76,0.040000000000000036,RANCHEIRO__RANCHEIRO CREAM CRACKER RANCHEIRO,0.446524441242218,0.03485435992479324,['low_score'],,,,,,,,,,,,,,,,0
IMG_7373.HEIC,34,0.8421642780303955,589,2339,885,2617,product_crops\product_0034_conf_0.84.jpg,__Unknown__,True,RANCHEIRO__RANCHEIRO BISCOITO MARIA RANCHEIRO,0.6308970093727112,0.72,0.0,,,,['low_score'],7,"12,54",12.54,"9,99",9.99,,,"12,54 / 9,99",12.54 / 9.99,regular,False,image_single_palette,yellow,230.9312668306308,7,1
IMG_7373.HEIC,35,0.8405383229255676,1169,1590,1531,1875,product_crops\product_0035_conf_0.84.jpg,__Unknown__,True,RANCHEIRO__RANCHEIRO ROSQUINHA DE COCO RANCHEIRO,0.664433479309082,0.72,0.0,RANCHEIRO__RANCHEIRO ROSQUINHA BANANA-CANELA RANCHEIRO,0.6497815549373627,0.01465192437171936,['low_score'],12,"7,99",7.99,,,,,"7,99",7.99,regular,False,image_single_palette,yellow,259.28218218766983,12,1
IMG_7373.HEIC,36,0.8319047689437866,649,3544,1019,3755,product_crops\product_0036_conf_0.83.jpg,__Unknown__,True,RANCHEIRO__RANCHEIRO ROSQUINHA DE CHOCOLATE RANCHEIRO,0.45036208629608154,0.62,-0.09999999999999998,RANCHEIRO__RANCHEIRO BISCOITO MAIZENA RANCHEIRO,0.44865601509809494,0.0017060711979866028,['low_score'],22,,,,,,,,,regular,False,image_single_palette,white,180.336491038281,22,1
IMG_7373.HEIC,37,0.8249093294143677,1194,2336,1504,2636,product_crops\product_0037_conf_0.82.jpg,__Unknown__,True,RANCHEIRO__RANCHEIRO BISCOITO MARIA RANCHEIRO,0.6242523193359375,0.72,0.0,RANCHEIRO__RANCHEIRO BISCOITO MAIZENA RANCHEIRO,0.6240708231925964,0.00018149614334106445,['low_score'],,,,,,,,,,,,,,,,0
IMG_7373.HEIC,38,0.8208479285240173,305,2336,583,2614,product_crops\product_0038_conf_0.82.jpg,__Unknown__,True,RANCHEIRO__RANCHEIRO BISCOITO MARIA RANCHEIRO,0.6002902785936991,0.72,0.0,RANCHEIRO__RANCHEIRO ROSQUINHA DE CHOCOLATE RANCHEIRO,0.600142240524292,0.00014803806940710817,['low_score'],,,,,,,,,,,,,,,,0
IMG_7373.HEIC,39,0.7801571488380432,1004,2891,1407,3069,product_crops\product_0039_conf_0.78.jpg,__Unknown__,True,Mabel__Mabel Laminado Doce Mabel Sabor Leite,0.613332211971283,0.72,0.0,RANCHEIRO__RANCHEIRO CREAM CRACKER RANCHEIRO,0.5668102105458578,0.046522001425425175,['low_score'],11,"7,99",7.99,,,,,"7,99",7.99,regular,False,image_single_palette,yellow,140.42257653240807,11,1
IMG_7373.HEIC,40,0.7799081802368164,222,2768,591,3009,product_crops\product_0040_conf_0.78.jpg,__Unknown__,True,RANCHEIRO__RANCHEIRO BISCOITO MAIZENA RANCHEIRO,0.7428305745124817,0.76,0.040000000000000036,,,,['low_score'],8,"9,99",9.99,,,,,"9,99",9.99,regular,False,image_single_palette,white,198.77688497408343,8,1
IMG_7373.HEIC,41,0.7749794125556946,1820,3604,2137,3817,product_crops\product_0041_conf_0.77.jpg,__Unknown__,True,RANCHEIRO__RANCHEIRO BISCOITO MARIA RANCHEIRO,0.5117413997650146,0.72,0.0,RANCHEIRO__RANCHEIRO COOKIES CHOCOLATE RANCHEIRO,0.49652233719825745,0.015219062566757202,['low_score'],,,,,,,,,,,,,,,,0
IMG_7373.HEIC,42,0.7638121843338013,8,2385,299,2616,product_crops\product_0042_conf_0.76.jpg,RANCHEIRO__RANCHEIRO BISCOITO MARIA RANCHEIRO,False,RANCHEIRO__RANCHEIRO BISCOITO MARIA RANCHEIRO,0.8081882476806641,0.72,0.0,,,,[],,,,,,,,,,,,,,,,0
IMG_7373.HEIC,43,0.7394067049026489,1936,2507,2267,2832,product_crops\product_0043_conf_0.74.jpg,__Unknown__,True,RANCHEIRO__RANCHEIRO BISCOITO MARIA RANCHEIRO,0.5980936765670777,0.72,0.0,,,,['low_score'],,,,,,,,,,,,,,,,0
IMG_7373.HEIC,44,0.7346583604812622,642,3146,1046,3313,product_crops\product_0044_conf_0.73.jpg,__Unknown__,True,RANCHEIRO__RANCHEIRO BISCOITO MAIZENA RANCHEIRO,0.7595509767532349,0.76,0.040000000000000036,,,,['low_score'],,,,,,,,,,,,,,,,0
IMG_7373.HEIC,45,0.7193244099617004,1560,1619,1705,1872,product_crops\product_0045_conf_0.72.jpg,__Unknown__,True,RANCHEIRO__RANCHEIRO ROSQUINHA RECHEADA DE BAUNILHA RANCHEIRO,0.5521038770675659,0.69,-0.030000000000000027,RANCHEIRO__RANCHEIRO ROSQUINHA RECHEADA DE MORANGO RANCHEIRO,0.5476178328196207,0.004486044247945187,['low_score'],,,,,,,,,,,,,,,,0
IMG_7373.HEIC,46,0.6413949131965637,363,3120,634,3285,product_crops\product_0046_conf_0.64.jpg,__Unknown__,True,Mabel__Mabel Cracker Agua e Sal,0.4862392246723175,0.72,0.0,Mabel__Mabel Rosquinha Mabel Sabor Chocolate,0.482144296169281,0.004094928503036499,['low_score'],,,,,,,,,,,,,,,,0
IMG_7373.HEIC,47,0.5631414651870728,1439,3320,1826,3447,product_crops\product_0047_conf_0.56.jpg,Mabel__Mabel Laminado Doce Mabel Sabor Chocolate,False,Mabel__Mabel Laminado Doce Mabel Sabor Chocolate,0.8605627417564392,0.72,0.0,Mabel__Mabel Amanteigado Mabel Sabor Leite,0.8530004024505615,0.0075623393058776855,[],,,,,,,,,,,,,,,,0
IMG_7373.HEIC,48,0.5141188502311707,0,1289,331,1497,product_crops\product_0048_conf_0.51.jpg,__Unknown__,True,RANCHEIRO__RANCHEIRO ROSQUINHA DE COCO RANCHEIRO,0.5967485904693604,0.72,0.0,RANCHEIRO__RANCHEIRO BISCOITO MARIA RANCHEIRO,0.5941020250320435,0.0026465654373168945,['low_score'],21,,,,,,,,,regular,False,image_single_palette,white,212.94658954770796,21,1
IMG_7373.HEIC,49,0.5035317540168762,1904,2922,2262,3173,product_crops\product_0049_conf_0.50.jpg,__Unknown__,True,RANCHEIRO__RANCHEIRO WAFER RANCHEIRO MORANGO,0.6197100520133972,0.72,0.0,,,,['low_score'],,,,,,,,,,,,,,,,0
IMG_7373.HEIC,50,0.49234867095947266,1058,3224,1429,3434,product_crops\product_0050_conf_0.49.jpg,Mabel__Mabel Cracker Agua e Sal,False,Mabel__Mabel Cracker Agua e Sal,0.8190917074680328,0.72,0.0,Mabel__Mabel Laminado Doce Mabel Maisena,0.8148261706034342,0.004265536864598629,[],15,"7,99",7.99,,,,,"7,99",7.99,regular,False,image_single_palette,white,182.61708572858126,15,1
IMG_7373.HEIC,51,0.4299900233745575,791,1707,1135,1884,product_crops\product_0051_conf_0.43.jpg,__Unknown__,True,RANCHEIRO__RANCHEIRO ROSQUINHA DE CHOCOLATE RANCHEIRO,0.6159449815750122,0.62,-0.09999999999999998,RANCHEIRO__RANCHEIRO BISCOITO MARIA RANCHEIRO,0.5947767496109009,0.021168231964111328,['low_score'],,,,,,,,,,,,,,,,0
IMG_7373.HEIC,52,0.4064856171607971,1405,3566,1820,3763,product_crops\product_0052_conf_0.41.jpg,__Unknown__,True,RANCHEIRO__RANCHEIRO BISCOITO MAIZENA RANCHEIRO,0.5061810195446015,0.76,0.040000000000000036,,,,['low_score'],,,,,,,,,,,,,,,,0
IMG_7373.HEIC,53,0.3976176381111145,147,3533,639,3762,product_crops\product_0053_conf_0.40.jpg,__Unknown__,True,RANCHEIRO__RANCHEIRO ROSQUINHA DE CHOCOLATE RANCHEIRO,0.4661170542240143,0.62,-0.09999999999999998,RANCHEIRO__RANCHEIRO BISCOITO MAIZENA RANCHEIRO,0.44262221455574036,0.023494839668273926,['low_score'],,,,,,,,,,,,,,,,0
IMG_7373.HEIC,54,0.35804590582847595,6,1605,244,1888,product_crops\product_0054_conf_0.36.jpg,__Unknown__,True,RANCHEIRO__RANCHEIRO ROSQUINHA DE CHOCOLATE RANCHEIRO,0.5573679804801941,0.62,-0.09999999999999998,RANCHEIRO__RANCHEIRO ROSQUINHA BANANA-CANELA RANCHEIRO,0.5144366025924683,0.04293137788772583,['low_score'],0,"4,49",4.49,,,,,"4,49",4.49,regular,False,image_single_palette,white,187.8223895066826,0,1
IMG_7373.HEIC,55,0.31678688526153564,0,1160,328,1293,product_crops\product_0055_conf_0.32.jpg,__Unknown__,True,RANCHEIRO__RANCHEIRO BISCOITO MARIA RANCHEIRO,0.37072528153657913,0.72,0.0,RANCHEIRO__RANCHEIRO ROSQUINHA DE COCO RANCHEIRO,0.34427714347839355,0.026448138058185577,['low_score'],,,,,,,,,,,,,,,,0
IMG_7373.HEIC,56,0.3078599274158478,1872,3244,2195,3465,product_crops\product_0056_conf_0.31.jpg,__Unknown__,True,RANCHEIRO__RANCHEIRO ROSQUINHA DE CHOCOLATE RANCHEIRO,0.4520227313041687,0.62,-0.09999999999999998,RANCHEIRO__RANCHEIRO WAFER RANCHEIRO MORANGO,0.4228542447090149,0.02916848659515381,['low_score'],16,"4,55",4.55,,,,,"4,55",4.55,regular,False,image_single_palette,white,161.60754932861275,16,1
IMG_7373.HEIC,57,0.25635647773742676,1435,2795,1892,2886,product_crops\product_0057_conf_0.26.jpg,__Unknown__,True,Mabel__Mabel Laminado Doce Mabel Sabor Leite,0.6680793166160583,0.72,0.0,RANCHEIRO__RANCHEIRO BISCOITO MAIZENA RANCHEIRO,0.6663528829813004,0.0017264336347579956,['low_score'],,,,,,,,,,,,,,,,0
IMG_7374.HEIC,0,0.9568933844566345,649,2997,998,3343,product_crops\product_0000_conf_0.96.jpg,__Unknown__,True,Mabel__Mabel Cookie Mabel Chocolate com gotas de chocolate,0.5000997930765152,0.72,0.0,Mabel__Mabel Amanteigado Mabel Sabor Chocolate,0.49340125918388367,0.006698533892631531,['low_score'],22,,,,,,,,,regular,False,image_single_palette,white,242.68704126920332,22,1
IMG_7374.HEIC,1,0.9517311453819275,659,2609,989,2926,product_crops\product_0001_conf_0.95.jpg,__Unknown__,True,Adoralle__Adoralle Alimentos Laminados Doces Coco,0.49205929040908813,0.72,0.0,Mabel__Mabel Cookie Mabel Chocolate com gotas de chocolate,0.4871651828289032,0.0048941075801849365,['low_score'],23,"3,45",3.45,,,,,"3,45",3.45,regular,False,image_single_palette,white,203.1901818494191,23,1
IMG_7374.HEIC,2,0.9491847157478333,996,2615,1347,2931,product_crops\product_0002_conf_0.95.jpg,__Unknown__,True,RANCHEIRO__RANCHEIRO ROSQUINHA RECHEADA DE MORANGO-CARAMELO RANCHEIRO,0.5725434571504593,0.68,-0.039999999999999925,RANCHEIRO__RANCHEIRO COOKIES RANCHEIRO,0.570408821105957,0.0021346360445022583,['low_score'],9,"3,59",3.59,"3,75",3.75,,,"3,59 / 3,75",3.59 / 3.75,regular,False,image_single_palette,white,197.101496696499,9,1
IMG_7374.HEIC,3,0.9472656846046448,1344,3007,1689,3345,product_crops\product_0003_conf_0.95.jpg,__Unknown__,True,RANCHEIRO__RANCHEIRO ROSQUINHA RECHEADA DE MORANGO-CARAMELO RANCHEIRO,0.5092468857765198,0.68,-0.039999999999999925,RANCHEIRO__RANCHEIRO COOKIES CHOCOLATE RANCHEIRO,0.5089066624641418,0.0003402233123779297,['low_score'],15,,,,,,,,,regular,False,image_single_palette,white,212.0949080011116,15,1
IMG_7374.HEIC,4,0.9436726570129395,1406,2230,1755,2540,product_crops\product_0004_conf_0.94.jpg,__Unknown__,True,RANCHEIRO__RANCHEIRO ROSQUINHA RECHEADA DE MORANGO-CARAMELO RANCHEIRO,0.6456633806228638,0.68,-0.039999999999999925,RANCHEIRO__RANCHEIRO ROSQ RECHEADA RANCHEIRO CHOC-COCO,0.6375133693218231,0.00815001130104065,['low_score'],,,,,,,,,,,,,,,,0
IMG_7374.HEIC,5,0.9397172927856445,1703,2618,2065,2935,product_crops\product_0005_conf_0.94.jpg,__Unknown__,True,RANCHEIRO__RANCHEIRO COOKIES RANCHEIRO,0.5663075149059296,0.68,-0.039999999999999925,RANCHEIRO__RANCHEIRO COOKIES CHOCOLATE RANCHEIRO,0.5619732141494751,0.004334300756454468,['low_score'],24,"3,75",3.75,,,,,"3,75",3.75,regular,False,image_single_palette,white,197.09198360156608,24,1
IMG_7374.HEIC,6,0.9334302544593811,1354,2618,1695,2928,product_crops\product_0006_conf_0.93.jpg,__Unknown__,True,RANCHEIRO__RANCHEIRO ROSQ RECHEADA RANCHEIRO CHOC-COCO,0.6415854692459106,0.71,-0.010000000000000009,RANCHEIRO__RANCHEIRO COOKIES RANCHEIRO,0.6279779076576233,0.013607561588287354,['low_score'],5,"3,59",3.59,"3,75",3.75,,,"3,59 / 3,75",3.59 / 3.75,regular,False,image_single_palette,white,195.53835940807113,5,1
IMG_7374.HEIC,7,0.9333482980728149,1006,3008,1339,3345,product_crops\product_0007_conf_0.93.jpg,__Unknown__,True,RANCHEIRO__RANCHEIRO COOKIES CHOCOLATE RANCHEIRO,0.5323125571012497,0.72,0.0,Mabel__Mabel Cookie Mabel Chocolate com gotas de chocolate,0.5211129188537598,0.01119963824748993,['low_score'],13,,,,,,,,,regular,False,image_single_palette,white,201.87248450445148,13,1
IMG_7374.HEIC,8,0.9301485419273376,1038,2210,1402,2536,product_crops\product_0008_conf_0.93.jpg,__Unknown__,True,RANCHEIRO__RANCHEIRO COOKIES CHOCOLATE RANCHEIRO,0.575005312760671,0.72,0.0,RANCHEIRO__RANCHEIRO COOKIES RANCHEIRO,0.5731878876686096,0.0018174250920613977,['low_score'],18,"6,98",6.98,,,,,"6,98",6.98,regular,False,image_single_palette,white,214.90114006212252,18,1
IMG_7374.HEIC,9,0.904819905757904,1698,3015,2046,3345,product_crops\product_0009_conf_0.90.jpg,__Unknown__,True,RANCHEIRO__RANCHEIRO ROSQUINHA RECHEADA DE MORANGO RANCHEIRO,0.49124197165171307,0.72,0.0,RANCHEIRO__RANCHEIRO COOKIES CHOCOLATE RANCHEIRO,0.4823630750179291,0.008878896633783995,['low_score'],34,,,,,,,,,regular,False,image_single_palette,white,207.5728787679161,34,1
IMG_7374.HEIC,10,0.8994470834732056,1337,3398,1688,3933,product_crops\product_0010_conf_0.90.jpg,__Unknown__,True,RANCHEIRO__RANCHEIRO ROSQUINHA RECHEADA DE MORANGO RANCHEIRO,0.4741802752017975,0.72,0.0,,,,['low_score'],29,,,,,,,,,regular,False,image_single_palette,white,346.6042411742822,29,1
IMG_7374.HEIC,11,0.8897874355316162,306,2615,651,2916,product_crops\product_0011_conf_0.89.jpg,__Unknown__,True,Mabel__Mabel Cookie Mabel Original com gotas de chocolate,0.5603264570236206,0.72,0.0,RANCHEIRO__RANCHEIRO COOKIES CHOCOLATE RANCHEIRO,0.5566056668758392,0.003720790147781372,['low_score'],21,"3,90",3.9,,,,,"3,90",3.90,regular,False,image_single_palette,white,197.56644451930595,21,1
IMG_7374.HEIC,12,0.8858941793441772,992,3399,1333,3926,product_crops\product_0012_conf_0.89.jpg,__Unknown__,True,RANCHEIRO__RANCHEIRO ROSQUINHA DE CHOCOLATE RANCHEIRO,0.4606959819793701,0.62,-0.09999999999999998,RANCHEIRO__RANCHEIRO WAFER RANCHEIRO MORANGO,0.45598161220550537,0.004714369773864746,['low_score'],26,"3,45",3.45,,,,,"3,45",3.45,regular,False,image_single_palette,white,346.09247319177575,26,1
IMG_7374.HEIC,13,0.885886013507843,955,1919,1412,2025,product_crops\product_0013_conf_0.89.jpg,__Unknown__,True,RANCHEIRO__RANCHEIRO COOKIES RANCHEIRO,0.6584638357162476,0.68,-0.039999999999999925,RANCHEIRO__RANCHEIRO COOKIES CHOCOLATE RANCHEIRO,0.6368539730707804,0.02160986264546716,['low_score'],,,,,,,,,,,,,,,,0
IMG_7374.HEIC,14,0.875645101070404,648,2238,1030,2539,product_crops\product_0014_conf_0.88.jpg,__Unknown__,True,RANCHEIRO__RANCHEIRO CREAM CRACKER RANCHEIRO,0.4987732172012329,0.81,0.09000000000000008,RANCHEIRO__RANCHEIRO ROSQUINHA RECHEADA DE MORANGO-CARAMELO RANCHEIRO,0.493153194586436,0.005620022614796938,['low_score'],14,"7,39",7.39,"7,69",7.69,,,"7,39 / 7,69",7.39 / 7.69,regular,False,image_single_palette,white,187.64128010648403,14,1
IMG_7374.HEIC,15,0.8739939332008362,1549,1356,1903,1682,product_crops\product_0015_conf_0.87.jpg,__Unknown__,True,RANCHEIRO__RANCHEIRO ROSQ RECHEADA RANCHEIRO CHOC-COCO,0.6145061453183492,0.71,-0.010000000000000009,RANCHEIRO__RANCHEIRO COOKIES CHOCOLATE RANCHEIRO,0.6051172018051147,0.009388943513234493,['low_score'],,,,,,,,,,,,,,,,0
IMG_7374.HEIC,16,0.8712161779403687,1435,1771,1764,1954,product_crops\product_0016_conf_0.87.jpg,__Unknown__,True,Mabel__Mabel Laminado Doce Mabel Sabor Chocolate,0.46641629934310913,0.72,0.0,Mabel__Mabel Recheado Mabel Sabor Chocolate,0.43057534098625183,0.0358409583568573,['low_score'],,,,,,,,,,,,,,,,0
IMG_7374.HEIC,17,0.8666989803314209,1686,3397,2056,3935,product_crops\product_0017_conf_0.87.jpg,__Unknown__,True,RANCHEIRO__RANCHEIRO COOKIES CHOCOLATE RANCHEIRO,0.4943600296974182,0.72,0.0,RANCHEIRO__RANCHEIRO COOKIES RANCHEIRO,0.478629507124424,0.015730522572994232,['low_score'],31,,,,,,,,,regular,False,image_single_palette,white,355.27594908746636,31,1
IMG_7374.HEIC,18,0.8604392409324646,70,784,226,925,product_crops\product_0018_conf_0.86.jpg,__Unknown__,True,RANCHEIRO__RANCHEIRO WAFER RANCHEIRO LIMAO,0.5889878273010254,0.72,0.0,RANCHEIRO__RANCHEIRO BISCOITO MARIA RANCHEIRO,0.5737806558609009,0.015207171440124512,['low_score'],,,,,,,,,,,,,,,,0
IMG_7374.HEIC,19,0.8560852408409119,1932,965,2196,1073,product_crops\product_0019_conf_0.86.jpg,RANCHEIRO__RANCHEIRO COOKIES RANCHEIRO,False,RANCHEIRO__RANCHEIRO COOKIES RANCHEIRO,0.8532009124755859,0.68,-0.039999999999999925,,,,[],,,,,,,,,,,,,,,,0
IMG_7374.HEIC,20,0.8426640629768372,1897,1576,2205,1678,product_crops\product_0020_conf_0.84.jpg,__Unknown__,True,RANCHEIRO__RANCHEIRO BISCOITO MAIZENA RANCHEIRO,0.4720042943954468,0.76,0.040000000000000036,RANCHEIRO__RANCHEIRO WAFER RANCHEIRO BAUNILHA,0.4525563716888428,0.019447922706604004,['low_score'],3,"2,65",2.65,"2,75",2.75,,,"2,65 / 2,75",2.65 / 2.75,regular,False,image_single_palette,white,112.80514172678478,3,1
IMG_7374.HEIC,21,0.8271673917770386,1485,870,1833,1192,product_crops\product_0021_conf_0.83.jpg,__Unknown__,True,RANCHEIRO__RANCHEIRO COOKIES RANCHEIRO,0.649778405825297,0.68,-0.039999999999999925,Mabel__Mabel Cookie Mabel Original com gotas de chocolate,0.6387223303318024,0.011056075493494633,['low_score'],8,"2,35",2.35,,,,,"2,35",2.35,regular,False,image_single_palette,white,204.1984329028996,8,1
IMG_7374.HEIC,22,0.8227192163467407,947,1797,1413,1911,product_crops\product_0022_conf_0.82.jpg,__Unknown__,True,RANCHEIRO__RANCHEIRO COOKIES RANCHEIRO,0.6157329479853312,0.68,-0.039999999999999925,RANCHEIRO__RANCHEIRO COOKIES CHOCOLATE RANCHEIRO,0.6026924848556519,0.013040463129679325,['low_score'],,,,,,,,,,,,,,,,0
IMG_7374.HEIC,23,0.8200187087059021,951,2028,1425,2131,product_crops\product_0023_conf_0.82.jpg,__Unknown__,True,Adoralle__Adoralle Alimentos Laminados Doces Coco,0.6162121444940567,0.72,0.0,Adoralle__Adoralle Alimentos Laminados Doces Maizena,0.6096166372299194,0.006595507264137268,['low_score'],,,,,,,,,,,,,,,,0
IMG_7374.HEIC,24,0.8158731460571289,304,2987,646,3334,product_crops\product_0024_conf_0.82.jpg,__Unknown__,True,Mabel__Mabel Cookie Mabel Chocolate com gotas de chocolate,0.5103350281715393,0.72,0.0,Mabel__Mabel Cookie Mabel Original com gotas de chocolate,0.5059219598770142,0.0044130682945251465,['low_score'],,,,,,,,,,,,,,,,0
IMG_7374.HEIC,25,0.8130854964256287,146,1789,407,1939,product_crops\product_0025_conf_0.81.jpg,__Unknown__,True,RANCHEIRO__RANCHEIRO WAFER RANCHEIRO CHOCOLATE,0.48899030685424805,0.71,-0.010000000000000009,RANCHEIRO__RANCHEIRO WAFER RANCHEIRO LIMAO,0.44536377489566803,0.04362653195858002,['low_score'],,,,,,,,,,,,,,,,0
IMG_7374.HEIC,26,0.8059629797935486,277,3399,626,3916,product_crops\product_0026_conf_0.81.jpg,__Unknown__,True,RANCHEIRO__RANCHEIRO COOKIES CHOCOLATE RANCHEIRO,0.5114385684331259,0.72,0.0,Mabel__Mabel Cookie Mabel Chocolate com gotas de chocolate,0.4986538887023926,0.012784679730733273,['low_score'],,,,,,,,,,,,,,,,0
IMG_7374.HEIC,27,0.7865833044052124,828,0,1308,201,product_crops\product_0027_conf_0.79.jpg,__Unknown__,True,RANCHEIRO__RANCHEIRO ROSQ RECHEADA RANCHEIRO CHOC-COCO,0.4100668430328369,0.71,-0.010000000000000009,Adoralle__Adoralle Alimentos Laminados Doces Leite,0.38822540640830994,0.021841436624526978,['low_score'],,,,,,,,,,,,,,,,0
IMG_7374.HEIC,28,0.7810043096542358,540,1804,908,1891,product_crops\product_0028_conf_0.78.jpg,__Unknown__,True,RANCHEIRO__RANCHEIRO COOKIES RANCHEIRO,0.6347275972366333,0.68,-0.039999999999999925,RANCHEIRO__RANCHEIRO COOKIES CHOCOLATE RANCHEIRO,0.6199461817741394,0.014781415462493896,['low_score'],,,,,,,,,,,,,,,,0
IMG_7374.HEIC,29,0.7484578490257263,1134,870,1479,1195,product_crops\product_0029_conf_0.75.jpg,__Unknown__,True,RANCHEIRO__RANCHEIRO COOKIES CHOCOLATE RANCHEIRO,0.6440600901842117,0.72,0.0,RANCHEIRO__RANCHEIRO COOKIES RANCHEIRO,0.6346777677536011,0.009382322430610657,['low_score'],1,"5,59",5.59,"5,09",5.09,,,"5,59 / 5,09",5.59 / 5.09,regular,False,image_single_palette,white,202.69743461622795,1,1
IMG_7374.HEIC,30,0.745544970035553,0,2608,157,2855,product_crops\product_0030_conf_0.75.jpg,__Unknown__,True,RANCHEIRO__RANCHEIRO ROSQUINHA DE COCO RANCHEIRO,0.5764912068843842,0.72,0.0,RANCHEIRO__RANCHEIRO ROSQUINHA DE CHOCOLATE RANCHEIRO,0.5619538426399231,0.01453736424446106,['low_score'],19,"17,15",17.15,"12,00",12.0,,,"17,15 / 12,00",17.15 / 12.00,regular,False,image_single_palette,white,217.20612330226788,19,1
IMG_7374.HEIC,31,0.7249594330787659,1915,1073,2203,1186,product_crops\product_0031_conf_0.72.jpg,RANCHEIRO__RANCHEIRO COOKIES RANCHEIRO,False,RANCHEIRO__RANCHEIRO COOKIES RANCHEIRO,0.6991544365882874,0.68,-0.039999999999999925,RANCHEIRO__RANCHEIRO COOKIES CHOCOLATE RANCHEIRO,0.6854757070541382,0.01367872953414917,[],17,"2,25",2.25,"2,35",2.35,,,"2,25 / 2,35",2.25 / 2.35,regular,False,image_single_palette,white,111.80898890518597,17,1
IMG_7374.HEIC,32,0.7136738896369934,1171,1352,1524,1681,product_crops\product_0032_conf_0.71.jpg,__Unknown__,True,RANCHEIRO__RANCHEIRO COOKIES CHOCOLATE RANCHEIRO,0.6437952995300293,0.72,0.0,,,,['low_score'],12,"3,49",3.49,"3,65",3.65,,,"3,49 / 3,65",3.49 / 3.65,regular,False,image_single_palette,white,258.4709848319536,12,1
IMG_7374.HEIC,33,0.7016813158988953,622,3397,991,3923,product_crops\product_0033_conf_0.70.jpg,__Unknown__,True,RANCHEIRO__RANCHEIRO BISCOITO MARIA RANCHEIRO,0.5125978787740072,0.72,0.0,RANCHEIRO__RANCHEIRO COOKIES CHOCOLATE RANCHEIRO,0.5058744549751282,0.006723423798879025,['low_score'],25,"3,45",3.45,,,,,"3,45",3.45,regular,False,image_single_palette,white,358.45676168821257,25,1
IMG_7374.HEIC,34,0.6922745704650879,1759,2225,2108,2559,product_crops\product_0034_conf_0.69.jpg,__Unknown__,True,RANCHEIRO__RANCHEIRO ROSQ RECHEADA RANCHEIRO CHOC-COCO,0.6542437076568604,0.71,-0.010000000000000009,RANCHEIRO__RANCHEIRO ROSQUINHA RECHEADA DE MORANGO-CARAMELO RANCHEIRO,0.6242393851280212,0.03000432252883911,['low_score'],,,,,,,,,,,,,,,,0
IMG_7374.HEIC,35,0.6901214122772217,1307,0,1787,205,product_crops\product_0035_conf_0.69.jpg,__Unknown__,True,RANCHEIRO__RANCHEIRO BISCOITO MAIZENA RANCHEIRO,0.3975958526134491,0.76,0.040000000000000036,RANCHEIRO__RANCHEIRO BISCOITO MARIA RANCHEIRO,0.392983615398407,0.004612237215042114,['low_score'],27,,,,,,,,,regular,False,image_single_palette,white,497.5100501497432,27,1
IMG_7374.HEIC,36,0.6267828345298767,1,1551,281,1681,product_crops\product_0036_conf_0.63.jpg,__Unknown__,True,RANCHEIRO__RANCHEIRO BISCOITO MARIA RANCHEIRO,0.4156365990638733,0.72,0.0,RANCHEIRO__RANCHEIRO ROSQ RECHEADA RANCHEIRO CHOC-COCO,0.40749770402908325,0.008138895034790039,['low_score'],30,,,,,,,,,regular,False,image_single_palette,white,145.09651959988565,30,1
IMG_7374.HEIC,37,0.6041903495788574,307,913,696,1202,product_crops\product_0037_conf_0.60.jpg,__Unknown__,True,RANCHEIRO__RANCHEIRO BISCOITO MARIA RANCHEIRO,0.5442405939102173,0.72,0.0,RANCHEIRO__RANCHEIRO ROSQUINHA RECHEADA DE MORANGO-CARAMELO RANCHEIRO,0.5345638990402222,0.009676694869995117,['low_score'],2,"4,99",4.99,"5,29",5.29,,,"4,99 / 5,29",4.99 / 5.29,regular,False,image_single_palette,white,205.388047364008,2,1
IMG_7374.HEIC,38,0.5820145606994629,3,3374,258,3906,product_crops\product_0038_conf_0.58.jpg,__Unknown__,True,Mabel__Mabel Recheado Mabel Sabor Chocolate,0.60555499792099,0.72,0.0,Adoralle__Adoralle Alimentos Laminados Doces Coco,0.6035194794336954,0.002035518487294552,['low_score'],,,,,,,,,,,,,,,,0
IMG_7374.HEIC,39,0.5753292441368103,378,1409,719,1488,product_crops\product_0039_conf_0.58.jpg,__Unknown__,True,RANCHEIRO__RANCHEIRO ROSQUINHA RECHEADA DE MORANGO-CARAMELO RANCHEIRO,0.5615223050117493,0.68,-0.039999999999999925,RANCHEIRO__RANCHEIRO ROSQUINHA RECHEADA DE CHOCOLATE RANCHEIRO,0.541641096274058,0.01988120873769128,['low_score'],,,,,,,,,,,,,,,,0
IMG_7374.HEIC,40,0.5705053210258484,734,976,1119,1082,product_crops\product_0040_conf_0.57.jpg,__Unknown__,True,Adoralle__Adoralle Alimentos Laminados Doces Coco,0.513070285320282,0.72,0.0,Adoralle__Adoralle Alimentos Laminados Doces Leite,0.5002905279397964,0.012779757380485535,['low_score'],,,,,,,,,,,,,,,,0
IMG_7374.HEIC,41,0.5650680065155029,1776,2044,2085,2134,product_crops\product_0041_conf_0.57.jpg,__Unknown__,True,RANCHEIRO__RANCHEIRO ROSQUINHA RECHEADA DE MORANGO RANCHEIRO,0.4867608666419983,0.72,0.0,,,,['low_score'],7,"3,35",3.35,"3,49",3.49,,,"3,35 / 3,49",3.35 / 3.49,regular,False,image_single_palette,white,82.52575355608697,7,1
IMG_7374.HEIC,42,0.5490502119064331,1774,1959,2084,2039,product_crops\product_0042_conf_0.55.jpg,__Unknown__,True,RANCHEIRO__RANCHEIRO ROSQUINHA RECHEADA DE BAUNILHA RANCHEIRO,0.4910193085670471,0.69,-0.030000000000000027,RANCHEIRO__RANCHEIRO ROSQUINHA RECHEADA DE MORANGO RANCHEIRO,0.47924885898828506,0.011770449578762054,['low_score'],,,,,,,,,,,,,,,,0
IMG_7374.HEIC,43,0.5443886518478394,307,2231,664,2533,product_crops\product_0043_conf_0.54.jpg,__Unknown__,True,RANCHEIRO__RANCHEIRO ROSQ RECHEADA RANCHEIRO CHOC-COCO,0.4603283405303955,0.71,-0.010000000000000009,RANCHEIRO__RANCHEIRO ROSQUINHA RECHEADA DE MORANGO-CARAMELO RANCHEIRO,0.4476744532585144,0.012653887271881104,['low_score'],10,"7,20",7.2,,,,,"7,20",7.20,regular,False,image_single_palette,white,191.25702601473233,10,1
IMG_7374.HEIC,44,0.5313319563865662,753,1379,1149,1685,product_crops\product_0044_conf_0.53.jpg,__Unknown__,True,RANCHEIRO__RANCHEIRO ROSQUINHA RECHEADA DE MORANGO-CARAMELO RANCHEIRO,0.518740326166153,0.68,-0.039999999999999925,Adoralle__Adoralle Alimentos Laminados Doces Coco,0.5157835483551025,0.002956777811050415,['low_score'],6,"5,49",5.49,"5,79",5.79,,,"5,49 / 5,79",5.49 / 5.79,regular,False,image_single_palette,white,188.53381659532593,6,1
IMG_7374.HEIC,45,0.5028526782989502,512,1893,903,1979,product_crops\product_0045_conf_0.50.jpg,__Unknown__,True,RANCHEIRO__RANCHEIRO COOKIES RANCHEIRO,0.5986413955688477,0.68,-0.039999999999999925,RANCHEIRO__RANCHEIRO COOKIES CHOCOLATE RANCHEIRO,0.5759348273277283,0.022706568241119385,['low_score'],,,,,,,,,,,,,,,,0
IMG_7374.HEIC,46,0.4867079555988312,1755,2258,2070,2310,product_crops\product_0046_conf_0.49.jpg,__Unknown__,True,RANCHEIRO__RANCHEIRO ROSQUINHA RECHEADA DE MORANGO-CARAMELO RANCHEIRO,0.6176361739635468,0.68,-0.039999999999999925,RANCHEIRO__RANCHEIRO COOKIES RANCHEIRO,0.587431937456131,0.03020423650741577,['low_score'],,,,,,,,,,,,,,,,0
IMG_7374.HEIC,47,0.4793311059474945,1452,1960,1768,2134,product_crops\product_0047_conf_0.48.jpg,__Unknown__,True,RANCHEIRO__RANCHEIRO ROSQ RECHEADA RANCHEIRO CHOC-COCO,0.4947802424430847,0.71,-0.010000000000000009,Mabel__Mabel Recheado Mabel Sabor Chocolate,0.4924287796020508,0.0023514628410339355,['low_score'],11,"3,35",3.35,"3,49",3.49,,,"3,35 / 3,49",3.35 / 3.49,regular,False,image_single_palette,white,118.0889495253472,11,1
IMG_7374.HEIC,48,0.47646811604499817,1772,1772,2101,1952,product_crops\product_0048_conf_0.48.jpg,__Unknown__,True,RANCHEIRO__RANCHEIRO ROSQUINHA RECHEADA DE MORANGO RANCHEIRO,0.5114002108573914,0.72,0.0,,,,['low_score'],,,,,,,,,,,,,,,,0
IMG_7374.HEIC,49,0.4752987325191498,2,1427,249,1551,product_crops\product_0049_conf_0.48.jpg,__Unknown__,True,RANCHEIRO__RANCHEIRO ROSQ RECHEADA RANCHEIRO CHOC-COCO,0.40938660502433777,0.71,-0.010000000000000009,RANCHEIRO__RANCHEIRO WAFER RANCHEIRO CHOCOLATE,0.39983993768692017,0.009546667337417603,['low_score'],,,,,,,,,,,,,,,,0
IMG_7374.HEIC,50,0.46756964921951294,707,862,1121,976,product_crops\product_0050_conf_0.47.jpg,__Unknown__,True,RANCHEIRO__RANCHEIRO ROSQUINHA RECHEADA DE CHOCOLATE RANCHEIRO,0.5522217750549316,0.64,-0.07999999999999996,RANCHEIRO__RANCHEIRO COOKIES RANCHEIRO,0.5484392046928406,0.0037825703620910645,['low_score'],,,,,,,,,,,,,,,,0
IMG_7374.HEIC,51,0.44227924942970276,63,926,225,1064,product_crops\product_0051_conf_0.44.jpg,__Unknown__,True,RANCHEIRO__RANCHEIRO BISCOITO MARIA RANCHEIRO,0.5283464590708414,0.72,0.0,Mabel__Mabel Cream Cracker,0.5259377956390381,0.0024086634318033484,['low_score'],,,,,,,,,,,,,,,,0
IMG_7374.HEIC,52,0.43560490012168884,376,1489,723,1575,product_crops\product_0052_conf_0.44.jpg,__Unknown__,True,RANCHEIRO__RANCHEIRO ROSQUINHA RECHEADA DE CHOCOLATE RANCHEIRO,0.6042299032211303,0.64,-0.07999999999999996,,,,['low_score'],,,,,,,,,,,,,,,,0
IMG_7374.HEIC,53,0.4217066764831543,436,1984,911,2116,product_crops\product_0053_conf_0.42.jpg,__Unknown__,True,RANCHEIRO__RANCHEIRO ROSQ RECHEADA RANCHEIRO CHOC-COCO,0.5998004674911499,0.71,-0.010000000000000009,RANCHEIRO__RANCHEIRO WAFER RANCHEIRO MORANGO,0.5401277542114258,0.05967271327972412,['low_score'],4,"6,79",6.79,,,,,"6,79",6.79,regular,False,image_single_palette,white,272.0758166394066,4,1
IMG_7374.HEIC,54,0.4060988128185272,756,1378,1145,1455,product_crops\product_0054_conf_0.41.jpg,__Unknown__,True,RANCHEIRO__RANCHEIRO ROSQUINHA RECHEADA DE MORANGO-CARAMELO RANCHEIRO,0.6232946634292602,0.68,-0.039999999999999925,,,,['low_score'],,,,,,,,,,,,,,,,0
IMG_7374.HEIC,55,0.3660048842430115,726,1083,1120,1200,product_crops\product_0055_conf_0.37.jpg,__Unknown__,True,RANCHEIRO__RANCHEIRO BISCOITO MARIA RANCHEIRO,0.5481347590684891,0.72,0.0,Adoralle__Adoralle Alimentos Laminados Doces Coco,0.534328818321228,0.013805940747261047,['low_score'],16,"4,04",4.04,"5,49",5.49,"5,79",5.79,"4,04 / 5,49 / 5,79",4.04 / 5.49 / 5.79,regular,False,image_single_palette,white,136.83658136624138,16,1
IMG_7374.HEIC,56,0.33328428864479065,15,1943,406,2129,product_crops\product_0056_conf_0.33.jpg,__Unknown__,True,RANCHEIRO__RANCHEIRO ROSQUINHA RECHEADA DE CHOCOLATE RANCHEIRO,0.5458535552024841,0.64,-0.07999999999999996,Adoralle__Adoralle Alimentos Laminados Doces Coco,0.5345866680145264,0.011266887187957764,['low_score'],,,,,,,,,,,,,,,,0
IMG_7374.HEIC,57,0.30855971574783325,1698,3521,2033,3664,product_crops\product_0057_conf_0.31.jpg,__Unknown__,True,RANCHEIRO__RANCHEIRO ROSQUINHA RECHEADA DE MORANGO RANCHEIRO,0.5104358494281769,0.72,0.0,RANCHEIRO__RANCHEIRO COOKIES RANCHEIRO,0.5083329677581787,0.002102881669998169,['low_score'],,,,,,,,,,,,,,,,0
IMG_7374.HEIC,58,0.30657023191452026,2,2362,326,2524,product_crops\product_0058_conf_0.31.jpg,__Unknown__,True,RANCHEIRO__RANCHEIRO BISCOITO MARIA RANCHEIRO,0.4823603630065918,0.72,0.0,RANCHEIRO__RANCHEIRO ROSQ RECHEADA RANCHEIRO CHOC-COCO,0.47538089752197266,0.006979465484619141,['low_score'],,,,,,,,,,,,,,,,0
IMG_7374.HEIC,59,0.29565513134002686,1671,3397,2018,3524,product_crops\product_0059_conf_0.30.jpg,__Unknown__,True,RANCHEIRO__RANCHEIRO COOKIES CHOCOLATE RANCHEIRO,0.5419378280639648,0.72,0.0,RANCHEIRO__RANCHEIRO COOKIES RANCHEIRO,0.5262570381164551,0.015680789947509766,['low_score'],,,,,,,,,,,,,,,,0
IMG_7374.HEIC,60,0.2754628658294678,361,1576,735,1685,product_crops\product_0060_conf_0.28.jpg,__Unknown__,True,RANCHEIRO__RANCHEIRO ROSQUINHA RECHEADA DE CHOCOLATE RANCHEIRO,0.5456989109516144,0.64,-0.07999999999999996,RANCHEIRO__RANCHEIRO ROSQUINHA RECHEADA DE MORANGO-CARAMELO RANCHEIRO,0.5442382097244263,0.0014607012271881104,['low_score'],0,"3,35",3.35,"3,65",3.65,,,"3,35 / 3,65",3.35 / 3.65,regular,False,image_single_palette,white,109.56390829100611,0,1
IMG_7374.HEIC,61,0.25897571444511414,4,1064,222,1202,product_crops\product_0061_conf_0.26.jpg,__Unknown__,True,RANCHEIRO__RANCHEIRO BISCOITO MARIA RANCHEIRO,0.4670896530151367,0.72,0.0,RANCHEIRO__RANCHEIRO WAFER RANCHEIRO CHOCOLATE,0.428000807762146,0.03908884525299072,['low_score'],32,,,,,,,,,regular,False,image_single_palette,white,144.08764693754978,32,1
IMG_7374.HEIC,62,0.2527995705604553,1,2197,125,2365,product_crops\product_0062_conf_0.25.jpg,__Unknown__,True,Adoralle__Adoralle Alimentos Laminados Doces Maizena,0.5607921083768209,0.73,0.010000000000000009,Adoralle__Adoralle Alimentos Laminados Doces Coco,0.5591933727264404,0.0015987356503804895,['low_score'],,,,,,,,,,,,,,,,0
IMG_7376.HEIC,0,0.9676588177680969,595,2475,802,2697,product_crops\product_0000_conf_0.97.jpg,__Unknown__,True,Mabel__Mabel Rosquinha Mabel Sabor Banana e Canela,0.5112945437431335,0.72,0.0,Mabel__Mabel Rosquinha Mabel Sabor Chocolate,0.5084571242332458,0.0028374195098876953,['low_score'],9,"0,45",0.45,"0,19",0.19,,,"0,45 / 0,19",0.45 / 0.19,regular,False,image_base_color,white,144.02169975389126,9,1
IMG_7376.HEIC,1,0.967503547668457,93,709,563,1061,product_crops\product_0001_conf_0.97.jpg,__Unknown__,True,RANCHEIRO__RANCHEIRO BISCOITO MARIA RANCHEIRO,0.479576051235199,0.72,0.0,RANCHEIRO__RANCHEIRO WAFER RANCHEIRO MORANGO,0.4729192405939102,0.006656810641288757,['low_score'],,,,,,,,,,,,,,,,0
IMG_7376.HEIC,2,0.9632235765457153,392,2474,602,2702,product_crops\product_0002_conf_0.96.jpg,__Unknown__,True,Mabel__Mabel Rosquinha Mabel Sabor Chocolate,0.5336596965789795,0.69,-0.030000000000000027,Mabel__Mabel Amanteigado Mabel Sabor Chocolate,0.5278521180152893,0.0058075785636901855,['low_score'],,,,,,,,,,,,,,,,0
IMG_7376.HEIC,3,0.9612160921096802,230,2064,424,2327,product_crops\product_0003_conf_0.96.jpg,__Unknown__,True,Mabel__Mabel Rosquinha Mabel Sabor Leite,0.5352952480316162,0.72,0.0,RANCHEIRO__RANCHEIRO BISCOITO MARIA RANCHEIRO,0.5233191847801208,0.011976063251495361,['low_score'],,,,,,,,,,,,,,,,0
IMG_7376.HEIC,4,0.9594392776489258,565,738,968,1064,product_crops\product_0004_conf_0.96.jpg,__Unknown__,True,RANCHEIRO__RANCHEIRO WAFER RANCHEIRO LIMAO,0.5107932090759277,0.72,0.0,RANCHEIRO__RANCHEIRO WAFER RANCHEIRO MORANGO,0.5015149340033531,0.009278275072574615,['low_score'],,,,,,,,,,,,,,,,0
IMG_7376.HEIC,5,0.9560426473617554,1057,2071,1267,2360,product_crops\product_0005_conf_0.96.jpg,__Unknown__,True,Mabel__Mabel Rosquinha Mabel Sabor Banana e Canela,0.5718079805374146,0.72,0.0,Mabel__Mabel Rosquinha Mabel Sabor Chocolate,0.5698582530021667,0.0019497275352478027,['low_score'],2,"14,99",14.99,,,,,"14,99",14.99,promo,True,yellow_vs_image_white,yellow,319.3900436770063,2,1
IMG_7376.HEIC,6,0.9556341171264648,192,2476,402,2708,product_crops\product_0006_conf_0.96.jpg,__Unknown__,True,Mabel__Mabel Rosquinha Mabel Sabor Chocolate,0.5267751514911652,0.69,-0.030000000000000027,Mabel__Mabel Rosquinha Mabel Sabor Banana e Canela,0.5231452584266663,0.0036298930644989014,['low_score'],,,,,,,,,,,,,,,,0
IMG_7376.HEIC,7,0.9524356126785278,1742,2779,1921,3000,product_crops\product_0007_conf_0.95.jpg,Mabel__Mabel Amanteigado Mabel Sabor Leite,False,Mabel__Mabel Amanteigado Mabel Sabor Leite,0.8909759759902954,0.72,0.0,,,,[],12,"6,90",6.9,,,,,"6,90",6.90,regular,False,image_base_color,white,185.85545458769835,12,1
IMG_7376.HEIC,8,0.9513834714889526,1438,2074,1609,2294,product_crops\product_0008_conf_0.95.jpg,__Unknown__,True,Mabel__Mabel Laminado Doce Mabel Sabor Chocolate,0.5782381296157837,0.72,0.0,Adoralle__Adoralle Alimentos Laminados Doces Coco,0.5477672815322876,0.030470848083496094,['low_score'],,,,,,,,,,,,,,,,0
IMG_7376.HEIC,9,0.9512129426002502,1607,2089,1823,2299,product_crops\product_0009_conf_0.95.jpg,__Unknown__,True,RANCHEIRO__RANCHEIRO ROSQUINHA BANANA-CANELA RANCHEIRO,0.5589301586151123,0.72,0.0,RANCHEIRO__RANCHEIRO ROSQ RECHEADA RANCHEIRO CHOC-COCO,0.557481124997139,0.0014490336179733276,['low_score'],,,,,,,,,,,,,,,,0
IMG_7376.HEIC,10,0.9481863975524902,433,2793,647,3024,product_crops\product_0010_conf_0.95.jpg,__Unknown__,True,Mabel__Mabel Rosquinha Mabel Sabor Coco,0.5678542256355286,0.72,0.0,Mabel__Mabel Amanteigado Mabel Sabor Coco,0.5606192747751871,0.007234950860341427,['low_score'],,,,,,,,,,,,,,,,0
IMG_7376.HEIC,11,0.9434247016906738,236,2791,437,3025,product_crops\product_0011_conf_0.94.jpg,__Unknown__,True,Mabel__Mabel Rosquinha Mabel Sabor Coco,0.5898502469062805,0.72,0.0,Mabel__Mabel Amanteigado Mabel Sabor Coco,0.5885688662528992,0.0012813806533813477,['low_score'],,,,,,,,,,,,,,,,0
IMG_7376.HEIC,12,0.9433059096336365,1146,2772,1374,3020,product_crops\product_0012_conf_0.94.jpg,Mabel__Mabel Amanteigado Mabel Sabor Coco,False,Mabel__Mabel Amanteigado Mabel Sabor Coco,0.9438832998275757,0.72,0.0,,,,[],14,"7,49",7.49,,,,,"7,49",7.49,regular,False,image_base_color,white,199.31946718772855,14,1
IMG_7376.HEIC,13,0.9411302208900452,1525,2787,1745,2992,product_crops\product_0013_conf_0.94.jpg,Mabel__Mabel Amanteigado Mabel Sabor Leite,False,Mabel__Mabel Amanteigado Mabel Sabor Leite,0.9150516748428345,0.72,0.0,,,,[],10,"7,49",7.49,"4,99",4.99,,,"7,49 / 4,99",7.49 / 4.99,promo,True,shelf_size_outlier,yellow,160.19519343600794,10,1
IMG_7376.HEIC,14,0.9409574866294861,1823,2092,2046,2301,product_crops\product_0014_conf_0.94.jpg,__Unknown__,True,RANCHEIRO__RANCHEIRO WAFER RANCHEIRO CHOCOLATE,0.5682312250137329,0.71,-0.010000000000000009,Adoralle__Adoralle Alimentos Laminados Doces Coco,0.5587040781974792,0.009527146816253662,['low_score'],8,"14,99",14.99,,,,,"14,99",14.99,promo,True,yellow_vs_image_white,yellow,198.88753103198803,8,1
IMG_7376.HEIC,15,0.9394194483757019,1221,2447,1348,2655,product_crops\product_0015_conf_0.94.jpg,__Unknown__,True,Mabel__Mabel Rosquinha Mabel Sabor Chocolate,0.5234017769495646,0.69,-0.030000000000000027,Mabel__Mabel Amanteigado Mabel Sabor Chocolate,0.5233840942382812,1.7682711283328878e-05,['low_score'],,,,,,,,,,,,,,,,0
IMG_7376.HEIC,16,0.9350169897079468,1844,2470,2100,2696,product_crops\product_0016_conf_0.94.jpg,__Unknown__,True,RANCHEIRO__RANCHEIRO BISCOITO MARIA RANCHEIRO,0.6093642354011536,0.72,0.0,,,,['low_score'],,,,,,,,,,,,,,,,0
IMG_7376.HEIC,17,0.9268988370895386,1303,3150,1495,3298,product_crops\product_0017_conf_0.93.jpg,Mabel__Mabel Cracker Agua e Sal,False,Mabel__Mabel Cracker Agua e Sal,0.8198525667190552,0.72,0.0,,,,[],0,"7,49",7.49,"4,99",4.99,,,"7,49 / 4,99",7.49 / 4.99,promo,True,shelf_size_outlier,yellow,136.06064824187777,0,1
IMG_7376.HEIC,18,0.9265955686569214,805,2456,991,2618,product_crops\product_0018_conf_0.93.jpg,__Unknown__,True,Mabel__Mabel Rosquinha Mabel Sabor Chocolate,0.4955006241798401,0.69,-0.030000000000000027,Mabel__Mabel Amanteigado Mabel Sabor Chocolate,0.48894813656806946,0.00655248761177063,['low_score'],1,"9,19",9.19,"6,13",6.13,,,"9,19 / 6,13",9.19 / 6.13,promo,True,yellow_vs_image_white,yellow,167.08755190019392,1,1
IMG_7376.HEIC,19,0.9170790910720825,422,2068,625,2300,product_crops\product_0019_conf_0.92.jpg,__Unknown__,True,Mabel__Mabel Laminado Doce Mabel Sabor Chocolate,0.5763657093048096,0.72,0.0,RANCHEIRO__RANCHEIRO BISCOITO MARIA RANCHEIRO,0.5710884928703308,0.00527721643447876,['low_score'],,,,,,,,,,,,,,,,0
IMG_7376.HEIC,20,0.9121294021606445,686,2759,889,2899,product_crops\product_0020_conf_0.91.jpg,Mabel__Mabel Cookie Mabel Chocolate com gotas de chocolate,False,Mabel__Mabel Cookie Mabel Chocolate com gotas de chocolate,0.7772042751312256,0.72,0.0,Mabel__Mabel Recheado Mabel Sabor Chocolate,0.7754629254341125,0.0017413496971130371,[],5,"7,49",7.49,,,,,"7,49",7.49,promo,True,shelf_size_outlier,yellow,181.98969751060085,5,1
IMG_7376.HEIC,21,0.9071976542472839,1264,2070,1386,2290,product_crops\product_0021_conf_0.91.jpg,__Unknown__,True,RANCHEIRO__RANCHEIRO ROSQUINHA RECHEADA DE CHOCOLATE RANCHEIRO,0.5824984312057495,0.64,-0.07999999999999996,Adoralle__Adoralle Alimentos Laminados Doces Coco,0.5814539194107056,0.0010445117950439453,['low_score'],,,,,,,,,,,,,,,,0
IMG_7376.HEIC,22,0.9053683280944824,296,3084,519,3325,product_crops\product_0022_conf_0.91.jpg,__Unknown__,True,Mabel__Mabel Cracker Agua e Sal,0.7026295264561971,0.72,0.0,Mabel__Mabel Amanteigado Mabel Sabor Coco,0.6883264482021332,0.014303078254063961,['low_score'],16,,,,,,,,,regular,False,image_base_color,white,182.5,16,1
IMG_7376.HEIC,23,0.8987367749214172,1347,2459,1556,2691,product_crops\product_0023_conf_0.90.jpg,__Unknown__,True,Mabel__Mabel Amanteigado Mabel Sabor Coco,0.5774257898330688,0.72,0.0,,,,['low_score'],15,"8,49",8.49,"9,19",9.19,,,"8,49 / 9,19",8.49 / 9.19,regular,False,image_base_color,white,171.71196813268432,15,1
IMG_7376.HEIC,24,0.8900014162063599,1500,3161,1689,3309,product_crops\product_0024_conf_0.89.jpg,Mabel__Mabel Cracker Agua e Sal,False,Mabel__Mabel Cracker Agua e Sal,0.861368715763092,0.72,0.0,Mabel__Mabel Amanteigado Mabel Sabor Leite,0.8557727336883545,0.005595982074737549,[],,,,,,,,,,,,,,,,0
IMG_7376.HEIC,25,0.8875946402549744,20,2795,193,3054,product_crops\product_0025_conf_0.89.jpg,__Unknown__,True,Mabel__Mabel Amanteigado Mabel Sabor Leite,0.44290600419044496,0.72,0.0,,,,['low_score'],,,,,,,,,,,,,,,,0
IMG_7376.HEIC,26,0.8813431262969971,518,3099,706,3292,product_crops\product_0026_conf_0.88.jpg,Mabel__Mabel Cracker Agua e Sal,False,Mabel__Mabel Cracker Agua e Sal,0.8327559034029642,0.72,0.0,Mabel__Mabel Amanteigado Mabel Sabor Coco,0.8273167610168457,0.005439142386118534,[],4,"7,49",7.49,"4,99",4.99,,,"7,49 / 4,99",7.49 / 4.99,promo,True,shelf_size_outlier,yellow,163.6154026979123,4,1
IMG_7376.HEIC,27,0.8745395541191101,1122,3131,1302,3302,product_crops\product_0027_conf_0.87.jpg,Mabel__Mabel Amanteigado Mabel Sabor Leite,False,Mabel__Mabel Amanteigado Mabel Sabor Leite,0.8375369310379028,0.72,0.0,Mabel__Mabel Laminado Doce Mabel Maisena,0.8258709907531738,0.011665940284729004,[],7,"1,89",1.89,,,,,"1,89",1.89,regular,False,image_base_color,white,173.62171523170713,7,1
IMG_7376.HEIC,28,0.8644139170646667,1,2524,149,2744,product_crops\product_0028_conf_0.86.jpg,__Unknown__,True,Adoralle__Adoralle Alimentos Rosquinhas Coco,0.5319656133651733,0.72,0.0,RANCHEIRO__RANCHEIRO ROSQUINHA DE CHOCOLATE RANCHEIRO,0.5176843106746674,0.014281302690505981,['low_score'],,,,,,,,,,,,,,,,0
IMG_7376.HEIC,29,0.8593146204948425,1218,1711,1457,1919,product_crops\product_0029_conf_0.86.jpg,__Unknown__,True,RANCHEIRO__RANCHEIRO WAFER RANCHEIRO CHOCOLATE,0.47229237854480743,0.71,-0.010000000000000009,RANCHEIRO__RANCHEIRO BISCOITO MARIA RANCHEIRO,0.46762488782405853,0.004667490720748901,['low_score'],27,"5,39",5.39,"3,59",3.59,,,"5,39 / 3,59",5.39 / 3.59,promo,True,yellow_vs_image_white,yellow,182.8182157226134,27,1
IMG_7376.HEIC,30,0.8589306473731995,706,3104,889,3307,product_crops\product_0030_conf_0.86.jpg,Mabel__Mabel Cracker Agua e Sal,False,Mabel__Mabel Cracker Agua e Sal,0.8646871894598007,0.72,0.0,Mabel__Mabel Amanteigado Mabel Sabor Coco,0.8480854630470276,0.016601726412773132,[],,,,,,,,,,,,,,,,0
IMG_7376.HEIC,31,0.8586137890815735,1993,736,2068,1082,product_crops\product_0031_conf_0.86.jpg,__Unknown__,True,RANCHEIRO__RANCHEIRO WAFER RANCHEIRO MORANGO,0.523691937327385,0.72,0.0,RANCHEIRO__RANCHEIRO WAFER RANCHEIRO LIMAO,0.48868539929389954,0.03500653803348541,['low_score'],,,,,,,,,,,,,,,,0
IMG_7376.HEIC,32,0.8558881878852844,2187,1387,2263,1527,product_crops\product_0032_conf_0.86.jpg,__Unknown__,True,RANCHEIRO__RANCHEIRO ROSQUINHA DE COCO RANCHEIRO,0.6818326115608215,0.72,0.0,RANCHEIRO__RANCHEIRO BISCOITO MARIA RANCHEIRO,0.660259336233139,0.021573275327682495,['low_score'],,,,,,,,,,,,,,,,0
IMG_7376.HEIC,33,0.8548722863197327,1911,735,1996,1081,product_crops\product_0033_conf_0.85.jpg,__Unknown__,True,RANCHEIRO__RANCHEIRO WAFER RANCHEIRO LIMAO,0.4102322459220886,0.72,0.0,RANCHEIRO__RANCHEIRO BISCOITO MAIZENA RANCHEIRO,0.3883082866668701,0.021923959255218506,['low_score'],,,,,,,,,,,,,,,,0
IMG_7376.HEIC,34,0.8506775498390198,2065,738,2144,1082,product_crops\product_0034_conf_0.85.jpg,__Unknown__,True,RANCHEIRO__RANCHEIRO WAFER RANCHEIRO MORANGO,0.48218266665935516,0.72,0.0,RANCHEIRO__RANCHEIRO ROSQUINHA RECHEADA DE MORANGO-CARAMELO RANCHEIRO,0.4700997769832611,0.012082889676094055,['low_score'],,,,,,,,,,,,,,,,0
IMG_7376.HEIC,35,0.822671115398407,2067,1526,2179,1618,product_crops\product_0035_conf_0.82.jpg,__Unknown__,True,RANCHEIRO__RANCHEIRO ROSQUINHA DE COCO RANCHEIRO,0.5889078676700592,0.72,0.0,RANCHEIRO__RANCHEIRO BISCOITO MARIA RANCHEIRO,0.5709761182467142,0.017931749423344967,['low_score'],,,,,,,,,,,,,,,,0
IMG_7376.HEIC,36,0.8194633722305298,1742,1382,2067,1493,product_crops\product_0036_conf_0.82.jpg,__Unknown__,True,Adoralle__Adoralle Alimentos Laminados Doces Coco,0.6033544689416885,0.72,0.0,Adoralle__Adoralle Alimentos Laminados Doces Leite,0.5814953446388245,0.021859124302864075,['low_score'],,,,,,,,,,,,,,,,0
IMG_7376.HEIC,37,0.8185582756996155,2086,1393,2194,1529,product_crops\product_0037_conf_0.82.jpg,__Unknown__,True,RANCHEIRO__RANCHEIRO BISCOITO MARIA RANCHEIRO,0.6320627182722092,0.72,0.0,RANCHEIRO__RANCHEIRO WAFER RANCHEIRO CHOCOLATE,0.622295081615448,0.00976763665676117,['low_score'],,,,,,,,,,,,,,,,0
IMG_7376.HEIC,38,0.8179044723510742,90,3106,236,3361,product_crops\product_0038_conf_0.82.jpg,__Unknown__,True,Mabel__Mabel Laminado Doce Mabel Sabor Chocolate,0.6090192794799805,0.72,0.0,RANCHEIRO__RANCHEIRO ROSQUINHA DE CHOCOLATE RANCHEIRO,0.5561170180638632,0.05290226141611731,['low_score'],,,,,,,,,,,,,,,,0
IMG_7376.HEIC,39,0.8172265291213989,1319,1496,1732,1559,product_crops\product_0039_conf_0.82.jpg,__Unknown__,True,RANCHEIRO__RANCHEIRO BISCOITO MAIZENA RANCHEIRO,0.5824372470378876,0.76,0.040000000000000036,RANCHEIRO__RANCHEIRO CREAM CRACKER RANCHEIRO,0.5554106831550598,0.02702656388282776,['low_score'],,,,,,,,,,,,,,,,0
IMG_7376.HEIC,40,0.8071746230125427,993,2453,1211,2640,product_crops\product_0040_conf_0.81.jpg,__Unknown__,True,RANCHEIRO__RANCHEIRO ROSQUINHA BANANA-CANELA RANCHEIRO,0.5148138403892517,0.72,0.0,Mabel__Mabel Rosquinha Mabel Sabor Chocolate,0.5134268403053284,0.0013870000839233398,['low_score'],,,,,,,,,,,,,,,,0
IMG_7376.HEIC,41,0.8031771779060364,2132,743,2206,1082,product_crops\product_0041_conf_0.80.jpg,__Unknown__,True,RANCHEIRO__RANCHEIRO ROSQUINHA RECHEADA DE MORANGO-CARAMELO RANCHEIRO,0.4682040810585022,0.68,-0.039999999999999925,RANCHEIRO__RANCHEIRO WAFER RANCHEIRO MORANGO,0.4660835415124893,0.0021205395460128784,['low_score'],,,,,,,,,,,,,,,,0
IMG_7376.HEIC,42,0.8023991584777832,496,1404,931,1482,product_crops\product_0042_conf_0.80.jpg,__Unknown__,True,RANCHEIRO__RANCHEIRO ROSQUINHA RECHEADA DE MORANGO-CARAMELO RANCHEIRO,0.5998283624649048,0.68,-0.039999999999999925,RANCHEIRO__RANCHEIRO CREAM CRACKER RANCHEIRO,0.576525866985321,0.02330249547958374,['low_score'],19,"9,69",9.69,"6,46",6.46,,,"9,69 / 6,46",9.69 / 6.46,promo,True,yellow_vs_image_white,yellow,178.267355396326,19,1
IMG_7376.HEIC,43,0.7729887366294861,1630,2460,1840,2632,product_crops\product_0043_conf_0.77.jpg,__Unknown__,True,Mabel__Mabel Rosquinha Mabel Sabor Coco,0.5983414252599081,0.72,0.0,Mabel__Mabel Amanteigado Mabel Sabor Coco,0.5784620642662048,0.019879360993703243,['low_score'],3,"6,13",6.13,,,,,"6,13",6.13,promo,True,shelf_size_outlier,yellow,180.80998313146318,3,1
IMG_7376.HEIC,44,0.737204909324646,886,3120,1036,3338,product_crops\product_0044_conf_0.74.jpg,Mabel__Mabel Amanteigado Mabel Sabor Coco,False,Mabel__Mabel Amanteigado Mabel Sabor Coco,0.8090192079544067,0.72,0.0,Mabel__Mabel Cracker Agua e Sal,0.8044930845499039,0.004526123404502869,[],23,"1,49",1.49,,,,,"1,49",1.49,regular,False,image_base_color,white,163.44112089679268,23,1
IMG_7376.HEIC,45,0.7371797561645508,1920,2783,2154,3007,product_crops\product_0045_conf_0.74.jpg,__Unknown__,True,RANCHEIRO__RANCHEIRO BISCOITO MAIZENA RANCHEIRO,0.4667928218841553,0.76,0.040000000000000036,RANCHEIRO__RANCHEIRO ROSQUINHA RECHEADA DE MORANGO-CARAMELO RANCHEIRO,0.4349404573440552,0.0318523645401001,['low_score'],,,,,,,,,,,,,,,,0
IMG_7376.HEIC,46,0.7232224345207214,1316,1426,1730,1492,product_crops\product_0046_conf_0.72.jpg,__Unknown__,True,Adoralle__Adoralle Alimentos Laminados Doces Leite,0.5632617076237997,0.72,0.0,Mabel__Mabel Laminado Doce Mabel Maisena,0.563112884759903,0.00014882286389672483,['low_score'],,,,,,,,,,,,,,,,0
IMG_7376.HEIC,47,0.6925103664398193,2164,2792,2267,3050,product_crops\product_0047_conf_0.69.jpg,__Unknown__,True,RANCHEIRO__RANCHEIRO ROSQUINHA DE CHOCOLATE RANCHEIRO,0.4600369334220886,0.62,-0.09999999999999998,RANCHEIRO__RANCHEIRO CREAM CRACKER RANCHEIRO,0.449265718460083,0.010771214962005615,['low_score'],,,,,,,,,,,,,,,,0
IMG_7376.HEIC,48,0.6611821055412292,2176,1527,2251,1625,product_crops\product_0048_conf_0.66.jpg,__Unknown__,True,RANCHEIRO__RANCHEIRO ROSQUINHA DE COCO RANCHEIRO,0.4931860864162445,0.72,0.0,RANCHEIRO__RANCHEIRO BISCOITO MARIA RANCHEIRO,0.4872435728708903,0.005942513545354189,['low_score'],,,,,,,,,,,,,,,,0
IMG_7376.HEIC,49,0.6432566046714783,969,742,1441,1064,product_crops\product_0049_conf_0.64.jpg,__Unknown__,True,RANCHEIRO__RANCHEIRO WAFER RANCHEIRO CHOCOLATE,0.4890536963939667,0.71,-0.010000000000000009,RANCHEIRO__RANCHEIRO BISCOITO QUEBRADOR RANC LIMAO,0.4830951690673828,0.005958527326583862,['low_score'],13,,,,,,,,,promo,True,shelf_size_outlier,yellow,142.47192705933335,13,1
IMG_7376.HEIC,50,0.6399672627449036,1370,2774,1513,2986,product_crops\product_0050_conf_0.64.jpg,__Unknown__,True,Mabel__Mabel Rosquinha Mabel Sabor Banana e Canela,0.5745940208435059,0.72,0.0,RANCHEIRO__RANCHEIRO BISCOITO MARIA RANCHEIRO,0.5718295574188232,0.002764463424682617,['low_score'],,,,,,,,,,,,,,,,0
IMG_7376.HEIC,51,0.6249614357948303,1683,3131,1844,3313,product_crops\product_0051_conf_0.62.jpg,Mabel__Mabel Cracker Agua e Sal,False,Mabel__Mabel Cracker Agua e Sal,0.7236712574958801,0.72,0.0,Mabel__Mabel Amanteigado Mabel Sabor Coco,0.7231707572937012,0.0005005002021789551,[],,,,,,,,,,,,,,,,0
IMG_7376.HEIC,52,0.6157627105712891,1695,1760,2191,1995,product_crops\product_0052_conf_0.62.jpg,__Unknown__,True,RANCHEIRO__RANCHEIRO ROSQUINHA RECHEADA DE BAUNILHA RANCHEIRO,0.5241961479187012,0.69,-0.030000000000000027,RANCHEIRO__RANCHEIRO ROSQUINHA RECHEADA DE MORANGO RANCHEIRO,0.5104293624560038,0.013766785462697384,['low_score'],26,"4,90",4.9,"5,39",5.39,,,"4,90 / 5,39",4.90 / 5.39,regular,False,image_base_color,white,327.3606573795941,26,1
IMG_7376.HEIC,53,0.6001697778701782,2153,3217,2266,3368,product_crops\product_0053_conf_0.60.jpg,__Unknown__,True,RANCHEIRO__RANCHEIRO BISCOITO MAIZENA RANCHEIRO,0.43229103088378906,0.76,0.040000000000000036,Mabel__Mabel Rosquinha Mabel Sabor Chocolate,0.42292625705401105,0.009364773829778017,['low_score'],,,,,,,,,,,,,,,,0
IMG_7376.HEIC,54,0.5946115255355835,1734,1493,2051,1602,product_crops\product_0054_conf_0.59.jpg,__Unknown__,True,RANCHEIRO__RANCHEIRO CREAM CRACKER 65 RANCHEIRO,0.5087738037109375,0.75,0.030000000000000027,Mabel__Mabel Amanteigado Mabel Sabor Leite,0.47377224763234455,0.035001556078592955,['low_score'],18,"17,19",17.19,"18,49",18.49,,,"17,19 / 18,49",17.19 / 18.49,promo,True,yellow_vs_image_white,yellow,238.8493248891443,18,1
IMG_7376.HEIC,55,0.5860387086868286,995,1487,1301,1561,product_crops\product_0055_conf_0.59.jpg,__Unknown__,True,RANCHEIRO__RANCHEIRO BISCOITO MARIA RANCHEIRO,0.5904456377029419,0.72,0.0,Adoralle__Adoralle Alimentos Laminados Doces Leite,0.5852235555648804,0.0052220821380615234,['low_score'],,,,,,,,,,,,,,,,0
IMG_7376.HEIC,56,0.5853706002235413,2,643,103,1046,product_crops\product_0056_conf_0.59.jpg,__Unknown__,True,Mabel__Mabel Rosquinha Mabel Sabor Leite,0.6104243099689484,0.72,0.0,RANCHEIRO__RANCHEIRO ROSQUINHA DE COCO RANCHEIRO,0.5826481580734253,0.02777615189552307,['low_score'],,,,,,,,,,,,,,,,0
IMG_7376.HEIC,57,0.5127879977226257,2176,3105,2267,3224,product_crops\product_0057_conf_0.51.jpg,__Unknown__,True,RANCHEIRO__RANCHEIRO ROSQUINHA DE CHOCOLATE RANCHEIRO,0.4445243179798126,0.62,-0.09999999999999998,RANCHEIRO__RANCHEIRO CREAM CRACKER RANCHEIRO,0.426747590303421,0.0177767276763916,['low_score'],,,,,,,,,,,,,,,,0
IMG_7376.HEIC,58,0.44690409302711487,737,1707,1137,1944,product_crops\product_0058_conf_0.45.jpg,__Unknown__,True,RANCHEIRO__RANCHEIRO CREAM CRACKER RANCHEIRO,0.5124375104904175,0.81,0.09000000000000008,,,,['low_score'],28,"5,19",5.19,"5,39",5.39,,,"5,19 / 5,39",5.19 / 5.39,promo,True,yellow_vs_image_white,yellow,261.1383732812931,28,1
IMG_7376.HEIC,59,0.4173041880130768,2196,734,2266,1084,product_crops\product_0059_conf_0.42.jpg,__Unknown__,True,RANCHEIRO__RANCHEIRO BISCOITO MARIA RANCHEIRO,0.5542075236638387,0.72,0.0,Mabel__Mabel Cracker Agua e Sal,0.512871116399765,0.04133640726407373,['low_score'],,,,,,,,,,,,,,,,0
IMG_7376.HEIC,60,0.39395228028297424,98,1481,510,1543,product_crops\product_0060_conf_0.39.jpg,__Unknown__,True,Adoralle__Adoralle Alimentos Laminados Doces Leite,0.5842244227727255,0.72,0.0,Adoralle__Adoralle Alimentos Laminados Doces Coco,0.5623601078987122,0.021864314874013302,['low_score'],25,"9,09",9.09,"9,69",9.69,,,"9,09 / 9,69",9.09 / 9.69,promo,True,yellow_vs_image_white,yellow,210.54987532648886,25,1
IMG_7376.HEIC,61,0.3899947702884674,1011,1554,1299,1607,product_crops\product_0061_conf_0.39.jpg,__Unknown__,True,Mabel__Mabel Amanteigado Mabel Sabor Leite,0.593961238861084,0.72,0.0,RANCHEIRO__RANCHEIRO BISCOITO MARIA RANCHEIRO,0.5611148277918497,0.03284641106923425,['low_score'],,,,,,,,,,,,,,,,0
IMG_7376.HEIC,62,0.3848573863506317,2097,1311,2213,1406,product_crops\product_0062_conf_0.38.jpg,__Unknown__,True,RANCHEIRO__RANCHEIRO ROSQUINHA DE COCO RANCHEIRO,0.5813997089862823,0.72,0.0,RANCHEIRO__RANCHEIRO BISCOITO MARIA RANCHEIRO,0.5570431550343832,0.024356553951899174,['low_score'],,,,,,,,,,,,,,,,0
IMG_7376.HEIC,63,0.37465307116508484,0,3103,77,3352,product_crops\product_0063_conf_0.37.jpg,__Unknown__,True,RANCHEIRO__RANCHEIRO ROSQUINHA DE CHOCOLATE RANCHEIRO,0.5358384177088737,0.62,-0.09999999999999998,Mabel__Mabel Laminado Doce Mabel Sabor Chocolate,0.492026686668396,0.04381173104047775,['low_score'],,,,,,,,,,,,,,,,0
IMG_7376.HEIC,64,0.3559987545013428,2056,2096,2264,2410,product_crops\product_0064_conf_0.36.jpg,__Unknown__,True,RANCHEIRO__RANCHEIRO BISCOITO MARIA RANCHEIRO,0.6082202792167664,0.72,0.0,,,,['low_score'],,,,,,,,,,,,,,,,0
IMG_7376.HEIC,65,0.3340069651603699,692,2245,1043,2392,product_crops\product_0065_conf_0.33.jpg,__Unknown__,True,RANCHEIRO__RANCHEIRO BISCOITO MARIA RANCHEIRO,0.6485052406787872,0.72,0.0,Adoralle__Adoralle Alimentos Laminados Doces Coco,0.6424194176991781,0.0060858229796091345,['low_score'],17,"13,99",13.99,"14,99",14.99,,,"13,99 / 14,99",13.99 / 14.99,regular,False,image_base_color,white,140.15170352157693,17,1
IMG_7376.HEIC,66,0.30564045906066895,934,1379,1293,1475,product_crops\product_0066_conf_0.31.jpg,__Unknown__,True,RANCHEIRO__RANCHEIRO CREAM CRACKER RANCHEIRO,0.5331816673278809,0.81,0.09000000000000008,RANCHEIRO__RANCHEIRO BISCOITO MAIZENA RANCHEIRO,0.5245463848114014,0.008635282516479492,['low_score'],,,,,,,,,,,,,,,,0
IMG_7376.HEIC,67,0.30452942848205566,95,1396,499,1475,product_crops\product_0067_conf_0.30.jpg,__Unknown__,True,RANCHEIRO__RANCHEIRO ROSQUINHA RECHEADA DE MORANGO-CARAMELO RANCHEIRO,0.5268882513046265,0.68,-0.039999999999999925,RANCHEIRO__RANCHEIRO ROSQUINHA DE CHOCOLATE RANCHEIRO,0.5199536085128784,0.006934642791748047,['low_score'],29,"9,09",9.09,"9,69",9.69,,,"9,09 / 9,69",9.09 / 9.69,promo,True,yellow_vs_image_white,yellow,283.65912641760707,29,1
IMG_7376.HEIC,68,0.30362755060195923,1328,1562,1695,1609,product_crops\product_0068_conf_0.30.jpg,__Unknown__,True,Mabel__Mabel Amanteigado Mabel Sabor Leite,0.5655114054679871,0.72,0.0,Adoralle__Adoralle Alimentos Laminados Doces Leite,0.5611960093180338,0.004315396149953243,['low_score'],11,"17,19",17.19,"10,49",10.49,,,"17,19 / 10,49",17.19 / 10.49,regular,False,image_base_color,white,130.72585819186654,11,1
IMG_7376.HEIC,69,0.2793048620223999,1902,3240,2155,3371,product_crops\product_0069_conf_0.28.jpg,__Unknown__,True,RANCHEIRO__RANCHEIRO ROSQUINHA DE CHOCOLATE RANCHEIRO,0.5010523200035095,0.62,-0.09999999999999998,RANCHEIRO__RANCHEIRO ROSQUINHA BANANA-CANELA RANCHEIRO,0.4983632415533066,0.002689078450202942,['low_score'],,,,,,,,,,,,,,,,0
IMG_7377.HEIC,0,0.909700870513916,799,566,996,778,product_crops\product_0000_conf_0.91.jpg,__Unknown__,True,RANCHEIRO__RANCHEIRO COOKIES RANCHEIRO,0.4315200448036194,0.68,-0.039999999999999925,RANCHEIRO__RANCHEIRO ROSQ RECHEADA RANCHEIRO CHOC-COCO,0.4202434718608856,0.011276572942733765,['low_score'],,,,,,,,,,,,,,,,0
IMG_7377.HEIC,1,0.906884491443634,1003,573,1199,769,product_crops\product_0001_conf_0.91.jpg,__Unknown__,True,RANCHEIRO__RANCHEIRO ROSQ RECHEADA RANCHEIRO CHOC-COCO,0.42121274769306183,0.71,-0.010000000000000009,RANCHEIRO__RANCHEIRO COOKIES RANCHEIRO,0.41331595182418823,0.007896795868873596,['low_score'],,,,,,,,,,,,,,,,0
IMG_7377.HEIC,2,0.9018746018409729,534,1218,928,1336,product_crops\product_0002_conf_0.90.jpg,__Unknown__,True,RANCHEIRO__RANCHEIRO COOKIES CHOCOLATE RANCHEIRO,0.5440132021903992,0.72,0.0,RANCHEIRO__RANCHEIRO COOKIES RANCHEIRO,0.5419141054153442,0.0020990967750549316,['low_score'],,,,,,,,,,,,,,,,0
IMG_7377.HEIC,3,0.8981334567070007,515,1100,914,1214,product_crops\product_0003_conf_0.90.jpg,__Unknown__,True,RANCHEIRO__RANCHEIRO COOKIES CHOCOLATE RANCHEIRO,0.5574626525243124,0.72,0.0,RANCHEIRO__RANCHEIRO COOKIES RANCHEIRO,0.5509451627731323,0.00651748975118005,['low_score'],,,,,,,,,,,,,,,,0
IMG_7377.HEIC,4,0.8933063745498657,1699,1945,2172,2036,product_crops\product_0004_conf_0.89.jpg,__Unknown__,True,RANCHEIRO__RANCHEIRO COOKIES RANCHEIRO,0.6633297204971313,0.68,-0.039999999999999925,RANCHEIRO__RANCHEIRO COOKIES CHOCOLATE RANCHEIRO,0.6580703258514404,0.005259394645690918,['low_score'],,,,,,,,,,,,,,,,0
IMG_7377.HEIC,5,0.8880572319030762,968,1101,1378,1221,product_crops\product_0005_conf_0.89.jpg,__Unknown__,True,RANCHEIRO__RANCHEIRO CREAM CRACKER RANCHEIRO,0.5412485798199972,0.81,0.09000000000000008,RANCHEIRO__RANCHEIRO COOKIES CHOCOLATE RANCHEIRO,0.5333039164543152,0.007944663365682003,['low_score'],,,,,,,,,,,,,,,,0
IMG_7377.HEIC,6,0.8625831007957458,1205,515,1372,691,product_crops\product_0006_conf_0.86.jpg,__Unknown__,True,RANCHEIRO__RANCHEIRO ROSQ RECHEADA RANCHEIRO CHOC-COCO,0.40474236011505127,0.71,-0.010000000000000009,RANCHEIRO__RANCHEIRO COOKIES RANCHEIRO,0.38908690214157104,0.015655457973480225,['low_score'],,,,,,,,,,,,,,,,0
IMG_7377.HEIC,7,0.8609845042228699,1209,698,1376,880,product_crops\product_0007_conf_0.86.jpg,__Unknown__,True,RANCHEIRO__RANCHEIRO ROSQ RECHEADA RANCHEIRO CHOC-COCO,0.43278950452804565,0.71,-0.010000000000000009,RANCHEIRO__RANCHEIRO WAFER RANCHEIRO LIMAO,0.39573556184768677,0.03705394268035889,['low_score'],,,,,,,,,,,,,,,,0
IMG_7377.HEIC,8,0.8561250567436218,979,1225,1366,1340,product_crops\product_0008_conf_0.86.jpg,__Unknown__,True,RANCHEIRO__RANCHEIRO COOKIES CHOCOLATE RANCHEIRO,0.5512830317020416,0.72,0.0,RANCHEIRO__RANCHEIRO CREAM CRACKER RANCHEIRO,0.5494044621785482,0.0018785695234934119,['low_score'],9,"6,33",6.33,,,,,"6,33",6.33,promo,True,yellow_vs_image_white,yellow,170.11540200699054,9,1
IMG_7377.HEIC,9,0.8549267649650574,1715,1633,2229,1880,product_crops\product_0009_conf_0.85.jpg,__Unknown__,True,RANCHEIRO__RANCHEIRO ROSQUINHA BANANA-CANELA RANCHEIRO,0.4897765666246414,0.72,0.0,RANCHEIRO__RANCHEIRO COOKIES CHOCOLATE RANCHEIRO,0.4863913655281067,0.003385201096534729,['low_score'],1,"4,99",4.99,,,,,"4,99",4.99,regular,False,image_base_color,white,166.4309165990502,1,1
IMG_7377.HEIC,10,0.8542184233665466,1723,2039,2158,2132,product_crops\product_0010_conf_0.85.jpg,__Unknown__,True,RANCHEIRO__RANCHEIRO COOKIES RANCHEIRO,0.6137608687082926,0.68,-0.039999999999999925,Mabel__Mabel Cookie Mabel Original com gotas de chocolate,0.5950511693954468,0.01870969931284583,['low_score'],,,,,,,,,,,,,,,,0
IMG_7377.HEIC,11,0.8519619107246399,1200,2804,1476,2890,product_crops\product_0011_conf_0.85.jpg,RANCHEIRO__RANCHEIRO COOKIES CHOCOLATE RANCHEIRO,False,RANCHEIRO__RANCHEIRO COOKIES CHOCOLATE RANCHEIRO,0.9099920988082886,0.72,0.0,RANCHEIRO__RANCHEIRO COOKIES RANCHEIRO,0.8825646241505941,0.02742747465769446,[],,,,,,,,,,,,,,,,0
IMG_7377.HEIC,12,0.8457867503166199,380,552,579,765,product_crops\product_0012_conf_0.85.jpg,__Unknown__,True,RANCHEIRO__RANCHEIRO ROSQ RECHEADA RANCHEIRO CHOC-COCO,0.40479934215545654,0.71,-0.010000000000000009,RANCHEIRO__RANCHEIRO COOKIES RANCHEIRO,0.3841401934623718,0.020659148693084717,['low_score'],,,,,,,,,,,,,,,,0
IMG_7377.HEIC,13,0.8430898189544678,159,634,315,763,product_crops\product_0013_conf_0.84.jpg,__Unknown__,True,Mabel__Mabel BOX,0.3835027515888214,0.72,0.0,,,,['low_score'],,,,,,,,,,,,,,,,0
IMG_7377.HEIC,14,0.8410337567329407,68,1215,474,1329,product_crops\product_0014_conf_0.84.jpg,__Unknown__,True,RANCHEIRO__RANCHEIRO COOKIES CHOCOLATE RANCHEIRO,0.5974884033203125,0.72,0.0,RANCHEIRO__RANCHEIRO ROSQUINHA RECHEADA DE CHOCOLATE RANCHEIRO,0.5967422326405843,0.0007461706797281531,['low_score'],20,"5,33",5.33,,,,,"5,33",5.33,promo,True,yellow_vs_image_white,yellow,181.12495686679955,20,1
IMG_7377.HEIC,15,0.839544415473938,1497,2754,1761,2834,product_crops\product_0015_conf_0.84.jpg,RANCHEIRO__RANCHEIRO COOKIES CHOCOLATE RANCHEIRO,False,RANCHEIRO__RANCHEIRO COOKIES CHOCOLATE RANCHEIRO,0.8518754839897156,0.72,0.0,RANCHEIRO__RANCHEIRO COOKIES RANCHEIRO,0.8355794747670492,0.016296009222666386,[],,,,,,,,,,,,,,,,0
IMG_7377.HEIC,16,0.8360838294029236,607,777,800,903,product_crops\product_0016_conf_0.84.jpg,__Unknown__,True,RANCHEIRO__RANCHEIRO COOKIES RANCHEIRO,0.4080706834793091,0.68,-0.039999999999999925,RANCHEIRO__RANCHEIRO ROSQ RECHEADA RANCHEIRO CHOC-COCO,0.39439624547958374,0.013674437999725342,['low_score'],,,,,,,,,,,,,,,,0
IMG_7377.HEIC,17,0.8266274333000183,7,2807,319,2930,product_crops\product_0017_conf_0.83.jpg,RANCHEIRO__RANCHEIRO COOKIES CHOCOLATE RANCHEIRO,False,RANCHEIRO__RANCHEIRO COOKIES CHOCOLATE RANCHEIRO,0.911363422870636,0.72,0.0,RANCHEIRO__RANCHEIRO COOKIES RANCHEIRO,0.9008833914995193,0.010480031371116638,[],,,,,,,,,,,,,,,,0
IMG_7377.HEIC,18,0.8141190409660339,401,771,598,901,product_crops\product_0018_conf_0.81.jpg,__Unknown__,True,RANCHEIRO__RANCHEIRO COOKIES RANCHEIRO,0.4238159656524658,0.68,-0.039999999999999925,RANCHEIRO__RANCHEIRO ROSQ RECHEADA RANCHEIRO CHOC-COCO,0.4046678841114044,0.0191480815410614,['low_score'],,,,,,,,,,,,,,,,0
IMG_7377.HEIC,19,0.8130407333374023,1032,2974,1365,3237,product_crops\product_0019_conf_0.81.jpg,__Unknown__,True,RANCHEIRO__RANCHEIRO COOKIES CHOCOLATE RANCHEIRO,0.6058922211329142,0.72,0.0,RANCHEIRO__RANCHEIRO COOKIES RANCHEIRO,0.5837557315826416,0.022136489550272587,['low_score'],2,"4,92",4.92,"3,99",3.99,,,"4,92 / 3,99",4.92 / 3.99,promo,True,shelf_size_outlier,yellow,243.115713190242,2,1
IMG_7377.HEIC,20,0.8034797310829163,1226,2043,1646,2139,product_crops\product_0020_conf_0.80.jpg,__Unknown__,True,RANCHEIRO__RANCHEIRO COOKIES RANCHEIRO,0.6523814052343369,0.68,-0.039999999999999925,Mabel__Mabel Cookie Mabel Original com gotas de chocolate,0.6411014795303345,0.01127992570400238,['low_score'],,,,,,,,,,,,,,,,0
IMG_7377.HEIC,21,0.802466869354248,1694,2136,2164,2235,product_crops\product_0021_conf_0.80.jpg,__Unknown__,True,Adoralle__Adoralle Alimentos Laminados Doces Maizena,0.6145550012588501,0.73,0.010000000000000009,Adoralle__Adoralle Alimentos Laminados Doces Coco,0.6045182943344116,0.010036706924438477,['low_score'],14,"4,99",4.99,,,,,"4,99",4.99,regular,False,image_base_color,white,197.3854097951518,14,1
IMG_7377.HEIC,22,0.7968114614486694,625,2669,865,2765,product_crops\product_0022_conf_0.80.jpg,RANCHEIRO__RANCHEIRO COOKIES RANCHEIRO,False,RANCHEIRO__RANCHEIRO COOKIES RANCHEIRO,0.894582062959671,0.68,-0.039999999999999925,RANCHEIRO__RANCHEIRO COOKIES CHOCOLATE RANCHEIRO,0.8856900930404663,0.008891969919204712,[],,,,,,,,,,,,,,,,0
IMG_7377.HEIC,23,0.7939584851264954,940,2758,1186,2826,product_crops\product_0023_conf_0.79.jpg,__Unknown__,True,RANCHEIRO__RANCHEIRO COOKIES CHOCOLATE RANCHEIRO,0.7024721105893453,0.72,0.0,RANCHEIRO__RANCHEIRO COOKIES RANCHEIRO,0.6970664262771606,0.005405684312184689,['low_score'],,,,,,,,,,,,,,,,0
IMG_7377.HEIC,24,0.787402868270874,931,2658,1197,2753,product_crops\product_0024_conf_0.79.jpg,RANCHEIRO__RANCHEIRO COOKIES CHOCOLATE RANCHEIRO,False,RANCHEIRO__RANCHEIRO COOKIES CHOCOLATE RANCHEIRO,0.8536293208599091,0.72,0.0,RANCHEIRO__RANCHEIRO COOKIES RANCHEIRO,0.84104323387146,0.012586086988449097,[],13,,,,,,,,,regular,False,image_base_color,white,242.43040238385944,13,1
IMG_7377.HEIC,25,0.7828989028930664,704,2116,1177,2229,product_crops\product_0025_conf_0.78.jpg,__Unknown__,True,RANCHEIRO__RANCHEIRO COOKIES RANCHEIRO,0.6358078718185425,0.68,-0.039999999999999925,RANCHEIRO__RANCHEIRO COOKIES CHOCOLATE RANCHEIRO,0.6307058334350586,0.005102038383483887,['low_score'],,,,,,,,,,,,,,,,0
IMG_7377.HEIC,26,0.7793640494346619,17,770,208,891,product_crops\product_0026_conf_0.78.jpg,__Unknown__,True,RANCHEIRO__RANCHEIRO ROSQUINHA RECHEADA DE MORANGO-CARAMELO RANCHEIRO,0.4050293167432149,0.68,-0.039999999999999925,RANCHEIRO__RANCHEIRO ROSQ RECHEADA RANCHEIRO CHOC-COCO,0.3989593982696533,0.006069918473561586,['low_score'],,,,,,,,,,,,,,,,0
IMG_7377.HEIC,27,0.7695155739784241,695,2977,1033,3242,product_crops\product_0027_conf_0.77.jpg,__Unknown__,True,RANCHEIRO__RANCHEIRO COOKIES CHOCOLATE RANCHEIRO,0.6082448214292526,0.72,0.0,RANCHEIRO__RANCHEIRO COOKIES RANCHEIRO,0.5848522782325745,0.02339254319667816,['low_score'],,,,,,,,,,,,,,,,0
IMG_7377.HEIC,28,0.7690423130989075,1810,2651,2059,2746,product_crops\product_0028_conf_0.77.jpg,RANCHEIRO__RANCHEIRO COOKIES RANCHEIRO,False,RANCHEIRO__RANCHEIRO COOKIES RANCHEIRO,0.8397724628448486,0.68,-0.039999999999999925,RANCHEIRO__RANCHEIRO COOKIES CHOCOLATE RANCHEIRO,0.8290664404630661,0.010706022381782532,[],,,,,,,,,,,,,,,,0
IMG_7377.HEIC,29,0.7663553357124329,1752,3084,1992,3153,product_crops\product_0029_conf_0.77.jpg,__Unknown__,True,RANCHEIRO__RANCHEIRO COOKIES RANCHEIRO,0.6444183985392252,0.68,-0.039999999999999925,RANCHEIRO__RANCHEIRO COOKIES CHOCOLATE RANCHEIRO,0.6309483647346497,0.013470033804575565,['low_score'],6,"4,79",4.79,"3,19",3.19,,,"4,79 / 3,19",4.79 / 3.19,promo,True,yellow_vs_image_white,yellow,206.83628791873053,6,1
IMG_7377.HEIC,30,0.7638116478919983,1008,772,1205,908,product_crops\product_0030_conf_0.76.jpg,__Unknown__,True,RANCHEIRO__RANCHEIRO ROSQ RECHEADA RANCHEIRO CHOC-COCO,0.39924803376197815,0.71,-0.010000000000000009,RANCHEIRO__RANCHEIRO ROSQUINHA RECHEADA DE MORANGO-CARAMELO RANCHEIRO,0.3930184543132782,0.006229579448699951,['low_score'],,,,,,,,,,,,,,,,0
IMG_7377.HEIC,31,0.7622824907302856,1738,2325,2092,2555,product_crops\product_0031_conf_0.76.jpg,__Unknown__,True,RANCHEIRO__RANCHEIRO WAFER RANCHEIRO BAUNILHA,0.520998477935791,0.7,-0.020000000000000018,,,,['low_score'],7,"9,59",9.59,"5,99",5.99,,,"9,59 / 5,99",9.59 / 5.99,regular,False,image_base_color,white,205.74559533559886,7,1
IMG_7377.HEIC,32,0.7621442675590515,2160,3083,2266,3225,product_crops\product_0032_conf_0.76.jpg,__Unknown__,True,RANCHEIRO__RANCHEIRO ROSQUINHA DE COCO RANCHEIRO,0.44638511538505554,0.72,0.0,RANCHEIRO__RANCHEIRO ROSQUINHA DE CHOCOLATE RANCHEIRO,0.4444870501756668,0.001898065209388733,['low_score'],,,,,,,,,,,,,,,,0
IMG_7377.HEIC,33,0.7615180611610413,213,769,397,896,product_crops\product_0033_conf_0.76.jpg,__Unknown__,True,RANCHEIRO__RANCHEIRO COOKIES RANCHEIRO,0.39830678701400757,0.68,-0.039999999999999925,RANCHEIRO__RANCHEIRO ROSQ RECHEADA RANCHEIRO CHOC-COCO,0.38772380352020264,0.010582983493804932,['low_score'],,,,,,,,,,,,,,,,0
IMG_7377.HEIC,34,0.7588049173355103,1371,2966,1711,3231,product_crops\product_0034_conf_0.76.jpg,__Unknown__,True,RANCHEIRO__RANCHEIRO COOKIES CHOCOLATE RANCHEIRO,0.5862977504730225,0.72,0.0,RANCHEIRO__RANCHEIRO COOKIES RANCHEIRO,0.5556765794754028,0.03062117099761963,['low_score'],15,,,,,,,,,regular,False,image_base_color,white,217.31141249368383,15,1
IMG_7377.HEIC,35,0.7471757531166077,1209,1940,1653,2037,product_crops\product_0035_conf_0.75.jpg,__Unknown__,True,RANCHEIRO__RANCHEIRO COOKIES RANCHEIRO,0.6503520607948303,0.68,-0.039999999999999925,RANCHEIRO__RANCHEIRO COOKIES CHOCOLATE RANCHEIRO,0.6486263672510783,0.0017256935437520715,['low_score'],,,,,,,,,,,,,,,,0
IMG_7377.HEIC,36,0.7413277626037598,1819,2748,2052,2852,product_crops\product_0036_conf_0.74.jpg,RANCHEIRO__RANCHEIRO COOKIES CHOCOLATE RANCHEIRO,False,RANCHEIRO__RANCHEIRO COOKIES CHOCOLATE RANCHEIRO,0.7566725015640259,0.72,0.0,RANCHEIRO__RANCHEIRO COOKIES RANCHEIRO,0.752705971399943,0.003966530164082882,[],,,,,,,,,,,,,,,,0
IMG_7377.HEIC,37,0.7358081340789795,1202,2142,1656,2232,product_crops\product_0037_conf_0.74.jpg,__Unknown__,True,Adoralle__Adoralle Alimentos Laminados Doces Coco,0.6100937128067017,0.72,0.0,Adoralle__Adoralle Alimentos Laminados Doces Maizena,0.6076528429985046,0.0024408698081970215,['low_score'],,,,,,,,,,,,,,,,0
IMG_7377.HEIC,38,0.7339430451393127,807,784,1000,905,product_crops\product_0038_conf_0.73.jpg,__Unknown__,True,RANCHEIRO__RANCHEIRO COOKIES RANCHEIRO,0.4097169041633606,0.68,-0.039999999999999925,RANCHEIRO__RANCHEIRO WAFER RANCHEIRO LIMAO,0.3895266056060791,0.020190298557281494,['low_score'],,,,,,,,,,,,,,,,0
IMG_7377.HEIC,39,0.718205451965332,45,3109,290,3172,product_crops\product_0039_conf_0.72.jpg,__Unknown__,True,RANCHEIRO__RANCHEIRO COOKIES RANCHEIRO,0.6144463866949081,0.68,-0.039999999999999925,RANCHEIRO__RANCHEIRO COOKIES CHOCOLATE RANCHEIRO,0.6037305593490601,0.010715827345848083,['low_score'],4,"4,99",4.99,"3,33",3.33,,,"4,99 / 3,33",4.99 / 3.33,promo,True,shelf_size_outlier,yellow,97.01675113092584,4,1
IMG_7377.HEIC,40,0.6993107795715332,340,2755,591,2818,product_crops\product_0040_conf_0.70.jpg,__Unknown__,True,RANCHEIRO__RANCHEIRO BISCOITO MARIA RANCHEIRO,0.6048021614551544,0.72,0.0,Mabel__Mabel Recheado Mabel Sabor Chocolate,0.5937620401382446,0.01104012131690979,['low_score'],,,,,,,,,,,,,,,,0
IMG_7377.HEIC,41,0.6851977705955505,58,1092,479,1214,product_crops\product_0041_conf_0.69.jpg,__Unknown__,True,RANCHEIRO__RANCHEIRO ROSQUINHA RECHEADA DE CHOCOLATE RANCHEIRO,0.6205537676811218,0.64,-0.07999999999999996,,,,['low_score'],,,,,,,,,,,,,,,,0
IMG_7377.HEIC,42,0.6790321469306946,3,2298,305,2562,product_crops\product_0042_conf_0.68.jpg,__Unknown__,True,Mabel__Mabel Rosquinha Mabel Sabor Leite,0.485573872923851,0.72,0.0,RANCHEIRO__RANCHEIRO ROSQUINHA DE CHOCOLATE RANCHEIRO,0.457211971282959,0.02836190164089203,['low_score'],5,"2,39",2.39,,,,,"2,39",2.39,promo,True,yellow_vs_image_white,yellow,278.84224930953343,5,1
IMG_7377.HEIC,43,0.6782993078231812,664,523,792,708,product_crops\product_0043_conf_0.68.jpg,__Unknown__,True,RANCHEIRO__RANCHEIRO WAFER RANCHEIRO LIMAO,0.4070174992084503,0.72,0.0,Mabel__Mabel BOX,0.3779405951499939,0.02907690405845642,['low_score'],,,,,,,,,,,,,,,,0
IMG_7377.HEIC,44,0.6624431610107422,0,1952,314,2219,product_crops\product_0044_conf_0.66.jpg,__Unknown__,True,RANCHEIRO__RANCHEIRO COOKIES CHOCOLATE RANCHEIRO,0.5529597401618958,0.72,0.0,RANCHEIRO__RANCHEIRO BISCOITO MARIA RANCHEIRO,0.5508481562137604,0.002111583948135376,['low_score'],,,,,,,,,,,,,,,,0
IMG_7377.HEIC,45,0.6481438875198364,660,1551,1146,1647,product_crops\product_0045_conf_0.65.jpg,__Unknown__,True,RANCHEIRO__RANCHEIRO COOKIES CHOCOLATE RANCHEIRO,0.6327820122241974,0.72,0.0,RANCHEIRO__RANCHEIRO COOKIES RANCHEIRO,0.618496298789978,0.01428571343421936,['low_score'],21,"3,33",3.33,,,,,"3,33",3.33,promo,True,yellow_vs_image_white,yellow,254.82592097351477,21,1
IMG_7377.HEIC,46,0.6475814580917358,1818,1376,2240,1488,product_crops\product_0046_conf_0.65.jpg,__Unknown__,True,Mabel__Mabel Cookie Mabel Chocolate com gotas de chocolate,0.5407288670539856,0.72,0.0,RANCHEIRO__RANCHEIRO COOKIES CHOCOLATE RANCHEIRO,0.5389511585235596,0.0017777085304260254,['low_score'],3,"8,39",8.39,"8,99",8.99,,,"8,39 / 8,99",8.39 / 8.99,regular,False,image_base_color,white,108.63816088281318,3,1
IMG_7377.HEIC,47,0.6007119417190552,323,1964,685,2219,product_crops\product_0047_conf_0.60.jpg,__Unknown__,True,RANCHEIRO__RANCHEIRO ROSQUINHA RECHEADA DE MORANGO-CARAMELO RANCHEIRO,0.6160308122634888,0.68,-0.039999999999999925,Adoralle__Adoralle Alimentos Laminados Doces Coco,0.5675344665845236,0.048496345678965214,['low_score'],12,"4,99",4.99,,,,,"4,99",4.99,regular,False,image_base_color,white,168.2914139223983,12,1
IMG_7377.HEIC,48,0.5937443375587463,1500,2662,1762,2752,product_crops\product_0048_conf_0.59.jpg,RANCHEIRO__RANCHEIRO COOKIES CHOCOLATE RANCHEIRO,False,RANCHEIRO__RANCHEIRO COOKIES CHOCOLATE RANCHEIRO,0.8119174043337504,0.72,0.0,RANCHEIRO__RANCHEIRO COOKIES RANCHEIRO,0.8054679036140442,0.0064495007197061804,[],,,,,,,,,,,,,,,,0
IMG_7377.HEIC,49,0.5779274106025696,938,2315,1314,2585,product_crops\product_0049_conf_0.58.jpg,__Unknown__,True,RANCHEIRO__RANCHEIRO ROSQ RECHEADA RANCHEIRO CHOC-COCO,0.6320285797119141,0.71,-0.010000000000000009,RANCHEIRO__RANCHEIRO ROSQUINHA RECHEADA DE MORANGO-CARAMELO RANCHEIRO,0.5779696106910706,0.054058969020843506,['low_score'],,,,,,,,,,,,,,,,0
IMG_7377.HEIC,50,0.5754568576812744,548,1343,939,1474,product_crops\product_0050_conf_0.58.jpg,__Unknown__,True,RANCHEIRO__RANCHEIRO ROSQUINHA RECHEADA DE CHOCOLATE RANCHEIRO,0.5557048320770264,0.64,-0.07999999999999996,RANCHEIRO__RANCHEIRO COOKIES CHOCOLATE RANCHEIRO,0.5508320927619934,0.004872739315032959,['low_score'],10,"5,99",5.99,,,,,"5,99",5.99,promo,True,yellow_vs_image_white,yellow,30.56550343115585,10,1
IMG_7377.HEIC,51,0.5613688826560974,481,2300,876,2587,product_crops\product_0051_conf_0.56.jpg,__Unknown__,True,RANCHEIRO__RANCHEIRO ROSQ RECHEADA RANCHEIRO CHOC-COCO,0.6390246748924255,0.71,-0.010000000000000009,RANCHEIRO__RANCHEIRO COOKIES CHOCOLATE RANCHEIRO,0.6052253246307373,0.03379935026168823,['low_score'],0,"4,99",4.99,"3,33",3.33,,,"4,99 / 3,33",4.99 / 3.33,promo,True,yellow_vs_image_white,yellow,127.64109839702884,0,1
IMG_7377.HEIC,52,0.5338357090950012,1432,1226,1767,1349,product_crops\product_0052_conf_0.53.jpg,__Unknown__,True,Mabel__Mabel Cookie Mabel Chocolate com gotas de chocolate,0.5735331773757935,0.72,0.0,RANCHEIRO__RANCHEIRO ROSQUINHA DE CHOCOLATE RANCHEIRO,0.5620576590299606,0.011475518345832825,['low_score'],,,,,,,,,,,,,,,,0
IMG_7377.HEIC,53,0.5268738865852356,967,2826,1186,2876,product_crops\product_0053_conf_0.53.jpg,__Unknown__,True,RANCHEIRO__RANCHEIRO BISCOITO MARIA RANCHEIRO,0.4868433674176534,0.72,0.0,RANCHEIRO__RANCHEIRO WAFER RANCHEIRO MORANGO,0.47420355677604675,0.01263981064160663,['low_score'],,,,,,,,,,,,,,,,0
IMG_7377.HEIC,54,0.5035900473594666,720,2009,1158,2107,product_crops\product_0054_conf_0.50.jpg,__Unknown__,True,RANCHEIRO__RANCHEIRO COOKIES RANCHEIRO,0.6452973037958145,0.68,-0.039999999999999925,Mabel__Mabel Cookie Mabel Original com gotas de chocolate,0.6339932680130005,0.011304035782814026,['low_score'],,,,,,,,,,,,,,,,0
IMG_7377.HEIC,55,0.5005834102630615,3,673,154,765,product_crops\product_0055_conf_0.50.jpg,__Unknown__,True,RANCHEIRO__RANCHEIRO ROSQUINHA RECHEADA DE MORANGO-CARAMELO RANCHEIRO,0.42150385677814484,0.68,-0.039999999999999925,RANCHEIRO__RANCHEIRO ROSQ RECHEADA RANCHEIRO CHOC-COCO,0.41204968094825745,0.00945417582988739,['low_score'],,,,,,,,,,,,,,,,0
IMG_7377.HEIC,56,0.4971412420272827,1166,1635,1696,1866,product_crops\product_0056_conf_0.50.jpg,__Unknown__,True,RANCHEIRO__RANCHEIRO ROSQUINHA RECHEADA DE MORANGO-CARAMELO RANCHEIRO,0.5993931293487549,0.68,-0.039999999999999925,RANCHEIRO__RANCHEIRO WAFER RANCHEIRO CHOCOLATE,0.5952949523925781,0.004098176956176758,['low_score'],18,"4,99",4.99,"3,33",3.33,,,"4,99 / 3,33",4.99 / 3.33,promo,True,yellow_vs_image_white,yellow,174.9928569970786,18,1
IMG_7377.HEIC,57,0.4752310812473297,335,2680,594,2752,product_crops\product_0057_conf_0.48.jpg,RANCHEIRO__RANCHEIRO COOKIES CHOCOLATE RANCHEIRO,False,RANCHEIRO__RANCHEIRO COOKIES CHOCOLATE RANCHEIRO,0.8372633457183838,0.72,0.0,RANCHEIRO__RANCHEIRO COOKIES RANCHEIRO,0.828866183757782,0.008397161960601807,[],,,,,,,,,,,,,,,,0
IMG_7377.HEIC,58,0.4629351496696472,0,1541,148,1861,product_crops\product_0058_conf_0.46.jpg,__Unknown__,True,RANCHEIRO__RANCHEIRO BISCOITO MARIA RANCHEIRO,0.5164012908935547,0.72,0.0,RANCHEIRO__RANCHEIRO ROSQUINHA RECHEADA DE CHOCOLATE RANCHEIRO,0.48631832997004193,0.030082960923512758,['low_score'],,,,,,,,,,,,,,,,0
IMG_7377.HEIC,59,0.45793333649635315,383,3065,636,3136,product_crops\product_0059_conf_0.46.jpg,__Unknown__,True,RANCHEIRO__RANCHEIRO COOKIES RANCHEIRO,0.5918390154838562,0.68,-0.039999999999999925,RANCHEIRO__RANCHEIRO COOKIES CHOCOLATE RANCHEIRO,0.5727645009756088,0.019074514508247375,['low_score'],16,,,,,,,,,regular,False,image_base_color,white,212.31698000866535,16,1
IMG_7377.HEIC,60,0.44780880212783813,1430,1352,1806,1478,product_crops\product_0060_conf_0.45.jpg,__Unknown__,True,Mabel__Mabel Cookie Mabel Chocolate com gotas de chocolate,0.5348135828971863,0.72,0.0,RANCHEIRO__RANCHEIRO COOKIES CHOCOLATE RANCHEIRO,0.5290965735912323,0.0057170093059539795,['low_score'],,,,,,,,,,,,,,,,0
IMG_7377.HEIC,61,0.4466383457183838,162,1748,577,1871,product_crops\product_0061_conf_0.45.jpg,__Unknown__,True,RANCHEIRO__RANCHEIRO BISCOITO MARIA RANCHEIRO,0.548290565609932,0.72,0.0,RANCHEIRO__RANCHEIRO COOKIES RANCHEIRO,0.534845232963562,0.013445332646369934,['low_score'],17,"3,33",3.33,,,,,"3,33",3.33,promo,True,yellow_vs_image_white,yellow,35.387144558440994,17,1
IMG_7377.HEIC,62,0.4409497082233429,628,2767,870,2836,product_crops\product_0062_conf_0.44.jpg,RANCHEIRO__RANCHEIRO COOKIES RANCHEIRO,False,RANCHEIRO__RANCHEIRO COOKIES RANCHEIRO,0.8540762066841125,0.68,-0.039999999999999925,RANCHEIRO__RANCHEIRO COOKIES CHOCOLATE RANCHEIRO,0.8302275985479355,0.023848608136177063,[],22,"3,99",3.99,"2,66",2.66,,,"3,99 / 2,66",3.99 / 2.66,promo,True,yellow_vs_image_white,yellow,125.09996003196804,22,1
IMG_7377.HEIC,63,0.4365134537220001,1748,2994,2002,3081,product_crops\product_0063_conf_0.44.jpg,__Unknown__,True,RANCHEIRO__RANCHEIRO COOKIES CHOCOLATE RANCHEIRO,0.5873934229214987,0.72,0.0,RANCHEIRO__RANCHEIRO COOKIES RANCHEIRO,0.5786027312278748,0.008790691693623898,['low_score'],,,,,,,,,,,,,,,,0
IMG_7377.HEIC,64,0.4345116913318634,733,2976,1009,3038,product_crops\product_0064_conf_0.43.jpg,__Unknown__,True,RANCHEIRO__RANCHEIRO COOKIES RANCHEIRO,0.6019575893878937,0.68,-0.039999999999999925,RANCHEIRO__RANCHEIRO COOKIES CHOCOLATE RANCHEIRO,0.591986894607544,0.009970694780349731,['low_score'],,,,,,,,,,,,,,,,0
IMG_7377.HEIC,65,0.4231346547603607,1435,1157,1768,1223,product_crops\product_0065_conf_0.42.jpg,__Unknown__,True,Mabel__Mabel Laminado Doce Mabel Sabor Chocolate,0.4524681568145752,0.72,0.0,RANCHEIRO__RANCHEIRO ROSQUINHA RECHEADA DE MORANGO-CARAMELO RANCHEIRO,0.44138771295547485,0.011080443859100342,['low_score'],,,,,,,,,,,,,,,,0
IMG_7377.HEIC,66,0.42230117321014404,1825,1324,2249,1387,product_crops\product_0066_conf_0.42.jpg,__Unknown__,True,RANCHEIRO__RANCHEIRO COOKIES CHOCOLATE RANCHEIRO,0.5402576625347137,0.72,0.0,Mabel__Mabel Cookie Mabel Chocolate com gotas de chocolate,0.5315297245979309,0.008727937936782837,['low_score'],,,,,,,,,,,,,,,,0
IMG_7377.HEIC,67,0.4049607515335083,334,2816,604,2864,product_crops\product_0067_conf_0.40.jpg,__Unknown__,True,RANCHEIRO__RANCHEIRO ROSQUINHA DE CHOCOLATE RANCHEIRO,0.5809073448181152,0.62,-0.09999999999999998,RANCHEIRO__RANCHEIRO ROSQUINHA RECHEADA DE MORANGO-CARAMELO RANCHEIRO,0.50336953997612,0.07753780484199524,['low_score'],,,,,,,,,,,,,,,,0
IMG_7377.HEIC,68,0.3912523686885834,333,2985,689,3253,product_crops\product_0068_conf_0.39.jpg,__Unknown__,True,RANCHEIRO__RANCHEIRO COOKIES CHOCOLATE RANCHEIRO,0.6177526116371155,0.72,0.0,RANCHEIRO__RANCHEIRO COOKIES RANCHEIRO,0.6122083365917206,0.0055442750453948975,['low_score'],8,"4,97",4.97,,,,,"4,97",4.97,regular,False,image_base_color,white,201.7777242413047,8,1
IMG_7377.HEIC,69,0.388329416513443,375,2992,648,3060,product_crops\product_0069_conf_0.39.jpg,__Unknown__,True,RANCHEIRO__RANCHEIRO COOKIES RANCHEIRO,0.6245632171630859,0.68,-0.039999999999999925,RANCHEIRO__RANCHEIRO COOKIES CHOCOLATE RANCHEIRO,0.6143556237220764,0.010207593441009521,['low_score'],,,,,,,,,,,,,,,,0
IMG_7377.HEIC,70,0.3797743618488312,1348,2356,1683,2462,product_crops\product_0070_conf_0.38.jpg,__Unknown__,True,RANCHEIRO__RANCHEIRO ROSQUINHA RECHEADA DE MORANGO RANCHEIRO,0.4808790286382039,0.72,0.0,RANCHEIRO__RANCHEIRO ROSQUINHA RECHEADA DE BAUNILHA RANCHEIRO,0.46750909090042114,0.013369937737782778,['low_score'],11,"5,99",5.99,"3,99",3.99,,,"5,99 / 3,99",5.99 / 3.99,promo,True,yellow_vs_image_white,yellow,166.03689349057336,11,1
IMG_7377.HEIC,71,0.36717745661735535,952,1018,1379,1095,product_crops\product_0071_conf_0.37.jpg,__Unknown__,True,Mabel__Mabel Laminado Doce Mabel Sabor Chocolate,0.5034868717193604,0.72,0.0,RANCHEIRO__RANCHEIRO WAFER RANCHEIRO MORANGO,0.489918053150177,0.01356881856918335,['low_score'],,,,,,,,,,,,,,,,0
IMG_7377.HEIC,72,0.36173808574676514,33,3015,297,3106,product_crops\product_0072_conf_0.36.jpg,__Unknown__,True,RANCHEIRO__RANCHEIRO COOKIES CHOCOLATE RANCHEIRO,0.6054284373919169,0.72,0.0,RANCHEIRO__RANCHEIRO COOKIES RANCHEIRO,0.6017759442329407,0.0036524931589762,['low_score'],,,,,,,,,,,,,,,,0
IMG_7377.HEIC,73,0.3613702654838562,1203,2658,1483,2800,product_crops\product_0073_conf_0.36.jpg,RANCHEIRO__RANCHEIRO COOKIES CHOCOLATE RANCHEIRO,False,RANCHEIRO__RANCHEIRO COOKIES CHOCOLATE RANCHEIRO,0.7341741919517517,0.72,0.0,,,,[],,,,,,,,,,,,,,,,0
IMG_7377.HEIC,74,0.32837820053100586,716,1960,1163,2014,product_crops\product_0074_conf_0.33.jpg,__Unknown__,True,RANCHEIRO__RANCHEIRO ROSQUINHA RECHEADA DE MORANGO-CARAMELO RANCHEIRO,0.5785775780677795,0.68,-0.039999999999999925,RANCHEIRO__RANCHEIRO BISCOITO MAIZENA RANCHEIRO,0.5320598284403483,0.04651774962743127,['low_score'],,,,,,,,,,,,,,,,0
IMG_7377.HEIC,75,0.32693246006965637,1826,1179,2258,1323,product_crops\product_0075_conf_0.33.jpg,__Unknown__,True,RANCHEIRO__RANCHEIRO ROSQUINHA DE CHOCOLATE RANCHEIRO,0.5566919445991516,0.62,-0.09999999999999998,RANCHEIRO__RANCHEIRO COOKIES CHOCOLATE RANCHEIRO,0.554183155298233,0.002508789300918579,['low_score'],,,,,,,,,,,,,,,,0
IMG_7377.HEIC,76,0.32311931252479553,207,1558,644,1751,product_crops\product_0076_conf_0.32.jpg,__Unknown__,True,RANCHEIRO__RANCHEIRO ROSQUINHA RECHEADA DE MORANGO-CARAMELO RANCHEIRO,0.5285818576812744,0.68,-0.039999999999999925,RANCHEIRO__RANCHEIRO BISCOITO MARIA RANCHEIRO,0.5272889733314514,0.001292884349822998,['low_score'],,,,,,,,,,,,,,,,0
IMG_7377.HEIC,77,0.31086188554763794,2176,2952,2267,3084,product_crops\product_0077_conf_0.31.jpg,__Unknown__,True,RANCHEIRO__RANCHEIRO BISCOITO MARIA RANCHEIRO,0.43070806562900543,0.72,0.0,RANCHEIRO__RANCHEIRO ROSQUINHA DE CHOCOLATE RANCHEIRO,0.3917139768600464,0.038994088768959045,['low_score'],,,,,,,,,,,,,,,,0
IMG_7377.HEIC,78,0.27086371183395386,4,2478,259,2542,product_crops\product_0078_conf_0.27.jpg,__Unknown__,True,RANCHEIRO__RANCHEIRO ROSQUINHA DE CHOCOLATE RANCHEIRO,0.45885181427001953,0.62,-0.09999999999999998,RANCHEIRO__RANCHEIRO ROSQUINHA RECHEADA DE MORANGO RANCHEIRO,0.44671379774808884,0.012138016521930695,['low_score'],,,,,,,,,,,,,,,,0
IMG_7377.HEIC,79,0.25395575165748596,1071,2974,1324,3045,product_crops\product_0079_conf_0.25.jpg,__Unknown__,True,RANCHEIRO__RANCHEIRO COOKIES RANCHEIRO,0.6333606044451395,0.68,-0.039999999999999925,RANCHEIRO__RANCHEIRO COOKIES CHOCOLATE RANCHEIRO,0.6257852613925934,0.007575343052546146,['low_score'],,,,,,,,,,,,,,,,0
IMG_7378.HEIC,0,0.9166494011878967,1351,3099,1702,3340,product_crops\product_0000_conf_0.92.jpg,__Unknown__,True,RANCHEIRO__RANCHEIRO ROSQUINHA RECHEADA DE MORANGO-CARAMELO RANCHEIRO,0.44985808928807575,0.68,-0.039999999999999925,RANCHEIRO__RANCHEIRO ROSQ RECHEADA RANCHEIRO CHOC-COCO,0.44735854864120483,0.0024995406468709125,['low_score'],,,,,,,,,,,,,,,,0
IMG_7378.HEIC,1,0.910841703414917,674,3094,978,3336,product_crops\product_0001_conf_0.91.jpg,__Unknown__,True,RANCHEIRO__RANCHEIRO COOKIES CHOCOLATE RANCHEIRO,0.4899873038132985,0.72,0.0,Mabel__Mabel Rosquinha Mabel Sabor Leite,0.47004440426826477,0.019942899545033754,['low_score'],,,,,,,,,,,,,,,,0
IMG_7378.HEIC,2,0.9057689309120178,936,1639,1342,1914,product_crops\product_0002_conf_0.91.jpg,__Unknown__,True,RANCHEIRO__RANCHEIRO WAFER RANCHEIRO BAUNILHA,0.5211148262023926,0.7,-0.020000000000000018,RANCHEIRO__RANCHEIRO ROSQUINHA RECHEADA DE MORANGO-CARAMELO RANCHEIRO,0.5207988321781158,0.0003159940242767334,['low_score'],1,"3,00",3.0,,,,,"3,00",3.00,regular,False,image_base_color,white,168.34488409215172,1,1
IMG_7378.HEIC,3,0.9033451676368713,1484,581,1685,789,product_crops\product_0003_conf_0.90.jpg,__Unknown__,True,RANCHEIRO__RANCHEIRO ROSQ RECHEADA RANCHEIRO CHOC-COCO,0.42159613966941833,0.71,-0.010000000000000009,RANCHEIRO__RANCHEIRO COOKIES RANCHEIRO,0.4183827042579651,0.003213435411453247,['low_score'],,,,,,,,,,,,,,,,0
IMG_7378.HEIC,4,0.8974888920783997,1073,579,1264,787,product_crops\product_0004_conf_0.90.jpg,__Unknown__,True,RANCHEIRO__RANCHEIRO COOKIES RANCHEIRO,0.42212480306625366,0.68,-0.039999999999999925,RANCHEIRO__RANCHEIRO ROSQ RECHEADA RANCHEIRO CHOC-COCO,0.4161160737276077,0.006008729338645935,['low_score'],,,,,,,,,,,,,,,,0
IMG_7378.HEIC,5,0.8907290101051331,1693,582,1892,776,product_crops\product_0005_conf_0.89.jpg,__Unknown__,True,RANCHEIRO__RANCHEIRO ROSQ RECHEADA RANCHEIRO CHOC-COCO,0.43416184186935425,0.71,-0.010000000000000009,RANCHEIRO__RANCHEIRO COOKIES RANCHEIRO,0.4338507652282715,0.00031107664108276367,['low_score'],,,,,,,,,,,,,,,,0
IMG_7378.HEIC,6,0.8783398866653442,1742,2365,2091,2639,product_crops\product_0006_conf_0.88.jpg,__Unknown__,True,RANCHEIRO__RANCHEIRO ROSQUINHA RECHEADA DE MORANGO RANCHEIRO,0.5435750484466553,0.72,0.0,RANCHEIRO__RANCHEIRO ROSQUINHA RECHEADA DE BAUNILHA RANCHEIRO,0.5218757390975952,0.02169930934906006,['low_score'],11,"2,19",2.19,"2,39",2.39,,,"2,19 / 2,39",2.19 / 2.39,promo,True,yellow_vs_image_white,yellow,289.9137802864845,11,1
IMG_7378.HEIC,7,0.8753518462181091,754,665,910,795,product_crops\product_0007_conf_0.88.jpg,__Unknown__,True,Mabel__Mabel BOX,0.4071310222148895,0.72,0.0,,,,['low_score'],,,,,,,,,,,,,,,,0
IMG_7378.HEIC,8,0.867214024066925,268,604,459,810,product_crops\product_0008_conf_0.87.jpg,__Unknown__,True,RANCHEIRO__RANCHEIRO ROSQ RECHEADA RANCHEIRO CHOC-COCO,0.424062043428421,0.71,-0.010000000000000009,RANCHEIRO__RANCHEIRO ROSQUINHA RECHEADA DE MORANGO-CARAMELO RANCHEIRO,0.3884070614973704,0.0356549819310506,['low_score'],,,,,,,,,,,,,,,,0
IMG_7378.HEIC,9,0.8645159006118774,1349,1609,1787,1920,product_crops\product_0009_conf_0.86.jpg,__Unknown__,True,RANCHEIRO__RANCHEIRO COOKIES RANCHEIRO,0.5517164766788483,0.68,-0.039999999999999925,RANCHEIRO__RANCHEIRO COOKIES CHOCOLATE RANCHEIRO,0.5511976182460785,0.0005188584327697754,['low_score'],,,,,,,,,,,,,,,,0
IMG_7378.HEIC,10,0.8546683192253113,1450,2799,1748,3026,product_crops\product_0010_conf_0.85.jpg,RANCHEIRO__RANCHEIRO COOKIES CHOCOLATE RANCHEIRO,False,RANCHEIRO__RANCHEIRO COOKIES CHOCOLATE RANCHEIRO,0.824189285437266,0.72,0.0,RANCHEIRO__RANCHEIRO COOKIES RANCHEIRO,0.8097876906394958,0.014401594797770145,[],,,,,,,,,,,,,,,,0
IMG_7378.HEIC,11,0.8450806736946106,1747,2881,2037,3014,product_crops\product_0011_conf_0.85.jpg,RANCHEIRO__RANCHEIRO COOKIES RANCHEIRO,False,RANCHEIRO__RANCHEIRO COOKIES RANCHEIRO,0.905136451125145,0.68,-0.039999999999999925,RANCHEIRO__RANCHEIRO COOKIES CHOCOLATE RANCHEIRO,0.8986110091209412,0.006525442004203796,[],,,,,,,,,,,,,,,,0
IMG_7378.HEIC,12,0.8448998928070068,883,798,1073,921,product_crops\product_0012_conf_0.84.jpg,__Unknown__,True,RANCHEIRO__RANCHEIRO COOKIES RANCHEIRO,0.3763415217399597,0.68,-0.039999999999999925,RANCHEIRO__RANCHEIRO ROSQ RECHEADA RANCHEIRO CHOC-COCO,0.36923539638519287,0.007106125354766846,['low_score'],,,,,,,,,,,,,,,,0
IMG_7378.HEIC,13,0.8310887813568115,688,804,879,924,product_crops\product_0013_conf_0.83.jpg,__Unknown__,True,RANCHEIRO__RANCHEIRO COOKIES RANCHEIRO,0.4418181777000427,0.68,-0.039999999999999925,RANCHEIRO__RANCHEIRO ROSQ RECHEADA RANCHEIRO CHOC-COCO,0.4209754864374797,0.02084269126256305,['low_score'],,,,,,,,,,,,,,,,0
IMG_7378.HEIC,14,0.8276641368865967,1691,781,1897,920,product_crops\product_0014_conf_0.83.jpg,__Unknown__,True,RANCHEIRO__RANCHEIRO ROSQ RECHEADA RANCHEIRO CHOC-COCO,0.4031565189361572,0.71,-0.010000000000000009,RANCHEIRO__RANCHEIRO ROSQUINHA RECHEADA DE MORANGO-CARAMELO RANCHEIRO,0.3925881162285805,0.010568402707576752,['low_score'],,,,,,,,,,,,,,,,0
IMG_7378.HEIC,15,0.8254474997520447,958,1103,1321,1239,product_crops\product_0015_conf_0.83.jpg,__Unknown__,True,Mabel__Mabel Cookie Mabel Chocolate com gotas de chocolate,0.5452552437782288,0.72,0.0,Mabel__Mabel Cookie Mabel Original com gotas de chocolate,0.5207400918006897,0.024515151977539062,['low_score'],,,,,,,,,,,,,,,,0
IMG_7378.HEIC,16,0.8226636052131653,1077,796,1270,922,product_crops\product_0016_conf_0.82.jpg,__Unknown__,True,RANCHEIRO__RANCHEIRO ROSQUINHA RECHEADA DE MORANGO-CARAMELO RANCHEIRO,0.3833869621157646,0.68,-0.039999999999999925,RANCHEIRO__RANCHEIRO ROSQ RECHEADA RANCHEIRO CHOC-COCO,0.3787480294704437,0.004638932645320892,['low_score'],,,,,,,,,,,,,,,,0
IMG_7378.HEIC,17,0.8100644946098328,1279,797,1474,919,product_crops\product_0017_conf_0.81.jpg,__Unknown__,True,RANCHEIRO__RANCHEIRO ROSQ RECHEADA RANCHEIRO CHOC-COCO,0.3946138918399811,0.71,-0.010000000000000009,RANCHEIRO__RANCHEIRO COOKIES RANCHEIRO,0.3905605971813202,0.004053294658660889,['low_score'],,,,,,,,,,,,,,,,0
IMG_7378.HEIC,18,0.809056282043457,467,808,663,925,product_crops\product_0018_conf_0.81.jpg,__Unknown__,True,RANCHEIRO__RANCHEIRO WAFER RANCHEIRO LIMAO,0.4115825593471527,0.72,0.0,RANCHEIRO__RANCHEIRO ROSQ RECHEADA RANCHEIRO CHOC-COCO,0.40600426495075226,0.005578294396400452,['low_score'],,,,,,,,,,,,,,,,0
IMG_7378.HEIC,19,0.7982884049415588,1744,2052,2120,2277,product_crops\product_0019_conf_0.80.jpg,__Unknown__,True,RANCHEIRO__RANCHEIRO ROSQUINHA DE COCO RANCHEIRO,0.60646653175354,0.72,0.0,RANCHEIRO__RANCHEIRO COOKIES CHOCOLATE RANCHEIRO,0.600221852461497,0.006244679292043087,['low_score'],17,"2,19",2.19,,,,,"2,19",2.19,promo,True,yellow_vs_image_white,yellow,315.38111864853295,17,1
IMG_7378.HEIC,20,0.7948910593986511,1794,1587,2243,1921,product_crops\product_0020_conf_0.79.jpg,__Unknown__,True,Adoralle__Adoralle Alimentos Laminados Doces Coco,0.5357422232627869,0.72,0.0,RANCHEIRO__RANCHEIRO COOKIES CHOCOLATE RANCHEIRO,0.5146470069885254,0.021095216274261475,['low_score'],,,,,,,,,,,,,,,,0
IMG_7378.HEIC,21,0.7913523316383362,568,2748,847,2992,product_crops\product_0021_conf_0.79.jpg,RANCHEIRO__RANCHEIRO COOKIES CHOCOLATE RANCHEIRO,False,RANCHEIRO__RANCHEIRO COOKIES CHOCOLATE RANCHEIRO,0.8414648056030274,0.72,0.0,,,,[],,,,,,,,,,,,,,,,0
IMG_7378.HEIC,22,0.7899261116981506,60,593,259,806,product_crops\product_0022_conf_0.79.jpg,__Unknown__,True,RANCHEIRO__RANCHEIRO ROSQ RECHEADA RANCHEIRO CHOC-COCO,0.4198671579360962,0.71,-0.010000000000000009,RANCHEIRO__RANCHEIRO COOKIES RANCHEIRO,0.3872451186180115,0.03262203931808472,['low_score'],,,,,,,,,,,,,,,,0
IMG_7378.HEIC,23,0.7813488245010376,1393,1107,1747,1239,product_crops\product_0023_conf_0.78.jpg,__Unknown__,True,RANCHEIRO__RANCHEIRO ROSQUINHA RECHEADA DE MORANGO RANCHEIRO,0.4904960811138153,0.72,0.0,,,,['low_score'],,,,,,,,,,,,,,,,0
IMG_7378.HEIC,24,0.769609272480011,11,1173,460,1502,product_crops\product_0024_conf_0.77.jpg,__Unknown__,True,RANCHEIRO__RANCHEIRO COOKIES RANCHEIRO,0.6315784752368927,0.68,-0.039999999999999925,RANCHEIRO__RANCHEIRO COOKIES CHOCOLATE RANCHEIRO,0.6224451661109924,0.009133309125900269,['low_score'],,,,,,,,,,,,,,,,0
IMG_7378.HEIC,25,0.7514286637306213,1479,797,1676,920,product_crops\product_0025_conf_0.75.jpg,__Unknown__,True,RANCHEIRO__RANCHEIRO COOKIES RANCHEIRO,0.3816792964935303,0.68,-0.039999999999999925,RANCHEIRO__RANCHEIRO ROSQ RECHEADA RANCHEIRO CHOC-COCO,0.36226006348927814,0.019419233004252134,['low_score'],,,,,,,,,,,,,,,,0
IMG_7378.HEIC,26,0.7225664854049683,1273,538,1448,723,product_crops\product_0026_conf_0.72.jpg,__Unknown__,True,RANCHEIRO__RANCHEIRO ROSQ RECHEADA RANCHEIRO CHOC-COCO,0.4389965832233429,0.71,-0.010000000000000009,RANCHEIRO__RANCHEIRO WAFER RANCHEIRO LIMAO,0.4224461317062378,0.016550451517105103,['low_score'],,,,,,,,,,,,,,,,0
IMG_7378.HEIC,27,0.7214744687080383,468,1375,874,1512,product_crops\product_0027_conf_0.72.jpg,__Unknown__,True,Mabel__Mabel Cookie Mabel Chocolate com gotas de chocolate,0.5448377132415771,0.72,0.0,RANCHEIRO__RANCHEIRO ROSQUINHA RECHEADA DE CHOCOLATE RANCHEIRO,0.5389231294393539,0.005914583802223206,['low_score'],6,"3,49",3.49,,,,,"3,49",3.49,promo,True,yellow_vs_image_white,yellow,38.39596332949598,6,1
IMG_7378.HEIC,28,0.6847445368766785,275,817,461,927,product_crops\product_0028_conf_0.68.jpg,__Unknown__,True,RANCHEIRO__RANCHEIRO WAFER RANCHEIRO BAUNILHA,0.3697180598974228,0.7,-0.020000000000000018,RANCHEIRO__RANCHEIRO ROSQ RECHEADA RANCHEIRO CHOC-COCO,0.36854302883148193,0.001175031065940857,['low_score'],,,,,,,,,,,,,,,,0
IMG_7378.HEIC,29,0.6714038848876953,1411,2380,1750,2660,product_crops\product_0029_conf_0.67.jpg,__Unknown__,True,RANCHEIRO__RANCHEIRO WAFER RANCHEIRO BAUNILHA,0.5892382264137268,0.7,-0.020000000000000018,RANCHEIRO__RANCHEIRO ROSQUINHA RECHEADA DE MORANGO RANCHEIRO,0.579991489648819,0.009246736764907837,['low_score'],5,"5,09",5.09,"5,49",5.49,,,"5,09 / 5,49",5.09 / 5.49,regular,False,image_base_color,white,201.50248137429972,5,1
IMG_7378.HEIC,30,0.633762776851654,1716,3106,2060,3348,product_crops\product_0030_conf_0.63.jpg,__Unknown__,True,RANCHEIRO__RANCHEIRO COOKIES CHOCOLATE RANCHEIRO,0.6340257227420807,0.72,0.0,RANCHEIRO__RANCHEIRO COOKIES RANCHEIRO,0.6331969499588013,0.0008287727832794189,['low_score'],4,"4,99",4.99,"3,33",3.33,,,"4,99 / 3,33",4.99 / 3.33,promo,True,yellow_vs_image_white,yellow,102.0306326551002,4,1
IMG_7378.HEIC,31,0.632576584815979,1004,3092,1343,3346,product_crops\product_0031_conf_0.63.jpg,__Unknown__,True,RANCHEIRO__RANCHEIRO COOKIES CHOCOLATE RANCHEIRO,0.6777301132678986,0.72,0.0,RANCHEIRO__RANCHEIRO COOKIES RANCHEIRO,0.6607306003570557,0.016999512910842896,['low_score'],0,"4,99",4.99,"3,33",3.33,,,"4,99 / 3,33",4.99 / 3.33,promo,True,yellow_vs_image_white,yellow,102.27536360238472,0,1
IMG_7378.HEIC,32,0.6298957467079163,499,1586,911,1679,product_crops\product_0032_conf_0.63.jpg,__Unknown__,True,Mabel__Mabel Recheado Mabel Sabor Chocolate,0.48699668049812317,0.72,0.0,RANCHEIRO__RANCHEIRO BISCOITO MARIA RANCHEIRO,0.4849544167518616,0.0020422637462615967,['low_score'],,,,,,,,,,,,,,,,0
IMG_7378.HEIC,33,0.6292944550514221,859,2891,1139,3009,product_crops\product_0033_conf_0.63.jpg,RANCHEIRO__RANCHEIRO COOKIES RANCHEIRO,False,RANCHEIRO__RANCHEIRO COOKIES RANCHEIRO,0.9158783257007599,0.68,-0.039999999999999925,RANCHEIRO__RANCHEIRO COOKIES CHOCOLATE RANCHEIRO,0.8765935301780701,0.03928479552268982,[],12,"3,69",3.69,,,,,"3,69",3.69,regular,False,image_base_color,white,158.61904047118682,12,1
IMG_7378.HEIC,34,0.6173521280288696,576,708,749,800,product_crops\product_0034_conf_0.62.jpg,__Unknown__,True,RANCHEIRO__RANCHEIRO ROSQ RECHEADA RANCHEIRO CHOC-COCO,0.3964731693267822,0.71,-0.010000000000000009,RANCHEIRO__RANCHEIRO ROSQUINHA RECHEADA DE MORANGO-CARAMELO RANCHEIRO,0.3728421131769816,0.0236310561498006,['low_score'],,,,,,,,,,,,,,,,0
IMG_7378.HEIC,35,0.6122339367866516,1146,2791,1460,3040,product_crops\product_0035_conf_0.61.jpg,RANCHEIRO__RANCHEIRO COOKIES CHOCOLATE RANCHEIRO,False,RANCHEIRO__RANCHEIRO COOKIES CHOCOLATE RANCHEIRO,0.7433774471282959,0.72,0.0,RANCHEIRO__RANCHEIRO COOKIES RANCHEIRO,0.7387369871139526,0.004640460014343262,[],10,"3,99",3.99,"2,66",2.66,,,"3,99 / 2,66",3.99 / 2.66,promo,True,shelf_size_outlier,yellow,75.60588601425157,10,1
IMG_7378.HEIC,36,0.6030216217041016,0,3038,116,3332,product_crops\product_0036_conf_0.60.jpg,__Unknown__,True,Mabel__Mabel BOX,0.3923896551132202,0.72,0.0,,,,['low_score'],,,,,,,,,,,,,,,,0
IMG_7378.HEIC,37,0.6025246381759644,74,812,272,927,product_crops\product_0037_conf_0.60.jpg,__Unknown__,True,RANCHEIRO__RANCHEIRO WAFER RANCHEIRO LIMAO,0.3987472951412201,0.72,0.0,RANCHEIRO__RANCHEIRO ROSQ RECHEADA RANCHEIRO CHOC-COCO,0.3899682015180588,0.008779093623161316,['low_score'],,,,,,,,,,,,,,,,0
IMG_7378.HEIC,38,0.5967567563056946,1434,1239,1696,1376,product_crops\product_0038_conf_0.60.jpg,__Unknown__,True,RANCHEIRO__RANCHEIRO ROSQUINHA RECHEADA DE MORANGO RANCHEIRO,0.4954837679862976,0.72,0.0,,,,['low_score'],,,,,,,,,,,,,,,,0
IMG_7378.HEIC,39,0.59367436170578,2074,3084,2266,3357,product_crops\product_0039_conf_0.59.jpg,__Unknown__,True,Adoralle__Adoralle Alimentos Rosquinhas Coco,0.49666428565979004,0.72,0.0,Emege__Emege Rosquinha Sabor Coco,0.49651652574539185,0.00014775991439819336,['low_score'],13,,,,,,,,,regular,False,image_base_color,white,168.25352893773135,13,1
IMG_7378.HEIC,40,0.5849389433860779,992,1235,1253,1367,product_crops\product_0040_conf_0.58.jpg,__Unknown__,True,RANCHEIRO__RANCHEIRO COOKIES RANCHEIRO,0.5257410883903504,0.68,-0.039999999999999925,,,,['low_score'],3,"3,49",3.49,"2,33",2.33,,,"3,49 / 2,33",3.49 / 2.33,promo,True,yellow_vs_image_white,yellow,211.6039933460614,3,1
IMG_7378.HEIC,41,0.5684977173805237,1898,701,1992,883,product_crops\product_0041_conf_0.57.jpg,__Unknown__,True,RANCHEIRO__RANCHEIRO WAFER RANCHEIRO MORANGO,0.41010189056396484,0.72,0.0,RANCHEIRO__RANCHEIRO ROSQUINHA RECHEADA DE MORANGO-CARAMELO RANCHEIRO,0.406062513589859,0.004039376974105835,['low_score'],,,,,,,,,,,,,,,,0
IMG_7378.HEIC,42,0.5660501718521118,527,1682,879,1784,product_crops\product_0042_conf_0.57.jpg,__Unknown__,True,RANCHEIRO__RANCHEIRO COOKIES RANCHEIRO,0.5150851607322693,0.68,-0.039999999999999925,RANCHEIRO__RANCHEIRO COOKIES CHOCOLATE RANCHEIRO,0.5078887939453125,0.007196366786956787,['low_score'],,,,,,,,,,,,,,,,0
IMG_7378.HEIC,43,0.5515786409378052,522,2166,853,2313,product_crops\product_0043_conf_0.55.jpg,__Unknown__,True,RANCHEIRO__RANCHEIRO CREAM CRACKER RANCHEIRO,0.5519101619720459,0.81,0.09000000000000008,RANCHEIRO__RANCHEIRO WAFER RANCHEIRO MORANGO,0.5150529742240906,0.03685718774795532,['low_score'],7,"3,39",3.39,"2,26",2.26,,,"3,39 / 2,26",3.39 / 2.26,promo,True,yellow_vs_image_white,yellow,10.977249200050075,7,1
IMG_7378.HEIC,44,0.5403575301170349,1835,1256,2201,1377,product_crops\product_0044_conf_0.54.jpg,__Unknown__,True,RANCHEIRO__RANCHEIRO COOKIES RANCHEIRO,0.6758349299430847,0.68,-0.039999999999999925,,,,['low_score'],,,,,,,,,,,,,,,,0
IMG_7378.HEIC,45,0.48616737127304077,852,2349,1415,2666,product_crops\product_0045_conf_0.49.jpg,__Unknown__,True,RANCHEIRO__RANCHEIRO COOKIES CHOCOLATE RANCHEIRO,0.6805591583251953,0.72,0.0,RANCHEIRO__RANCHEIRO COOKIES RANCHEIRO,0.6569927632808685,0.023566395044326782,['low_score'],2,"5,49",5.49,"3,66",3.66,,,"5,49 / 3,66",5.49 / 3.66,promo,True,yellow_vs_image_white,yellow,215.95427756819265,2,1
IMG_7378.HEIC,46,0.47383424639701843,1391,1041,1770,1105,product_crops\product_0046_conf_0.47.jpg,__Unknown__,True,Mabel__Mabel Cookie Mabel Chocolate com gotas de chocolate,0.5664870738983154,0.72,0.0,Mabel__Mabel Recheado Mabel Sabor Chocolate,0.5598794221878052,0.006607651710510254,['low_score'],,,,,,,,,,,,,,,,0
IMG_7378.HEIC,47,0.4504621922969818,1799,1162,2200,1255,product_crops\product_0047_conf_0.45.jpg,__Unknown__,True,RANCHEIRO__RANCHEIRO COOKIES RANCHEIRO,0.6371898293495178,0.68,-0.039999999999999925,,,,['low_score'],,,,,,,,,,,,,,,,0
IMG_7378.HEIC,48,0.43460705876350403,460,1123,893,1373,product_crops\product_0048_conf_0.43.jpg,__Unknown__,True,RANCHEIRO__RANCHEIRO COOKIES RANCHEIRO,0.6066458225250244,0.68,-0.039999999999999925,RANCHEIRO__RANCHEIRO COOKIES CHOCOLATE RANCHEIRO,0.6034082372983297,0.003237585226694706,['low_score'],,,,,,,,,,,,,,,,0
IMG_7378.HEIC,49,0.43127235770225525,514,2025,779,2165,product_crops\product_0049_conf_0.43.jpg,__Unknown__,True,RANCHEIRO__RANCHEIRO WAFER RANCHEIRO BAUNILHA,0.4811453104019165,0.7,-0.020000000000000018,,,,['low_score'],,,,,,,,,,,,,,,,0
IMG_7378.HEIC,50,0.42859163880348206,2070,2001,2266,2288,product_crops\product_0050_conf_0.43.jpg,__Unknown__,True,RANCHEIRO__RANCHEIRO ROSQUINHA RECHEADA DE MORANGO-CARAMELO RANCHEIRO,0.517648458480835,0.68,-0.039999999999999925,RANCHEIRO__RANCHEIRO WAFER RANCHEIRO MORANGO,0.5066058933734894,0.011042565107345581,['low_score'],,,,,,,,,,,,,,,,0
IMG_7378.HEIC,51,0.4094460606575012,1900,517,1994,697,product_crops\product_0051_conf_0.41.jpg,__Unknown__,True,RANCHEIRO__RANCHEIRO BISCOITO MARIA RANCHEIRO,0.4429256021976471,0.72,0.0,RANCHEIRO__RANCHEIRO ROSQUINHA RECHEADA DE MORANGO-CARAMELO RANCHEIRO,0.3577631190419197,0.08516248315572739,['low_score'],,,,,,,,,,,,,,,,0
IMG_7378.HEIC,52,0.39831364154815674,1801,1099,2212,1162,product_crops\product_0052_conf_0.40.jpg,__Unknown__,True,RANCHEIRO__RANCHEIRO COOKIES RANCHEIRO,0.6327017784118653,0.68,-0.039999999999999925,,,,['low_score'],,,,,,,,,,,,,,,,0
IMG_7378.HEIC,53,0.37871915102005005,2152,2192,2267,2292,product_crops\product_0053_conf_0.38.jpg,__Unknown__,True,RANCHEIRO__RANCHEIRO BISCOITO MARIA RANCHEIRO,0.4549688398838043,0.72,0.0,RANCHEIRO__RANCHEIRO ROSQUINHA DE COCO RANCHEIRO,0.45204615592956543,0.0029226839542388916,['low_score'],,,,,,,,,,,,,,,,0
IMG_7378.HEIC,54,0.33592045307159424,565,2384,880,2676,product_crops\product_0054_conf_0.34.jpg,__Unknown__,True,RANCHEIRO__RANCHEIRO COOKIES CHOCOLATE RANCHEIRO,0.6684134801228842,0.72,0.0,RANCHEIRO__RANCHEIRO COOKIES RANCHEIRO,0.6559295356273651,0.01248394449551904,['low_score'],9,"5,49",5.49,"3,66",3.66,,,"5,49 / 3,66",5.49 / 3.66,promo,True,yellow_vs_image_white,yellow,134.6476884316994,9,1
IMG_7378.HEIC,55,0.3340309262275696,1749,3201,2027,3266,product_crops\product_0055_conf_0.33.jpg,__Unknown__,True,RANCHEIRO__RANCHEIRO COOKIES RANCHEIRO,0.6138698905706406,0.68,-0.039999999999999925,RANCHEIRO__RANCHEIRO COOKIES CHOCOLATE RANCHEIRO,0.599864661693573,0.014005228877067566,['low_score'],,,,,,,,,,,,,,,,0
IMG_7378.HEIC,56,0.31547126173973083,1449,2027,1754,2278,product_crops\product_0056_conf_0.32.jpg,__Unknown__,True,RANCHEIRO__RANCHEIRO COOKIES CHOCOLATE RANCHEIRO,0.6270679632822672,0.72,0.0,RANCHEIRO__RANCHEIRO ROSQUINHA DE COCO RANCHEIRO,0.5963557958602905,0.030712167421976688,['low_score'],18,"2,19",2.19,,,,,"2,19",2.19,promo,True,yellow_vs_image_white,yellow,102.71562685395051,18,1
IMG_7378.HEIC,57,0.30740997195243835,527,1785,907,1911,product_crops\product_0057_conf_0.31.jpg,__Unknown__,True,Adoralle__Adoralle Alimentos Laminados Doces Coco,0.5381797154744467,0.72,0.0,RANCHEIRO__RANCHEIRO BISCOITO MARIA RANCHEIRO,0.5360342264175415,0.0021454890569051477,['low_score'],,,,,,,,,,,,,,,,0
IMG_7378.HEIC,58,0.30473843216896057,2087,3078,2268,3147,product_crops\product_0058_conf_0.30.jpg,__Unknown__,True,RANCHEIRO__RANCHEIRO ROSQUINHA RECHEADA DE MORANGO RANCHEIRO,0.5137236714363098,0.72,0.0,RANCHEIRO__RANCHEIRO ROSQUINHA RECHEADA DE BAUNILHA RANCHEIRO,0.5086980164051056,0.005025655031204224,['low_score'],,,,,,,,,,,,,,,,0
IMG_7378.HEIC,59,0.3034505248069763,2100,2755,2263,2834,product_crops\product_0059_conf_0.30.jpg,__Unknown__,True,RANCHEIRO__RANCHEIRO COOKIES CHOCOLATE RANCHEIRO,0.5819679796695709,0.72,0.0,RANCHEIRO__RANCHEIRO ROSQUINHA RECHEADA DE MORANGO-CARAMELO RANCHEIRO,0.5693856477737427,0.012582331895828247,['low_score'],,,,,,,,,,,,,,,,0
IMG_7378.HEIC,60,0.2910430431365967,1208,2016,1484,2273,product_crops\product_0060_conf_0.29.jpg,__Unknown__,True,RANCHEIRO__RANCHEIRO COOKIES CHOCOLATE RANCHEIRO,0.6169556975364685,0.72,0.0,,,,['low_score'],14,"3,10",3.1,,,,,"3,10",3.10,regular,False,image_base_color,white,179.38784797192923,14,1
IMG_7378.HEIC,61,0.2739424407482147,800,2025,1255,2284,product_crops\product_0061_conf_0.27.jpg,__Unknown__,True,RANCHEIRO__RANCHEIRO COOKIES CHOCOLATE RANCHEIRO,0.5533013939857483,0.72,0.0,RANCHEIRO__RANCHEIRO COOKIES RANCHEIRO,0.5368508398532867,0.016450554132461548,['low_score'],15,"3,39",3.39,"2,26",2.26,,,"3,39 / 2,26",3.39 / 2.26,promo,True,yellow_vs_image_white,yellow,125.28467583866751,15,1
