source_image,tag_index,detector_confidence,bbox_xmin,bbox_ymin,bbox_xmax,bbox_ymax,sale_classification,is_promo,sale_reason,sale_color_reason,sale_geometry_reason,sale_keyword_match,sale_baseline_color,sale_baseline_confidence,sale_baseline_source,tag_color,tag_red_ratio,tag_yellow_ratio,tag_background_lab_b,tag_background_saturation,tag_aspect_ratio,tag_area,tag_area_to_median_ratio,tag_area_to_shelf_median_ratio,sale_shelf_index,primary_price,primary_value,primary_price_confidence,secondary_price,secondary_value,secondary_price_confidence,tertiary_price,tertiary_value,tertiary_price_confidence,price_count,prices,price_values,crop_file,ocr_error,ocr_text,closest_product_index,closest_product_label,closest_product_score,closest_product_is_unknown,closest_product_is_rejected,closest_product_distance_px,preferred_product_index,preferred_product_label,preferred_product_distance_px,alignment_shelf_row_index,alignment_horizontal_offset_ratio,alignment_vertical_gap_ratio,alignment_match_cost,alignment_one_to_one_reassigned,alignment_one_to_one_rejection_count,aligned_product_index,aligned_product_label,aligned_product_score,aligned_product_is_unknown,aligned_product_is_rejected,alignment_corrected,alignment_correction_reason,alignment_consensus_label,alignment_consensus_votes,alignment_consensus_total,alignment_consensus_share,alignment_consensus_product_indices,alignment_distance_px,alignment_dx_px,alignment_dy_px,alignment_product_center_x,alignment_product_center_y,alignment_price_tag_center_x,alignment_price_tag_center_y,alignment_status
IMG_7283.HEIC,0,0.962492823600769,533,2000,667,2068,promo,True,yellow_vs_image_white,yellow_vs_image_white,,,white,0.9565217391304348,image_mixed_palette_white_anchor,yellow,0.0,0.996590611067401,62.0,145.0,0.5074626865671642,9112,1.0267042253521126,1.0190114068441065,3,"2,19",2.19,0.9999313354492188,,,,,,,1,"2,19",2.19,price_tag_crops\tag_0000_price_2_19.jpg,,"2,19 | 122",14,__Unknown__,0.5424442887306213,True,True,253.6518283001327,14,__Unknown__,253.6518283001327,3,0.42401960784313725,0.15087719298245614,0.43910732714138284,False,0,14,__Unknown__,0.5424442887306213,True,True,False,,,,,,,253.6518283001327,173.0,185.5,427.0,1848.5,600.0,2034.0,aligned_unknown
IMG_7283.HEIC,1,0.9619631171226501,1620,1998,1756,2067,promo,True,yellow_vs_image_white,yellow_vs_image_white,,,white,0.9565217391304348,image_mixed_palette_white_anchor,yellow,0.0,0.9957393483709274,61.0,141.0,0.5073529411764706,9384,1.0573521126760563,1.049429657794677,3,"2,19",2.19,0.9998605251312256,,,,,,,1,"2,19",2.19,price_tag_crops\tag_0001_price_2_19.jpg,,"2,19 | LOU",17,__Unknown__,0.5456357399622599,True,True,184.28578349943328,17,__Unknown__,184.28578349943328,3,0.041463414634146344,0.13275862068965516,0.054739276703111864,False,0,17,__Unknown__,0.5456357399622599,True,True,False,,,,,,,184.28578349943328,17.0,183.5,1671.0,1849.0,1688.0,2032.5,aligned_unknown
IMG_7283.HEIC,2,0.9599204063415527,1245,2000,1373,2067,promo,True,yellow_vs_image_white,yellow_vs_image_white,,,white,0.9565217391304348,image_mixed_palette_white_anchor,yellow,0.0,0.9941011235955056,62.0,146.0,0.5234375,8576,0.9663098591549296,0.9590695593826885,3,"2,19",2.19,0.9999823570251465,,,,,,,1,"2,19",2.19,price_tag_crops\tag_0002_price_2_19.jpg,,"2,19",39,__Unknown__,0.48148590326309204,True,True,192.94170103945908,39,__Unknown__,192.94170103945908,3,0.11016949152542373,0.12086092715231789,0.12225558424065552,False,0,39,__Unknown__,0.48148590326309204,True,True,False,,,,,,,192.94170103945908,45.5,187.5,1263.5,1846.0,1309.0,2033.5,aligned_unknown
IMG_7283.HEIC,3,0.9596556425094604,625,1549,767,1612,regular,False,image_base_color,matches_image_base_color,,,white,0.9565217391304348,image_mixed_palette_white_anchor,white,0.0,0.1406166932482722,23.0,49.0,0.44366197183098594,8946,1.008,1.0883211678832116,2,"7,19",7.19,0.9198339581489563,,,,,,,1,"7,19",7.19,price_tag_crops\tag_0003_price_7_19.jpg,,"""7.19",32,__Unknown__,0.6825850605964661,True,True,137.97191743249783,32,__Unknown__,137.97191743249783,2,0.06018518518518518,0.09955752212389381,0.07014093739757457,False,0,32,__Unknown__,0.6825850605964661,True,True,False,,,,,,,137.97191743249783,-26.0,135.5,722.0,1445.0,696.0,1580.5,aligned_unknown
IMG_7283.HEIC,4,0.9584307074546814,1918,1997,2047,2065,promo,True,yellow_vs_image_white,yellow_vs_image_white,,,white,0.9565217391304348,image_mixed_palette_white_anchor,yellow,0.0,0.997289972899729,61.0,147.0,0.5271317829457365,8772,0.9883943661971831,0.9809885931558935,3,"3,69",3.69,0.9809225797653198,,,,,,,1,"3,69",3.69,price_tag_crops\tag_0004_price_3_69.jpg,,"3,69",38,__Unknown__,0.47584807872772217,True,True,210.12972183867754,38,__Unknown__,210.12972183867754,3,0.21733668341708542,0.1362126245847176,0.23095794587555718,False,0,38,__Unknown__,0.47584807872772217,True,True,False,,,,,,,210.12972183867754,-86.5,191.5,2069.0,1839.5,1982.5,2031.0,aligned_unknown
IMG_7283.HEIC,5,0.9581438899040222,680,3421,865,3602,promo,True,shelf_size_outlier,yellow_vs_image_white,shelf_size_outlier,,white,0.9565217391304348,image_mixed_palette_white_anchor,yellow,0.0,0.9076210826210827,59.0,153.0,0.9783783783783784,33485,3.7729577464788733,3.7729577464788733,7,,,,,,,,,,0,,,price_tag_crops\tag_0005_price_not_found.jpg,price_not_found,COOS POS BA GOTA | DE | 99,11,__Unknown__,0.6277834971745809,True,True,219.65882636488797,11,__Unknown__,219.65882636488797,7,0.044854881266490766,0.4820627802690583,0.09306115929339659,False,0,11,__Unknown__,0.6277834971745809,True,True,False,,,,,,,219.65882636488797,-17.0,219.0,789.5,3292.5,772.5,3511.5,aligned_unknown
IMG_7283.HEIC,6,0.9567186832427979,709,2380,837,2447,regular,False,image_base_color,matches_image_base_color,,,white,0.9565217391304348,image_mixed_palette_white_anchor,white,0.0,0.0,-3.0,8.0,0.5234375,8576,0.9663098591549296,0.20938522388788516,4,"6,29",6.29,0.999893307685852,,,,,,,1,"6,29",6.29,price_tag_crops\tag_0006_price_6_29.jpg,,"6,29",35,__Unknown__,0.5997875928878784,True,True,108.9977063978871,35,__Unknown__,108.9977063978871,4,0.11994609164420485,0.32916666666666666,0.1528627583108715,False,0,35,__Unknown__,0.5997875928878784,True,True,False,,,,,,,108.9977063978871,44.5,99.5,728.5,2314.0,773.0,2413.5,aligned_unknown
IMG_7283.HEIC,7,0.95644611120224,1078,2749,1200,2814,regular,False,image_base_color,matches_image_base_color,,,white,0.9565217391304348,image_mixed_palette_white_anchor,white,0.0,0.0,-6.0,15.0,0.5327868852459017,7930,0.8935211267605634,0.976,5,"3,19",3.19,0.9933841228485107,,,,,,,1,"3,19",3.19,price_tag_crops\tag_0007_price_3_19.jpg,,"3,19 | An | 1",9,__Unknown__,0.6835100253423055,True,True,197.40377402673943,9,__Unknown__,197.40377402673943,5,0.21865443425076453,0.15949820788530467,0.234604255039295,False,0,9,__Unknown__,0.6835100253423055,True,True,False,,,,,,,197.40377402673943,71.5,184.0,1067.5,2597.5,1139.0,2781.5,aligned_unknown
IMG_7283.HEIC,8,0.9563007354736328,1426,2745,1550,2813,regular,False,image_base_color,matches_image_base_color,,,white,0.9565217391304348,image_mixed_palette_white_anchor,white,0.0,0.0,-5.0,13.0,0.5483870967741935,8432,0.9500845070422536,1.0377846153846153,5,"6,29",6.29,0.9985727667808533,,,,,,,1,"6,29",6.29,price_tag_crops\tag_0008_price_6_29.jpg,,"6,29 | Mn | ",13,__Unknown__,0.6542726357777914,True,True,185.00608098113963,13,__Unknown__,185.00608098113963,5,0.0029940119760479044,0.17518248175182483,0.020512260151230387,False,0,13,__Unknown__,0.6542726357777914,True,True,False,,,,,,,185.00608098113963,-1.5,185.0,1489.5,2594.0,1488.0,2779.0,aligned_unknown
IMG_7283.HEIC,9,0.954649806022644,170,652,315,719,regular,False,image_base_color,matches_image_base_color,,,white,0.9565217391304348,image_mixed_palette_white_anchor,white,0.0,0.0,-8.0,23.0,0.46206896551724136,9715,1.0946478873239436,1.0,0,"5,89",5.89,0.9177392721176147,,,,,,,1,"5,89",5.89,price_tag_crops\tag_0009_price_5_89.jpg,,"5,89",56,__Unknown__,0.5307005643844604,True,True,131.75166033109412,56,__Unknown__,131.75166033109412,0,0.28594771241830064,0.5260416666666666,0.3385518790849673,False,0,56,__Unknown__,0.5307005643844604,True,True,False,,,,,,,131.75166033109412,87.5,98.5,155.0,587.0,242.5,685.5,aligned_unknown
IMG_7283.HEIC,10,0.9536418914794922,397,2754,522,2819,regular,False,image_base_color,matches_image_base_color,,,white,0.9565217391304348,image_mixed_palette_white_anchor,white,0.0,0.0,-5.0,11.0,0.52,8125,0.9154929577464789,1.0,5,"6,29",6.29,0.953130841255188,,,,,,,1,"6,29",6.29,price_tag_crops\tag_0010_price_6_29.jpg,,"6,29 | ",15,__Unknown__,0.5804632902145386,True,True,239.4227432805831,15,__Unknown__,239.4227432805831,5,0.3569620253164557,0.16724137931034483,0.3736861632474902,False,0,15,__Unknown__,0.5804632902145386,True,True,False,,,,,,,239.4227432805831,141.0,193.5,318.5,2593.0,459.5,2786.5,aligned_unknown
IMG_7283.HEIC,11,0.9534571766853333,250,1551,384,1615,regular,False,image_base_color,matches_image_base_color,,,white,0.9565217391304348,image_mixed_palette_white_anchor,white,0.0,0.0,-4.0,12.0,0.47761194029850745,8576,0.9663098591549296,1.04330900243309,2,"8,59",8.59,0.9994250535964966,,,,,,,1,"8,59",8.59,price_tag_crops\tag_0011_price_8_59.jpg,,"8,59 | 20",18,__Unknown__,0.6734514236450195,True,True,84.02380615040002,18,__Unknown__,84.02380615040002,2,0.0053475935828877,0.1885245901639344,0.024200052599281145,False,0,18,__Unknown__,0.6734514236450195,True,True,False,,,,,,,84.02380615040002,-2.0,84.0,319.0,1499.0,317.0,1583.0,aligned_unknown
IMG_7283.HEIC,12,0.9529683589935303,402,1115,544,1181,regular,False,image_base_color,matches_image_base_color,,,white,0.9565217391304348,image_mixed_palette_white_anchor,white,0.0,0.0,-1.0,5.0,0.4647887323943662,9372,1.056,1.0189171559034573,1,"3,89",3.89,0.9920591115951538,,,,,,,1,"3,89",3.89,price_tag_crops\tag_0012_price_3_89.jpg,,"3,89",55,__Unknown__,0.6022183895111084,True,True,189.50593658247226,55,__Unknown__,189.50593658247226,1,0.42207792207792205,0.19148936170212766,0.4412268582481348,False,0,55,__Unknown__,0.6022183895111084,True,True,False,,,,,,,189.50593658247226,162.5,97.5,310.5,1050.5,473.0,1148.0,aligned_unknown
IMG_7283.HEIC,13,0.9527887105941772,1703,658,1848,731,regular,False,image_base_color,matches_image_base_color,,,white,0.9565217391304348,image_mixed_palette_white_anchor,white,0.0,0.0,-7.0,19.0,0.503448275862069,10585,1.192676056338028,1.0895522388059702,0,"5,89",5.89,0.999327540397644,,,,,,,1,"5,89",5.89,price_tag_crops\tag_0013_price_5_89.jpg,,"5,89 | P | W",28,__Unknown__,0.6065726280212402,True,True,250.13846165673922,28,__Unknown__,250.13846165673922,0,0.10972222222222222,2.1559139784946235,0.3253136200716846,False,0,28,__Unknown__,0.6065726280212402,True,True,False,,,,,,,250.13846165673922,39.5,247.0,1736.0,447.5,1775.5,694.5,aligned_unknown
IMG_7283.HEIC,14,0.9523561000823975,1798,3417,1919,3486,regular,False,image_base_color,matches_image_base_color,,,white,0.9565217391304348,image_mixed_palette_white_anchor,white,0.0,0.0,1.0,2.0,0.5702479338842975,8349,0.9407323943661972,0.9407323943661972,7,"5,09",5.09,0.8630067706108093,,,,,,,1,"5,09",5.09,price_tag_crops\tag_0014_price_5_09.jpg,,5.09,50,__Unknown__,0.591292679309845,True,True,86.6083136886985,50,__Unknown__,86.6083136886985,7,0.11614730878186968,0.23366834170854273,0.13951414295272396,True,0,40,__Unknown__,0.6145793318748474,True,True,False,,,,,,,151.64761785138597,-41.0,146.0,1899.5,3305.5,1858.5,3451.5,aligned_unknown
IMG_7283.HEIC,15,0.9500300884246826,1094,3412,1219,3483,promo,True,yellow_vs_image_white,yellow_vs_image_white,,,white,0.9565217391304348,image_mixed_palette_white_anchor,yellow,0.0,1.0,54.0,140.0,0.568,8875,1.0,1.0,7,"4,09",4.09,0.8517985939979553,,,,,,,1,"4,09",4.09,price_tag_crops\tag_0015_price_4_09.jpg,,4.09,3,__Unknown__,0.5206957578659057,True,True,152.79561512032996,3,__Unknown__,152.79561512032996,7,0.026243093922651933,0.18693693693693694,0.044936787616345626,False,0,3,__Unknown__,0.5206957578659057,True,True,False,,,,,,,152.79561512032996,-9.5,152.5,1166.0,3295.0,1156.5,3447.5,aligned_unknown
IMG_7283.HEIC,16,0.9446131587028503,1077,1110,1218,1174,regular,False,image_base_color,matches_image_base_color,,,white,0.9565217391304348,image_mixed_palette_white_anchor,white,0.0,0.0,-2.0,10.0,0.45390070921985815,9024,1.0167887323943663,0.9810828440965427,1,"3,59",3.59,0.9651767015457153,,,,,,,1,"3,59",3.59,price_tag_crops\tag_0016_price_3_59.jpg,,3.59 | ,53,__Unknown__,0.5147262811660767,True,True,212.39644535631948,53,__Unknown__,212.39644535631948,1,0.4819277108433735,0.1941747572815534,0.5013451865715288,False,0,53,__Unknown__,0.5147262811660767,True,True,False,,,,,,,212.39644535631948,200.0,71.5,947.5,1070.5,1147.5,1142.0,aligned_unknown
IMG_7283.HEIC,17,0.9425455331802368,1589,1542,1726,1602,regular,False,image_base_color,matches_image_base_color,,,white,0.9565217391304348,image_mixed_palette_white_anchor,white,0.0,0.0,-2.0,8.0,0.43795620437956206,8220,0.9261971830985916,1.0,2,"9,59",9.59,0.9112787246704102,,,,,,,1,"9,59",9.59,price_tag_crops\tag_0017_price_9_59.jpg,,9.59,30,__Unknown__,0.6062092582384745,True,True,144.65908198243207,30,__Unknown__,144.65908198243207,2,0.12853773584905662,0.07264957264957266,0.13580269311401388,False,0,30,__Unknown__,0.6062092582384745,True,True,False,,,,,,,144.65908198243207,54.5,134.0,1603.0,1438.0,1657.5,1572.0,aligned_unknown
IMG_7283.HEIC,18,0.9407761096954346,1797,1125,2220,1296,promo,True,shelf_size_outlier,yellow_vs_image_white,shelf_size_outlier,,white,0.9565217391304348,image_mixed_palette_white_anchor,yellow,0.0,0.9276960784313726,57.0,129.0,0.40425531914893614,72333,8.15019718309859,7.863992172211351,1,"3,49",3.49,0.9998842477798462,,,,,,,1,"3,49",3.49,price_tag_crops\tag_0018_price_3_49.jpg,,uto | COOKIE CARREFOUR CONFETES BAUNILHA | 600 | fou | 3 | R$ | 49 | CADA,57,__Unknown__,0.4649923046429952,True,True,237.44157176029643,57,__Unknown__,237.44157176029643,1,0.136938202247191,0.2787769784172662,0.1648159000889176,False,0,57,__Unknown__,0.4649923046429952,True,True,False,,,,,,,237.44157176029643,97.5,216.5,1911.0,994.0,2008.5,1210.5,aligned_unknown
IMG_7283.HEIC,19,0.9363270401954651,1132,658,1276,724,regular,False,image_base_color,matches_image_base_color,,,white,0.9565217391304348,image_mixed_palette_white_anchor,white,0.0,0.0,-9.0,25.0,0.4583333333333333,9504,1.0708732394366198,0.9782810087493566,0,"5,89",5.89,0.9986820220947266,,,,,,,1,"5,89",5.89,price_tag_crops\tag_0019_price_5_89.jpg,,"5,89",24,__Unknown__,0.601574182510376,True,True,377.5569493467178,24,__Unknown__,377.5569493467178,0,0.516042780748663,2.532710280373832,0.7693138087860463,False,0,24,__Unknown__,0.601574182510376,True,True,False,,,,,,,377.5569493467178,193.0,324.5,1011.0,366.5,1204.0,691.0,aligned_unknown
IMG_7283.HEIC,20,0.9331796169281006,566,3419,681,3485,promo,True,yellow_vs_image_white,yellow_vs_image_white,,,white,0.9565217391304348,image_mixed_palette_white_anchor,yellow,0.0,1.0,50.0,133.0,0.5739130434782609,7590,0.8552112676056338,0.8552112676056338,7,"24,99",24.99,0.9273759126663208,,,,,,,1,"24,99",24.99,price_tag_crops\tag_0020_price_24_99.jpg,,24.99,11,__Unknown__,0.6277834971745809,True,True,230.20914404080477,11,__Unknown__,230.20914404080477,7,0.5559895833333334,0.18803418803418803,0.5747930021367522,True,1,22,__Unknown__,0.5919392585754395,True,True,False,,,,,,,267.4009162287968,213.5,161.0,410.0,3291.0,623.5,3452.0,aligned_unknown
IMG_7283.HEIC,21,0.932756245136261,1067,2369,1447,2562,promo,True,offer_keyword,yellow_vs_image_white,,OFERTA,white,0.9565217391304348,image_mixed_palette_white_anchor,yellow,0.056002074150894476,0.8215906144672025,69.0,185.0,0.5078947368421053,73340,8.263661971830986,1.790614776112115,4,"6,29",6.29,0.999154806137085,,,,,,,1,"6,29",6.29,price_tag_crops\tag_0021_price_6_29.jpg,,OFERTA | BISCOITO COOKIE BAUDUCCO MAX IOOG | MEDMOPRSCOE CEONDO | P | 6.29 | 19,33,__Unknown__,0.5905022621154785,True,True,206.87979601691413,33,__Unknown__,206.87979601691413,4,0.3763157894736842,0.9375,0.4700657894736842,False,0,33,__Unknown__,0.5905022621154785,True,True,False,,,,,,,206.87979601691413,143.0,149.5,1114.0,2316.0,1257.0,2465.5,aligned_unknown
IMG_7283.HEIC,22,0.9322604537010193,1060,1544,1192,1603,regular,False,image_base_color,matches_image_base_color,,,white,0.9565217391304348,image_mixed_palette_white_anchor,white,0.0,0.0,-1.0,6.0,0.44696969696969696,7788,0.8775211267605634,0.9474452554744526,2,"10,19",10.19,0.9429773092269897,,,,,,,1,"10,19",10.19,price_tag_crops\tag_0022_price_10_19.jpg,,10.19,37,__Unknown__,0.6041521430015564,True,True,140.8634090173882,37,__Unknown__,140.8634090173882,2,0.08690744920993228,0.10491071428571429,0.09739852063850371,False,0,37,__Unknown__,0.6041521430015564,True,True,False,,,,,,,140.8634090173882,-38.5,135.5,1164.5,1438.0,1126.0,1573.5,aligned_unknown
IMG_7283.HEIC,23,0.9310581684112549,700,3123,818,3180,regular,False,image_base_color,matches_image_base_color,,,white,0.9565217391304348,image_mixed_palette_white_anchor,white,0.0,0.0,1.0,4.0,0.4830508474576271,6726,0.7578591549295774,1.0,6,"4,29",4.29,0.9624320268630981,,,,,,,1,"4,29",4.29,price_tag_crops\tag_0023_price_4_29.jpg,,2 | 4.29 | ig1sad,1,RANCHEIRO__RANCHEIRO COOKIES CHOCOLATE RANCHEIRO,0.7813494801521301,False,False,196.90733861387696,1,RANCHEIRO__RANCHEIRO COOKIES CHOCOLATE RANCHEIRO,196.90733861387696,6,0.1636085626911315,0.15344827586206897,0.1789533902773384,False,0,1,RANCHEIRO__RANCHEIRO COOKIES CHOCOLATE RANCHEIRO,0.7813494801521301,False,False,False,,,,,,,196.90733861387696,53.5,189.5,705.5,2962.0,759.0,3151.5,aligned_known
IMG_7283.HEIC,24,0.9198732972145081,1983,1550,2120,1610,regular,False,image_base_color,matches_image_base_color,,,white,0.9565217391304348,image_mixed_palette_white_anchor,white,0.0,0.0,-2.0,10.0,0.43795620437956206,8220,0.9261971830985916,1.0,2,"10,19",10.19,0.9332141876220703,,,,,,,1,"10,19",10.19,price_tag_crops\tag_0024_price_10_19.jpg,,10.19,43,__Unknown__,0.5685344338417053,True,True,145.80980762623616,43,__Unknown__,145.80980762623616,2,0.02159090909090909,0.08433734939759036,0.030024644030668127,False,0,43,__Unknown__,0.5685344338417053,True,True,False,,,,,,,145.80980762623616,9.5,145.5,2042.0,1434.5,2051.5,1580.0,aligned_unknown
IMG_7283.HEIC,25,0.9191934466362,862,3451,1030,3603,promo,True,shelf_size_outlier,yellow_vs_image_white,shelf_size_outlier,,white,0.9565217391304348,image_mixed_palette_white_anchor,yellow,0.0,0.8060486522024983,61.0,153.0,0.9047619047619048,25536,2.8772957746478873,2.8772957746478873,7,"3,99",3.99,0.7607461214065552,,,,,,,1,"3,99",3.99,price_tag_crops\tag_0025_price_3_99.jpg,,3. | 99,11,__Unknown__,0.6277834971745809,True,True,281.9264088374837,11,__Unknown__,281.9264088374837,7,,,,True,2,,,,,,,,,,,,,,,,,,946.0,3527.0,no_available_product_for_one_to_one
IMG_7283.HEIC,26,0.9017311930656433,1643,1111,1784,1175,regular,False,image_base_color,matches_image_base_color,,,white,0.9565217391304348,image_mixed_palette_white_anchor,white,0.0,0.0,-2.0,9.0,0.45390070921985815,9024,1.0167887323943663,0.9810828440965427,1,"3,49",3.49,0.990449070930481,,,,,,,1,"3,49",3.49,price_tag_crops\tag_0026_price_3_49.jpg,,"3,49 | 181830",57,__Unknown__,0.4649923046429952,True,True,247.40099029712877,57,__Unknown__,247.40099029712877,1,,,,True,1,,,,,,,,,,,,,,,,,,1713.5,1143.0,no_available_product_for_one_to_one
IMG_7286.HEIC,0,0.9609352350234985,124,2085,314,2153,regular,False,image_base_color,matches_image_base_color,,,white,0.9655172413793104,image_mixed_palette_white_anchor,white,0.0,0.0,6.0,20.0,0.35789473684210527,12920,1.0235284797591697,1.0242587601078168,4,"8,49",8.49,0.9996979236602783,,,,,,,1,"8,49",8.49,price_tag_crops\tag_0000_price_8_49.jpg,,"8,49 | ",27,__Unknown__,0.5769712924957275,True,True,140.89180245848232,27,__Unknown__,140.89180245848232,7,0.02567237163814181,0.24338624338624337,0.05001099597676615,False,0,27,__Unknown__,0.5769712924957275,True,True,False,,,,,,,140.89180245848232,10.5,140.5,208.5,1978.5,219.0,2119.0,aligned_unknown
IMG_7286.HEIC,1,0.9583634734153748,250,973,444,1048,regular,False,image_base_color,matches_image_base_color,,,white,0.9655172413793104,image_mixed_palette_white_anchor,white,0.0,0.0,6.0,16.0,0.3865979381443299,14550,1.1526578467876099,1.140148101712181,1,"5,99",5.99,0.9551254510879517,,,,,,,1,"5,99",5.99,price_tag_crops\tag_0001_price_5_99.jpg,,"5,99",32,__Unknown__,0.5275498628616333,True,True,95.25885785584457,32,__Unknown__,95.25885785584457,3,0.022388059701492536,0.3008474576271186,0.052472805464204395,False,0,32,__Unknown__,0.5275498628616333,True,True,False,,,,,,,95.25885785584457,-12.0,94.5,359.0,916.0,347.0,1010.5,aligned_unknown
IMG_7286.HEIC,2,0.9580258131027222,453,2090,651,2161,regular,False,image_base_color,matches_image_base_color,,,white,0.9655172413793104,image_mixed_palette_white_anchor,white,0.0,0.0,6.0,19.0,0.35858585858585856,14058,1.113681375267369,1.1144759790708736,4,"9,49",9.49,0.9996683597564697,,,,,,,1,"9,49",9.49,price_tag_crops\tag_0002_price_9_49.jpg,,"9,49",9,__Unknown__,0.5951056480407715,True,True,198.51007531105316,9,__Unknown__,198.51007531105316,7,0.13855421686746988,0.20631970260223048,0.15918618712769295,False,0,9,__Unknown__,0.5951056480407715,True,True,False,,,,,,,198.51007531105316,-57.5,190.0,609.5,1935.5,552.0,2125.5,aligned_unknown
IMG_7286.HEIC,3,0.9569809436798096,1011,1415,1378,1658,promo,True,yellow_vs_image_white,yellow_vs_image_white,,,white,0.9655172413793104,image_mixed_palette_white_anchor,yellow,0.0,0.9653253424657534,61.0,149.0,0.662125340599455,89181,7.064960785867068,1.7816779710115973,2,"5,99",5.99,0.9999872446060181,,,,,,,1,"5,99",5.99,price_tag_crops\tag_0003_price_5_99.jpg,,"Ofertas | AQUI: | BIGBOX | COOKIES BAUDUCCO 1OOG ORIG | VaxLi | 5,99 | 18% | ,88",19,__Unknown__,0.5656074285507202,True,True,419.94672281135854,,,,5,,,,,,,,,,,,,,,,,,,,,,,1194.5,1536.5,no_product_in_shelf_row
IMG_7286.HEIC,4,0.9568480253219604,1239,3196,1411,3260,regular,False,image_base_color,matches_image_base_color,,,white,0.9655172413793104,image_mixed_palette_white_anchor,white,0.0,0.0,7.0,20.0,0.37209302325581395,11008,0.8720589400301038,1.0298437646178313,7,"6,49",6.49,0.995569109916687,,,,,,,1,"6,49",6.49,price_tag_crops\tag_0004_price_6_49.jpg,,"6,49",8,__Unknown__,0.47572410106658936,True,True,242.89761217434807,8,__Unknown__,242.89761217434807,10,0.44587628865979384,0.2857142857142857,0.4744477172312224,False,0,8,__Unknown__,0.47572410106658936,True,True,False,,,,,,,242.89761217434807,173.0,170.5,1152.0,3057.5,1325.0,3228.0,aligned_unknown
IMG_7286.HEIC,5,0.956764817237854,1598,1047,1777,1117,regular,False,image_base_color,matches_image_base_color,,,white,0.9655172413793104,image_mixed_palette_white_anchor,white,0.0,0.0,5.0,14.0,0.39106145251396646,12530,0.9926324962370277,0.9818594992751636,1,"5,99",5.99,0.971258282661438,,,,,,,1,"5,99",5.99,price_tag_crops\tag_0005_price_5_99.jpg,,"5,99",39,__Unknown__,0.4383283257484436,True,True,100.77822185373186,39,__Unknown__,100.77822185373186,3,0.027901785714285716,0.3064516129032258,0.0585469470046083,False,0,39,__Unknown__,0.4383283257484436,True,True,False,,,,,,,100.77822185373186,-12.5,100.0,1700.0,982.0,1687.5,1082.0,aligned_unknown
IMG_7286.HEIC,6,0.9566649198532104,1078,2871,1257,2936,regular,False,image_base_color,matches_image_base_color,,,white,0.9655172413793104,image_mixed_palette_white_anchor,white,0.0,0.0,5.0,15.0,0.36312849162011174,11635,0.92173017507724,1.022857142857143,6,"3,29",3.29,0.9815000295639038,,,,,,,1,"3,29",3.29,price_tag_crops\tag_0006_price_3_29.jpg,,"3,29",15,__Unknown__,0.5567703644434611,True,True,227.15908522443033,15,__Unknown__,227.15908522443033,9,0.44,0.2415966386554622,0.46415966386554625,False,0,15,__Unknown__,0.5567703644434611,True,True,False,,,,,,,227.15908522443033,-143.0,176.5,1310.5,2727.0,1167.5,2903.5,aligned_unknown
IMG_7286.HEIC,7,0.9561615586280823,650,1369,837,1443,regular,False,image_base_color,matches_image_base_color,,,white,0.9655172413793104,image_mixed_palette_white_anchor,white,0.0,0.0,5.0,15.0,0.39572192513368987,13838,1.096252871742058,0.27645866006053404,2,"5,99",5.99,0.9998756647109985,,,,,,,1,"5,99",5.99,price_tag_crops\tag_0007_price_5_99.jpg,,"5,99 | 润",19,__Unknown__,0.5656074285507202,True,True,156.2961931718108,19,__Unknown__,156.2961931718108,4,0.19514388489208634,0.18181818181818182,0.21332570307390453,False,0,19,__Unknown__,0.5656074285507202,True,True,False,,,,,,,156.2961931718108,-108.5,112.5,852.0,1293.5,743.5,1406.0,aligned_unknown
IMG_7286.HEIC,8,0.9546456933021545,1141,2099,1322,2167,regular,False,image_base_color,matches_image_base_color,,,white,0.9655172413793104,image_mixed_palette_white_anchor,white,0.0,0.00019357336430507162,6.0,20.0,0.3756906077348066,12308,0.9750455517705775,0.9757412398921833,4,"9,49",9.49,0.9990348219871521,,,,,,,1,"9,49",9.49,price_tag_crops\tag_0008_price_9_49.jpg,,"9,49 | 11",41,__Unknown__,0.5502492785453796,True,True,231.40656861895687,41,__Unknown__,231.40656861895687,7,0.43061674008810574,0.12030075187969924,0.4426468152760757,True,0,25,__Unknown__,0.5521289587020874,True,True,False,,,,,,,255.82269250400756,195.5,165.0,1036.0,1968.0,1231.5,2133.0,aligned_unknown
IMG_7286.HEIC,9,0.9543577432632446,197,1344,360,1455,promo,True,yellow_vs_image_white,yellow_vs_image_white,,,white,0.9655172413793104,image_mixed_palette_white_anchor,yellow,0.0,0.8375863902179692,71.0,153.0,0.6809815950920245,18093,1.4333359740156857,0.36146600205775703,2,"4,88",4.88,0.9987988471984863,,,,,,,1,"4,88",4.88,price_tag_crops\tag_0009_price_4_88.jpg,,4.88,34,__Unknown__,0.5262624621391296,True,True,111.20364202668904,34,__Unknown__,111.20364202668904,4,0.060263653483992465,0.3729508196721312,0.09755873545120558,False,0,34,__Unknown__,0.5262624621391296,True,True,False,,,,,,,111.20364202668904,-32.0,106.5,310.5,1293.0,278.5,1399.5,aligned_unknown
IMG_7286.HEIC,10,0.9542345404624939,1621,675,1803,747,regular,False,image_base_color,matches_image_base_color,,,white,0.9655172413793104,image_mixed_palette_white_anchor,white,0.0,0.0,4.0,12.0,0.3956043956043956,13104,1.0381050463439754,1.0,0,"5,99",5.99,0.9993000030517578,,,,,,,1,"5,99",5.99,price_tag_crops\tag_0010_price_5_99.jpg,,"5,99",11,__Unknown__,0.5879319906234741,True,True,187.8430195668713,,,,2,,,,,,,,,,,,,,,,,,,,,,,1712.0,711.0,no_product_in_shelf_row
IMG_7286.HEIC,11,0.9532943367958069,283,1718,471,1788,regular,False,image_base_color,matches_image_base_color,,,white,0.9655172413793104,image_mixed_palette_white_anchor,white,0.0,0.0,6.0,19.0,0.3723404255319149,13160,1.0425413926958726,1.0,3,"5,49",5.49,0.999908447265625,,,,,,,1,"5,49",5.49,price_tag_crops\tag_0011_price_5_49.jpg,,"5,49",20,__Unknown__,0.649371882279714,True,True,151.4149926526432,20,__Unknown__,151.4149926526432,6,0.24805194805194805,0.28859060402684567,0.2769110084546326,False,0,20,__Unknown__,0.649371882279714,True,True,False,,,,,,,151.4149926526432,95.5,117.5,281.5,1635.5,377.0,1753.0,aligned_unknown
IMG_7286.HEIC,12,0.9531155228614807,1149,3524,1322,3590,regular,False,image_base_color,matches_image_base_color,,,white,0.9655172413793104,image_mixed_palette_white_anchor,white,0.0,0.0,7.0,28.0,0.3815028901734104,11418,0.9045393329636378,1.0,8,"3,99",3.99,0.8761617541313171,,,,,,,1,"3,99",3.99,price_tag_crops\tag_0012_price_3_99.jpg,,"3,99",30,__Unknown__,0.6052174866199493,True,True,207.77150911518163,30,__Unknown__,207.77150911518163,11,0.14451612903225808,0.24786324786324787,0.16930245381858286,False,0,30,__Unknown__,0.6052174866199493,True,True,False,,,,,,,207.77150911518163,112.0,175.0,1123.5,3382.0,1235.5,3557.0,aligned_unknown
IMG_7286.HEIC,13,0.9510211944580078,1464,2115,1642,2181,regular,False,image_base_color,matches_image_base_color,,,white,0.9655172413793104,image_mixed_palette_white_anchor,white,0.0,0.00020512820512820512,7.0,21.0,0.3707865168539326,11748,0.9306820882516043,0.9313461233550023,4,"3,29",3.29,0.9996813535690308,,,,,,,1,"3,29",3.29,price_tag_crops\tag_0013_price_3_29.jpg,,"3,29",29,__Unknown__,0.47017431259155273,True,True,220.41097976280582,29,__Unknown__,220.41097976280582,7,0.3815789473684211,0.1484375,0.39642269736842106,False,0,29,__Unknown__,0.47017431259155273,True,True,False,,,,,,,220.41097976280582,-145.0,166.0,1698.0,1982.0,1553.0,2148.0,aligned_unknown
IMG_7286.HEIC,14,0.9509940147399902,1914,2871,2085,2936,regular,False,image_base_color,matches_image_base_color,,,white,0.9655172413793104,image_mixed_palette_white_anchor,white,0.0,0.0,6.0,16.0,0.38011695906432746,11115,0.8805355303810505,0.9771428571428571,6,"3,79",3.79,0.9935574531555176,,,,,,,1,"3,79",3.79,price_tag_crops\tag_0014_price_3_79.jpg,,"3,79 | ",5,__Unknown__,0.5787473320960999,True,True,171.51166141111221,5,__Unknown__,171.51166141111221,9,0.09116809116809117,0.22008547008547008,0.11317663817663819,False,0,5,__Unknown__,0.5787473320960999,True,True,False,,,,,,,171.51166141111221,-32.0,168.5,2031.5,2735.0,1999.5,2903.5,aligned_unknown
IMG_7286.HEIC,15,0.9508649706840515,1665,2546,1846,2613,regular,False,image_base_color,matches_image_base_color,,,white,0.9655172413793104,image_mixed_palette_white_anchor,white,0.0,0.0,3.0,9.0,0.3701657458563536,12127,0.9607066465974808,1.0,5,"3,29",3.29,0.9966984987258911,,,,,,,1,"3,29",3.29,price_tag_crops\tag_0015_price_3_29.jpg,,"3,29",4,__Unknown__,0.47782728672027586,True,True,204.84628383253624,4,__Unknown__,204.84628383253624,8,0.2276657060518732,0.15853658536585366,0.24351936458845858,False,0,4,__Unknown__,0.47782728672027586,True,True,False,,,,,,,204.84628383253624,79.0,189.0,1676.5,2390.5,1755.5,2579.5,aligned_unknown
IMG_7286.HEIC,16,0.9508030414581299,795,2537,982,2605,regular,False,image_base_color,matches_image_base_color,,,white,0.9655172413793104,image_mixed_palette_white_anchor,white,0.0,0.0,1.0,6.0,0.36363636363636365,12716,1.0073675037629723,1.0485693081553558,5,"3,29",3.29,0.9993975162506104,,,,,,,1,"3,29",3.29,price_tag_crops\tag_0016_price_3_29.jpg,,"3,29",36,__Unknown__,0.6470803618431091,True,True,188.23190484081067,36,__Unknown__,188.23190484081067,8,0.20448179271708683,0.1596958174904943,0.22045137446613627,False,0,36,__Unknown__,0.6470803618431091,True,True,False,,,,,,,188.23190484081067,-73.0,173.5,961.5,2397.5,888.5,2571.0,aligned_unknown
IMG_7286.HEIC,17,0.9491977095603943,1594,2872,1764,2935,regular,False,image_base_color,matches_image_base_color,,,white,0.9655172413793104,image_mixed_palette_white_anchor,white,0.0,0.0,8.0,20.0,0.37058823529411766,10710,0.8484512398003644,0.9415384615384615,6,"3,79",3.79,0.9994788765907288,,,,,,,1,"3,79",3.79,price_tag_crops\tag_0017_price_3_79.jpg,,"3,79",7,__Unknown__,0.6252398490905762,True,True,172.88290835128845,7,__Unknown__,172.88290835128845,9,0.030831099195710455,0.25,0.05583109919571046,False,0,7,__Unknown__,0.6252398490905762,True,True,False,,,,,,,172.88290835128845,11.5,172.5,1667.5,2731.0,1679.0,2903.5,aligned_unknown
IMG_7286.HEIC,18,0.9487675428390503,1229,1025,1412,1096,regular,False,image_base_color,matches_image_base_color,,,white,0.9655172413793104,image_mixed_palette_white_anchor,white,0.0,0.0,5.0,12.0,0.3879781420765027,12993,1.0293115741107501,1.0181405007248365,1,"5,99",5.99,0.998535692691803,,,,,,,1,"5,99",5.99,price_tag_crops\tag_0018_price_5_99.jpg,,"5,99 | #3",18,__Unknown__,0.5387295484542847,True,True,104.10091258005379,18,__Unknown__,104.10091258005379,3,0.13075060532687652,0.3317757009345794,0.16392817542033447,False,0,18,__Unknown__,0.5387295484542847,True,True,False,,,,,,,104.10091258005379,54.0,89.0,1266.5,971.5,1320.5,1060.5,aligned_unknown
IMG_7286.HEIC,19,0.948281466960907,665,1003,1035,1232,promo,True,shelf_size_outlier,yellow_vs_image_white,shelf_size_outlier,,white,0.9655172413793104,image_mixed_palette_white_anchor,yellow,0.0,0.9661182922052487,60.0,144.0,0.6189189189189189,84730,6.7123504713618,6.639501625984407,1,"5,99",5.99,0.9999874234199524,,,,,,,1,"5,99",5.99,price_tag_crops\tag_0019_price_5_99.jpg,,"Ofertas | AQUI: | BIGBOX | COOKIES BAUDUCCO 96G FINI AMORA | L中es | 13% | 5,99 | 874 | ,88",26,__Unknown__,0.5663418769836426,True,True,186.71703189586108,26,__Unknown__,186.71703189586108,3,0.0225,1.0040322580645162,0.12290322580645163,False,0,26,__Unknown__,0.5663418769836426,True,True,False,,,,,,,186.71703189586108,-9.0,186.5,859.0,931.0,850.0,1117.5,aligned_unknown
IMG_7286.HEIC,20,0.9477769732475281,2018,692,2198,758,regular,False,image_base_color,matches_image_base_color,,,white,0.9655172413793104,image_mixed_palette_white_anchor,white,0.0,0.0,4.0,9.0,0.36666666666666664,11880,0.9411391903667907,0.9065934065934066,0,"5,99",5.99,0.996523380279541,,,,,,,1,"5,99",5.99,price_tag_crops\tag_0020_price_5_99.jpg,,"5,99",11,__Unknown__,0.5879319906234741,True,True,511.83298057081083,,,,2,,,,,,,,,,,,,,,,,,,,,,,2108.0,725.0,no_product_in_shelf_row
IMG_7286.HEIC,21,0.9436894059181213,1735,3200,1905,3261,regular,False,image_base_color,matches_image_base_color,,,white,0.9655172413793104,image_mixed_palette_white_anchor,white,0.0,0.0,7.0,21.0,0.3588235294117647,10370,0.821516279806702,0.9701562353821686,7,"6,49",6.49,0.8882508277893066,,,,,,,1,"6,49",6.49,price_tag_crops\tag_0021_price_6_49.jpg,,6.49,16,__Unknown__,0.5484716594219208,True,True,235.1010421074309,16,__Unknown__,235.1010421074309,10,0.40257879656160456,0.4425,0.44682879656160457,False,0,16,__Unknown__,0.5484716594219208,True,True,False,,,,,,,235.1010421074309,-140.5,188.5,1960.5,3042.0,1820.0,3230.5,aligned_unknown
IMG_7286.HEIC,22,0.9422793388366699,1015,635,1205,708,regular,False,image_base_color,matches_image_base_color,,,white,0.9655172413793104,image_mixed_palette_white_anchor,white,0.0,0.0,5.0,14.0,0.38421052631578945,13870,1.0987879268002851,1.0584554334554335,0,"5,99",5.99,0.9994267225265503,,,,,,,1,"5,99",5.99,price_tag_crops\tag_0022_price_5_99.jpg,,"5,99",31,__Unknown__,0.6055464744567871,True,True,157.12495027843286,,,,1,,,,,,,,,,,,,,,,,,,,,,,1110.0,671.5,no_product_in_shelf_row
IMG_7286.HEIC,23,0.9346625804901123,1737,1436,2089,1669,promo,True,yellow_vs_image_white,yellow_vs_image_white,,,white,0.9655172413793104,image_mixed_palette_white_anchor,yellow,0.00026026604973973397,0.9661654135338346,62.0,157.0,0.6619318181818182,82016,6.497346114235919,1.6385339979422429,2,"5,99",5.99,0.9999769926071167,,,,,,,1,"5,99",5.99,price_tag_crops\tag_0023_price_5_99.jpg,,"Ofertas | AQUI: | BIGBOX | COOKIES BAUDUCCO 10OG ORIG | 5,99 | 18% | ,88",40,__Unknown__,0.5035668015480042,True,True,566.3647234777251,,,,5,,,,,,,,,,,,,,,,,,,,,,,1913.0,1552.5,no_product_in_shelf_row
IMG_7286.HEIC,24,0.932130753993988,100,2863,289,2934,regular,False,image_base_color,matches_image_base_color,,,white,0.9655172413793104,image_mixed_palette_white_anchor,white,0.0,0.0,6.0,17.0,0.37566137566137564,13419,1.0630594945733978,1.1796923076923076,6,"4,49",4.49,0.9994319677352905,,,,,,,1,"4,49",4.49,price_tag_crops\tag_0024_price_4_49.jpg,,"4,49 | 诺",0,__Unknown__,0.5915859192609787,True,True,171.1724276862369,0,__Unknown__,171.1724276862369,9,0.04819277108433735,0.1614785992217899,0.06434063100651634,False,0,0,__Unknown__,0.5915859192609787,True,True,False,,,,,,,171.1724276862369,-20.0,170.0,214.5,2728.5,194.5,2898.5,aligned_unknown
IMG_7286.HEIC,25,0.9198622107505798,1965,1049,2117,1125,promo,True,yellow_vs_image_white,yellow_vs_image_white,,,white,0.9655172413793104,image_mixed_palette_white_anchor,yellow,0.0,0.8868120456905504,68.0,147.0,0.5,11552,0.9151548760199636,0.9052227402734788,1,"4,88",4.88,0.9137291312217712,,,,,,,1,"4,88",4.88,price_tag_crops\tag_0025_price_4_88.jpg,,"4,88",40,__Unknown__,0.5035668015480042,True,True,88.40955830678038,40,__Unknown__,88.40955830678038,3,0.15028901734104047,0.1559633027522936,0.16588534761626983,False,0,40,__Unknown__,0.5035668015480042,True,True,False,,,,,,,88.40955830678038,-52.0,71.5,2093.0,1015.5,2041.0,1087.0,aligned_unknown
IMG_7286.HEIC,26,0.9170994758605957,132,555,316,635,promo,True,yellow_vs_image_white,yellow_vs_image_white,,,white,0.9655172413793104,image_mixed_palette_white_anchor,yellow,0.0,0.8228359173126615,69.0,153.0,0.43478260869565216,14720,1.1661253267844411,1.1233211233211233,0,,,,,,,,,,0,,,price_tag_crops\tag_0026_price_not_found.jpg,price_not_found,,22,__Unknown__,0.5272595286369324,True,True,159.88120589988054,22,__Unknown__,159.88120589988054,0,0.18457943925233644,0.047244094488188976,0.18930384870115535,False,0,22,__Unknown__,0.5272595286369324,True,True,False,,,,,,,159.88120589988054,-79.0,139.0,303.0,456.0,224.0,595.0,aligned_unknown
IMG_7286.HEIC,27,0.916617751121521,1224,623,1367,695,promo,True,yellow_vs_image_white,yellow_vs_image_white,,,white,0.9655172413793104,image_mixed_palette_white_anchor,yellow,0.0,0.9158139534883721,68.0,147.0,0.5034965034965035,10296,0.815653964984552,0.7857142857142857,0,,,,,,,,,,0,,,price_tag_crops\tag_0027_price_not_found.jpg,price_not_found,,31,__Unknown__,0.6055464744567871,True,True,142.6648169662023,,,,1,,,,,,,,,,,,,,,,,,,,,,,1295.5,659.0,no_product_in_shelf_row
IMG_7286.HEIC,28,0.9019721746444702,2116,1075,2263,1142,regular,False,image_base_color,matches_image_base_color,,,white,0.9655172413793104,image_mixed_palette_white_anchor,white,0.0,0.0,5.0,12.0,0.4557823129251701,9849,0.7802424146399429,0.7717744779218744,1,,,,,,,,,,0,,,price_tag_crops\tag_0028_price_not_found.jpg,price_not_found,99,40,__Unknown__,0.5035668015480042,True,True,134.01958812054303,40,__Unknown__,134.01958812054303,3,,,,True,1,,,,,,,,,,,,,,,,,,2189.5,1108.5,no_available_product_for_one_to_one
IMG_7286.HEIC,29,0.44755876064300537,2229,2548,2268,2610,regular,False,image_base_color,matches_image_base_color,,,white,0.9655172413793104,image_mixed_palette_white_anchor,white,0.0,0.8272200772200772,33.0,90.0,1.5897435897435896,2418,0.19155509783728114,0.19938979137461862,5,,,,,,,,,,0,,,price_tag_crops\tag_0029_price_not_found.jpg,price_not_found,口,10,__Unknown__,0.5748065114021301,True,True,273.28236313381075,10,__Unknown__,273.28236313381075,8,0.5434210526315789,0.1392857142857143,0.5573496240601503,False,0,10,__Unknown__,0.5748065114021301,True,True,False,,,,,,,273.28236313381075,206.5,179.0,2042.0,2400.0,2248.5,2579.0,aligned_unknown
IMG_7287.HEIC,0,0.9565379023551941,1274,2840,1475,2960,uncertain,,insufficient_color_baseline,insufficient_image_color_baseline,,,,0.0,insufficient_support,white,9.92063492063492e-05,0.0,0.0,12.0,0.5970149253731343,24120,1.0,1.0,0,"2,79",2.79,0.7713961601257324,"5,79",5.79,0.7577200531959534,"1,19",1.19,0.548065185546875,3,"2,79 / 5,79 / 1,19",2.79 / 5.79 / 1.19,price_tag_crops\tag_0000_price_2_79__5_79__1_19.jpg,,2.79 | 5.79 | 1.19 | 豆 | 国,14,__Unknown__,0.6736919432878494,True,True,134.00839525940157,11,RANCHEIRO__RANCHEIRO ROSQUINHA BANANA-CANELA RANCHEIRO,374.7776007180792,0,0.004545454545454545,0.16336633663366337,0.020882088208820884,True,0,14,__Unknown__,0.6736919432878494,True,True,False,,,,,,,134.00839525940157,1.5,134.0,1373.0,2766.0,1374.5,2900.0,aligned_unknown
IMG_7288.HEIC,0,0.9695447683334351,217,1742,429,1874,regular,False,image_single_palette,single_image_palette_no_reliable_contrast,,,white,1.0,image_single_palette,white,0.0,0.0,-1.0,6.0,0.6226415094339622,27984,0.9790606140120703,0.958980158322196,0,"1,79",1.79,0.9378795623779297,"1,79",1.79,0.9270281195640564,"1,99",1.99,0.8806775808334351,3,"1,79 / 1,79 / 1,99",1.79 / 1.79 / 1.99,price_tag_crops\tag_0000_price_1_79__1_79__1_99.jpg,,90g CHOC | D4 | 1.79 | 1.79 | 1.99 | 豆 | BA | IP,14,RANCHEIRO__RANCHEIRO ROSQUINHA RECHEADA DE CHOCOLATE RANCHEIRO,0.7090056777000427,False,False,83.55387483534201,14,RANCHEIRO__RANCHEIRO ROSQUINHA RECHEADA DE CHOCOLATE RANCHEIRO,83.55387483534201,0,0.12352941176470589,0.0603448275862069,0.1295638945233266,False,0,14,RANCHEIRO__RANCHEIRO ROSQUINHA RECHEADA DE CHOCOLATE RANCHEIRO,0.7090056777000427,False,False,False,,,,,,,83.55387483534201,52.5,65.0,270.5,1743.0,323.0,1808.0,aligned_known
IMG_7288.HEIC,1,0.9676539897918701,986,1730,1199,1867,regular,False,image_single_palette,single_image_palette_no_reliable_contrast,,,white,1.0,image_single_palette,white,0.0,0.0,-1.0,4.0,0.6431924882629108,29181,1.0209393859879297,1.0,0,"1,79",1.79,0.9374366998672485,"1,79",1.79,0.8632124662399292,"1,99",1.99,0.977684736251831,3,"1,79 / 1,79 / 1,99",1.79 / 1.79 / 1.99,price_tag_crops\tag_0001_price_1_79__1_79__1_99.jpg,,"BISC ROSO RECH RANCHEIRD 90g NOR | 1,79 | 1.79 | 1,99 | 三",55,__Unknown__,0.6459713578224182,True,True,62.03224967708329,36,RANCHEIRO__RANCHEIRO ROSQUINHA RECHEADA DE CHOCOLATE RANCHEIRO,405.17280264104596,0,0.05250596658711217,0.0,0.05250596658711217,True,0,55,__Unknown__,0.6459713578224182,True,True,False,,,,,,,62.03224967708329,-22.0,58.0,1114.5,1740.5,1092.5,1798.5,aligned_unknown
IMG_7288.HEIC,2,0.9641827940940857,1815,1720,2035,1863,regular,False,image_single_palette,single_image_palette_no_reliable_contrast,,,white,1.0,image_single_palette,white,0.0,0.0,1.0,14.0,0.65,31460,1.1006734890230037,1.0780987628936636,0,"1,79",1.79,0.8897048234939575,"1,79",1.79,0.9783185124397278,"1,99",1.99,0.9466854333877563,3,"1,79 / 1,79 / 1,99",1.79 / 1.79 / 1.99,price_tag_crops\tag_0002_price_1_79__1_79__1_99.jpg,,"2 | MISO ROSQ RECH RANCHERD 90g BAUN | K W | WAN H | 1.79 | 1.79 | 1,99 | 直 | A INDAE | A | 蓝 | 1",68,__Unknown__,0.565690666437149,True,True,349.39125633020643,21,RANCHEIRO__RANCHEIRO ROSQUINHA RECHEADA DE CHOCOLATE RANCHEIRO,1253.4034665661334,0,,,,True,0,,,,,,,,,,,,,,,,,,1925.0,1791.5,no_available_product_for_one_to_one
IMG_7288.HEIC,3,0.9573565721511841,1009,2892,1217,3022,regular,False,image_single_palette,single_image_palette_no_reliable_contrast,,,white,1.0,image_single_palette,white,0.0,0.0,1.0,14.0,0.625,27040,0.9460334120528295,1.0,1,"1,89",1.89,0.888997495174408,"1,89",1.89,0.9854715466499329,"1,99",1.99,0.9572036266326904,3,"1,89 / 1,89 / 1,99",1.89 / 1.89 / 1.99,price_tag_crops\tag_0003_price_1_89__1_89__1_99.jpg,,"ESC BARLAN TEDG II DEC | 山 | 1,89 | 1,89 | 1.99 | 6n | AUNMSACE",18,__Unknown__,0.5510077595710754,True,True,222.3083444227859,18,__Unknown__,222.3083444227859,1,0.28,0.2326388888888889,0.3032638888888889,False,0,18,__Unknown__,0.5510077595710754,True,True,False,,,,,,,222.3083444227859,-70.0,211.0,1183.0,2746.0,1113.0,2957.0,aligned_unknown
IMG_7289.HEIC,0,0.9696059823036194,1932,1413,2162,1561,regular,False,image_single_palette,single_image_palette_no_reliable_contrast,,,white,1.0,image_single_palette,white,0.0,0.0,-13.0,46.0,0.6434782608695652,34040,1.3548258706467662,1.0277777777777777,0,"1,95",1.95,0.977386474609375,"1,95",1.95,0.9449797868728638,"1,99",1.99,0.9933562874794006,3,"1,95 / 1,95 / 1,99",1.95 / 1.95 / 1.99,price_tag_crops\tag_0000_price_1_95__1_95__1_99.jpg,," | A     | AAGAD  | 1,95 | 1,95 | 1,99 | 恒 | 4 | N | 北 | 121000 | 医",30,__Unknown__,0.5652071237564087,True,True,270.135151359463,30,__Unknown__,270.135151359463,0,0.22433460076045628,1.1643835616438356,0.34077295692483983,False,0,30,__Unknown__,0.5652071237564087,True,True,False,,,,,,,270.135151359463,118.0,243.0,1929.0,1244.0,2047.0,1487.0,aligned_unknown
IMG_7289.HEIC,1,0.9678491353988647,989,1393,1211,1532,regular,False,image_single_palette,single_image_palette_no_reliable_contrast,,,white,1.0,image_single_palette,white,0.0,0.0,-8.0,32.0,0.6261261261261262,30858,1.228179104477612,0.9317028985507246,0,"1,95",1.95,0.9959505796432495,"1,95",1.95,0.9997465014457703,"1,99",1.99,0.93776935338974,3,"1,95 / 1,95 / 1,99",1.95 / 1.95 / 1.99,price_tag_crops\tag_0001_price_1_95__1_95__1_99.jpg,,"1.95 | 1.95 | L | 1,99 | 日 | As | 10",26,__Unknown__,0.45201563835144043,True,True,104.00120191613172,26,__Unknown__,104.00120191613172,0,0.14351851851851852,0.09642857142857143,0.15316137566137566,False,0,26,__Unknown__,0.45201563835144043,True,True,False,,,,,,,104.00120191613172,-62.0,83.5,1162.0,1379.0,1100.0,1462.5,aligned_unknown
IMG_7289.HEIC,2,0.9638546109199524,369,1942,570,2064,regular,False,image_single_palette,single_image_palette_no_reliable_contrast,,,white,1.0,image_single_palette,white,0.0,0.0,-5.0,19.0,0.6069651741293532,24522,0.976,0.988870070166949,1,"1,89",1.89,0.9806134700775146,"1,89",1.89,0.9949004650115967,"1,99",1.99,0.891803503036499,3,"1,89 / 1,89 / 1,99",1.89 / 1.89 / 1.99,price_tag_crops\tag_0002_price_1_89__1_89__1_99.jpg,,"BISG WAFER RANDHEIRG Tag NiOR | 1,89 | 1.89 | 1,99 | 互 | A4 | 范",28,__Unknown__,0.677194333076477,True,True,152.80052355931247,16,RANCHEIRO__RANCHEIRO WAFER RANCHEIRO CHOCOLATE,790.5309924348318,1,0.09112709832134293,0.17889908256880735,0.10901700657822366,True,0,28,__Unknown__,0.677194333076477,True,True,False,,,,,,,152.80052355931247,-38.0,148.0,507.5,1855.0,469.5,2003.0,aligned_unknown
IMG_7289.HEIC,3,0.9625933170318604,1341,1976,1541,2095,regular,False,image_single_palette,single_image_palette_no_reliable_contrast,,,white,1.0,image_single_palette,white,0.0,0.0,-6.0,24.0,0.595,23800,0.9472636815920398,0.9597548189370111,1,"1,89",1.89,0.8940730094909668,"1,89",1.89,0.9960907101631165,"1,99",1.99,0.9096734523773193,3,"1,89 / 1,89 / 1,99",1.89 / 1.89 / 1.99,price_tag_crops\tag_0003_price_1_89__1_89__1_99.jpg,,"BISC HAFER BANCHEING TIg CHIC | 1.89 | 1.89 | 1,99 | 8",31,RANCHEIRO__RANCHEIRO WAFER RANCHEIRO CHOCOLATE,0.8973569393157959,False,False,273.99361306424646,31,RANCHEIRO__RANCHEIRO WAFER RANCHEIRO CHOCOLATE,273.99361306424646,1,0.2650130548302872,0.1662303664921466,0.28163609147950186,False,0,31,RANCHEIRO__RANCHEIRO WAFER RANCHEIRO CHOCOLATE,0.8973569393157959,False,False,False,,,,,,,273.99361306424646,-101.5,254.5,1542.5,1781.0,1441.0,2035.5,aligned_known
IMG_7289.HEIC,4,0.9624953269958496,125,1363,355,1507,regular,False,image_single_palette,single_image_palette_no_reliable_contrast,,,white,1.0,image_single_palette,white,0.0,0.0,-6.0,26.0,0.6260869565217392,33120,1.3182089552238807,1.0,0,"1,95",1.95,0.9475106596946716,"1,95",1.95,0.9973533153533936,"1,99",1.99,0.9110906720161438,3,"1,95 / 1,95 / 1,99",1.95 / 1.95 / 1.99,price_tag_crops\tag_0004_price_1_95__1_95__1_99.jpg,,"BISC WIAFER VITARELLA Ng CHOC |  a   DN | 64 | 1,95 | 1.95 | 1,99 | 三 | A0A1 | KUN | R",35,__Unknown__,0.5662311315536499,True,True,135.42617915307218,35,__Unknown__,135.42617915307218,0,0.06796116504854369,0.6134453781512605,0.12930570286366974,False,0,35,__Unknown__,0.5662311315536499,True,True,False,,,,,,,135.42617915307218,28.0,132.5,212.0,1302.5,240.0,1435.0,aligned_unknown
IMG_7289.HEIC,5,0.9612982869148254,752,1951,951,2077,regular,False,image_single_palette,single_image_palette_no_reliable_contrast,,,white,1.0,image_single_palette,white,0.0,0.0,-6.0,24.0,0.6331658291457286,25074,0.9979701492537314,1.011129929833051,1,"1,89",1.89,0.9923980236053467,"1,89",1.89,0.999016284942627,"1,99",1.99,0.9837833642959595,3,"1,89 / 1,89 / 1,99",1.89 / 1.89 / 1.99,price_tag_crops\tag_0005_price_1_89__1_89__1_99.jpg,,"BSC | WAFER RANCHERO 7kg | VR | n | 1.89 | 1.89 | 1,99 | 面 | 1",13,RANCHEIRO__RANCHEIRO WAFER RANCHEIRO BAUNILHA,0.7302741527557373,False,False,292.3683464398976,13,RANCHEIRO__RANCHEIRO WAFER RANCHEIRO BAUNILHA,292.3683464398976,1,0.2,0.21914357682619648,0.22191435768261966,False,0,13,RANCHEIRO__RANCHEIRO WAFER RANCHEIRO BAUNILHA,0.7302741527557373,False,False,False,,,,,,,292.3683464398976,-63.0,285.5,914.5,1728.5,851.5,2014.0,aligned_known
IMG_7289.HEIC,6,0.9558969140052795,1889,1988,2090,2113,regular,False,image_single_palette,single_image_palette_no_reliable_contrast,,,white,1.0,image_single_palette,white,0.0,0.0,-9.0,34.0,0.6218905472636815,25125,1.0,1.0131865473022017,1,"1,89",1.89,0.9788666367530823,"1,89",1.89,0.9966331720352173,"1,99",1.99,0.8756155967712402,3,"1,89 / 1,89 / 1,99",1.89 / 1.89 / 1.99,price_tag_crops\tag_0006_price_1_89__1_89__1_99.jpg,,"SISC NAPER | RANCHEIRD Iag LIBDAO | sut N0 | h | 1,89 | aa | 1.89 | 1,99 | 豆 | 1 | 47 | 200",24,__Unknown__,0.5141334384679794,True,True,303.15425116597,31,RANCHEIRO__RANCHEIRO WAFER RANCHEIRO CHOCOLATE,521.9571342552949,1,0.43263473053892215,0.20502645502645503,0.4531373760415677,True,0,24,__Unknown__,0.5141334384679794,True,True,False,,,,,,,303.15425116597,144.5,266.5,1845.0,1784.0,1989.5,2050.5,aligned_unknown
IMG_7290.HEIC,0,0.960688591003418,654,2095,847,2210,regular,False,image_single_palette,single_image_palette_no_reliable_contrast,,,white,1.0,image_single_palette,white,0.0,0.0,-3.0,13.0,0.5958549222797928,22195,1.0,1.0055043377805966,1,"6,09",6.09,0.9901080131530762,"6,09",6.09,0.9955281615257263,"6,50",6.5,0.9907413721084595,3,"6,09 / 6,09 / 6,50",6.09 / 6.09 / 6.50,price_tag_crops\tag_0000_price_6_09__6_09__6_50.jpg,,BSC | CHOOS | LAACTO |  SERENATA | 6.09 | 6.09 | 6.50 | 豆,42,__Unknown__,0.5959609746932983,True,True,76.76262111210117,42,__Unknown__,76.76262111210117,1,0.05606060606060606,0.5067567567567568,0.10673628173628175,False,0,42,__Unknown__,0.5959609746932983,True,True,False,,,,,,,76.76262111210117,-18.5,74.5,769.0,2078.0,750.5,2152.5,aligned_unknown
IMG_7290.HEIC,1,0.9585261940956116,1444,2127,1638,2247,regular,False,image_single_palette,single_image_palette_no_reliable_contrast,,,white,1.0,image_single_palette,white,0.0,0.0,-6.0,27.0,0.6185567010309279,23280,1.048884883982879,1.0546583006772827,1,"6,45",6.45,0.9887151718139648,"6,45",6.45,0.9967731237411499,"6,89",6.89,0.9874780178070068,3,"6,45 / 6,45 / 6,89",6.45 / 6.45 / 6.89,price_tag_crops\tag_0001_price_6_45__6_45__6_89.jpg,,BISC CHOCO COONIES HESTLE BRDNNE  | 6.45 | 6.45 | 6.89 | 0,53,__Unknown__,0.5120920240879059,True,True,113.51761977772438,53,__Unknown__,113.51761977772438,1,0.08074534161490683,0.5523809523809524,0.13598343685300207,False,0,53,__Unknown__,0.5120920240879059,True,True,False,,,,,,,113.51761977772438,-26.0,110.5,1567.0,2076.5,1541.0,2187.0,aligned_unknown
IMG_7290.HEIC,2,0.958386242389679,1527,2696,1730,2810,regular,False,image_single_palette,single_image_palette_no_reliable_contrast,,,white,1.0,image_single_palette,white,0.0,0.0,-3.0,11.0,0.5615763546798029,23142,1.042667267402568,1.030319219981301,2,"0,99",0.99,0.9990137815475464,"0,90",0.9,0.8874641060829163,"1,09",1.09,0.9799370765686035,3,"0,99 / 0,90 / 1,09",0.99 / 0.90 / 1.09,price_tag_crops\tag_0002_price_0_99__0_90__1_09.jpg,,"BISC BRIE IEAFER PASSATER | A | 0.99 | W | 0.90 | 1,09 | 8 | 2",47,__Unknown__,0.49235662817955017,True,True,246.8425611599426,47,__Unknown__,246.8425611599426,2,0.4506769825918762,0.0,0.4506769825918762,False,0,47,__Unknown__,0.49235662817955017,True,True,False,,,,,,,246.8425611599426,-233.0,81.5,1861.5,2671.5,1628.5,2753.0,aligned_unknown
IMG_7290.HEIC,3,0.9579166173934937,1090,2115,1283,2223,regular,False,image_single_palette,single_image_palette_no_reliable_contrast,,,white,1.0,image_single_palette,white,0.0,0.0,-3.0,11.0,0.5595854922279793,20844,0.9391304347826087,0.9442997259156908,1,"6,45",6.45,0.9935076832771301,"6,45",6.45,0.9331018924713135,"6,69",6.69,0.9415348768234253,3,"6,45 / 6,45 / 6,69",6.45 / 6.45 / 6.69,price_tag_crops\tag_0003_price_6_45__6_45__6_69.jpg,,BSC | STE ELA  | 4 | 6.45 | 6.45 | 6.69 | 卫 | 江,45,__Unknown__,0.5428305715322495,True,True,83.21658488546619,45,__Unknown__,83.21658488546619,1,0.016713091922005572,0.5375,0.07046309192200557,False,0,45,__Unknown__,0.5428305715322495,True,True,False,,,,,,,83.21658488546619,6.0,83.0,1180.5,2086.0,1186.5,2169.0,aligned_unknown
IMG_7290.HEIC,4,0.957438051700592,1107,1592,1315,1718,regular,False,image_single_palette,single_image_palette_no_reliable_contrast,,,white,1.0,image_single_palette,white,0.0,0.0,1.0,10.0,0.6057692307692307,26208,1.180806487947736,1.0,0,"1,89",1.89,0.9999868869781494,,,,,,,1,"1,89",1.89,price_tag_crops\tag_0004_price_1_89.jpg,,"BESC CHONIES RANCHELRD Ea SUUCHC | Preco Par Unidade | 1,89 | OCA | M | ANL | 10 | RS | 园",31,__Unknown__,0.6946061054865519,True,True,87.0976463516667,19,RANCHEIRO__RANCHEIRO COOKIES RANCHEIRO,212.98943635776868,0,0.15480427046263345,1.3130434782608695,-0.4638913817112796,False,0,19,RANCHEIRO__RANCHEIRO COOKIES RANCHEIRO,0.8926090449094772,False,False,True,directly_above_known,,,,,,212.98943635776868,-43.5,208.5,1254.5,1446.5,1211.0,1655.0,corrected_directly_above_known
IMG_7290.HEIC,5,0.9567099809646606,513,2663,711,2773,regular,False,image_single_palette,single_image_palette_no_reliable_contrast,,,white,1.0,image_single_palette,white,0.0,0.0,-4.0,15.0,0.5555555555555556,21780,0.9813020950664564,0.9696807800186991,2,"0,99",0.99,0.9514240026473999,"0,99",0.99,0.9373769164085388,"1,09",1.09,0.9639859199523926,3,"0,99 / 0,99 / 1,09",0.99 / 0.99 / 1.09,price_tag_crops\tag_0005_price_0_99__0_99__1_09.jpg,,BSC | WAFER PASSATER | 2 | MORANGS | 0.99 | 0.99 | NN | 1.09 | 工,34,__Unknown__,0.5706737041473389,True,True,248.08919766890295,34,__Unknown__,248.08919766890295,2,0.4738955823293173,0.0,0.4738955823293173,False,0,34,__Unknown__,0.5706737041473389,True,True,False,,,,,,,248.08919766890295,-236.0,76.5,848.0,2641.5,612.0,2718.0,aligned_unknown
IMG_7290.HEIC,6,0.9547767043113708,1840,2153,2042,2266,regular,False,image_single_palette,single_image_palette_no_reliable_contrast,,,white,1.0,image_single_palette,white,0.0,0.0,-2.0,10.0,0.5594059405940595,22826,1.0284298265375085,1.0340906516864112,1,"6,59",6.59,0.7678713798522949,,,,,,,1,"6,59",6.59,price_tag_crops\tag_0006_price_6_59.jpg,,8C | N5 | REPEC | BUTTER | EPJ | MNG | M | 6. | 45 | 6 | 45 | 6. | 59 | 豆 | a | 巴,28,__Unknown__,0.3376496732234955,True,True,265.82419002039677,28,__Unknown__,265.82419002039677,1,0.6806930693069307,0.1652046783625731,0.697213537143188,False,0,28,__Unknown__,0.3376496732234955,True,True,False,,,,,,,265.82419002039677,137.5,227.5,1803.5,1982.0,1941.0,2209.5,aligned_unknown
IMG_7290.HEIC,7,0.9541823267936707,239,2079,435,2191,regular,False,image_single_palette,single_image_palette_no_reliable_contrast,,,white,1.0,image_single_palette,white,0.0,0.0,-6.0,27.0,0.5714285714285714,21952,0.9890515881955395,0.9944956622194033,1,"6,45",6.45,0.9935400485992432,"6,45",6.45,0.963446855545044,"6,89",6.89,0.9393202662467957,3,"6,45 / 6,45 / 6,89",6.45 / 6.45 / 6.89,price_tag_crops\tag_0007_price_6_45__6_45__6_89.jpg,,DICCO | COOREL | LECOM | CC | R | en | 6.45 | 6.45 | 6.89 | 豆,44,__Unknown__,0.527375320593516,True,True,82.58480489775344,44,__Unknown__,82.58480489775344,1,0.06269113149847094,0.3695652173913043,0.09964765323760139,False,0,44,__Unknown__,0.527375320593516,True,True,False,,,,,,,82.58480489775344,20.5,80.0,316.5,2055.0,337.0,2135.0,aligned_unknown
IMG_7290.HEIC,8,0.5534996390342712,2211,2160,2268,2285,regular,False,image_single_palette,single_image_palette_no_reliable_contrast,,,white,1.0,image_single_palette,white,0.0,0.0,-2.0,13.0,2.192982456140351,7125,0.32101824735300744,0.3227852402201735,1,,,,,,,,,,0,,,price_tag_crops\tag_0008_price_not_found.jpg,price_not_found,,35,__Unknown__,0.5258534848690033,True,True,278.2103520719529,35,__Unknown__,278.2103520719529,1,0.7547169811320755,0.13224181360201512,0.7679411624922771,False,0,35,__Unknown__,0.5258534848690033,True,True,False,,,,,,,278.2103520719529,120.0,251.0,2119.5,1971.5,2239.5,2222.5,aligned_unknown
IMG_7291.HEIC,0,0.9647539258003235,465,2060,609,2183,regular,False,image_single_palette,single_image_palette_no_reliable_contrast,,,white,1.0,image_single_palette,white,0.0,0.0,-8.0,21.0,0.8541666666666666,17712,0.9088436770403058,0.816597510373444,1,"4,29",4.29,0.8851550817489624,"4,69",4.69,0.9994828701019287,,,,2,"4,29 / 4,69",4.29 / 4.69,price_tag_crops\tag_0000_price_4_29__4_69.jpg,,"武 | Bc | 4.29 | 4,69 | T | ",31,__Unknown__,0.6161580284436544,True,True,220.85119424626166,23,RANCHEIRO__RANCHEIRO ROSQUINHA DE CHOCOLATE RANCHEIRO,607.8126767351928,1,0.27297297297297296,0.20957095709570958,0.2939300686825439,True,0,31,__Unknown__,0.6161580284436544,True,True,False,,,,,,,220.85119424626166,-50.5,215.0,587.5,1906.5,537.0,2121.5,aligned_unknown
IMG_7291.HEIC,1,0.9596891403198242,1086,2686,1234,2816,regular,False,image_single_palette,single_image_palette_no_reliable_contrast,,,white,1.0,image_single_palette,white,0.0,0.0,-7.0,19.0,0.8783783783783784,19240,0.9872488903712445,1.0,2,"3,49",3.49,0.9952235817909241,"3,99",3.99,0.9994076490402222,,,,2,"3,49 / 3,99",3.49 / 3.99,price_tag_crops\tag_0001_price_3_49__3_99.jpg,,"3,49 | 3,99",39,RANCHEIRO__RANCHEIRO ROSQUINHA DE CHOCOLATE RANCHEIRO,0.6845817565917969,False,False,139.00359707575916,39,RANCHEIRO__RANCHEIRO ROSQUINHA DE CHOCOLATE RANCHEIRO,139.00359707575916,2,0.0024630541871921183,0.11504424778761062,0.01396747896595318,False,0,39,RANCHEIRO__RANCHEIRO ROSQUINHA DE CHOCOLATE RANCHEIRO,0.6845817565917969,False,False,False,,,,,,,139.00359707575916,-1.0,139.0,1161.0,2612.0,1160.0,2751.0,aligned_known
IMG_7291.HEIC,2,0.959011971950531,913,1474,1066,1603,regular,False,image_single_palette,single_image_palette_no_reliable_contrast,,,white,1.0,image_single_palette,white,0.0,0.0,-5.0,17.0,0.8431372549019608,19737,1.0127511096287554,1.0,0,"7,49",7.49,0.9991582632064819,"7,99",7.99,0.9992067217826843,,,,2,"7,49 / 7,99",7.49 / 7.99,price_tag_crops\tag_0002_price_7_49__7_99.jpg,,"C | 7,49 | 7,99 | 一4",3,RANCHEIRO__RANCHEIRO ROSQUINHA DE COCO RANCHEIRO,0.9089155197143555,False,False,258.73393669945966,3,RANCHEIRO__RANCHEIRO ROSQUINHA DE COCO RANCHEIRO,258.73393669945966,0,0.03206997084548105,0.12439613526570048,0.044509584372051096,False,0,3,RANCHEIRO__RANCHEIRO ROSQUINHA DE COCO RANCHEIRO,0.9089155197143555,False,False,False,,,,,,,258.73393669945966,11.0,258.5,978.5,1280.0,989.5,1538.5,aligned_known
IMG_7291.HEIC,3,0.9531373977661133,1486,2077,1693,2201,promo,True,offer_keyword,single_image_palette_no_reliable_contrast,,APROVEITE,white,1.0,image_single_palette,white,0.07462962962962963,0.49166666666666664,23.0,73.0,0.5990338164251208,25668,1.3170844344100368,1.183402489626556,1,"4,59",4.59,0.9998989105224609,"4,89",4.89,0.9387618899345398,"4,40",4.4,0.9996519088745117,3,"4,59 / 4,89 / 4,40",4.59 / 4.89 / 4.40,price_tag_crops\tag_0003_price_4_59__4_89__4_40.jpg,,"LDET | HÓ APP |  | ET ECICADA | 4.59 | 4,89 | 4.40 | APROYLITE | 立 | ",12,RANCHEIRO__RANCHEIRO ROSQUINHA DE CHOCOLATE RANCHEIRO,0.8670855522155761,False,False,253.78386473532947,12,RANCHEIRO__RANCHEIRO ROSQUINHA DE CHOCOLATE RANCHEIRO,253.78386473532947,1,0.26262626262626265,0.2,0.28262626262626267,False,0,12,RANCHEIRO__RANCHEIRO ROSQUINHA DE CHOCOLATE RANCHEIRO,0.8670855522155761,False,False,False,,,,,,,253.78386473532947,-78.0,241.5,1667.5,1897.5,1589.5,2139.0,aligned_known
IMG_7292.HEIC,0,0.9553046226501465,455,2267,606,2393,uncertain,,insufficient_color_baseline,insufficient_image_color_baseline,,,,0.0,insufficient_support,white,0.0,0.0,-7.0,22.0,0.8344370860927153,19026,1.0,1.0,0,"7,49",7.49,0.9991728067398071,"7,99",7.99,0.9993329048156738,,,,2,"7,49 / 7,99",7.49 / 7.99,price_tag_crops\tag_0000_price_7_49__7_99.jpg,,"7,49 | 7,99",28,__Unknown__,0.4906744460264842,True,True,365.87771181092734,28,__Unknown__,365.87771181092734,0,0.3856655290102389,0.5481927710843374,0.4404848061186727,True,0,24,__Unknown__,0.4822657108306885,True,True,False,,,,,,,365.8865944524341,-113.0,348.0,643.5,1982.0,530.5,2330.0,aligned_unknown
IMG_7293.HEIC,0,0.9663510918617249,969,1517,1128,1648,regular,False,image_single_palette,single_image_palette_no_reliable_contrast,,,white,1.0,image_single_palette,white,0.0,0.0,-5.0,19.0,0.8238993710691824,20829,1.1701028032133027,1.0,0,"4,99",4.99,0.9992271661758423,"5,49",5.49,0.9999431371688843,,,,2,"4,99 / 5,49",4.99 / 5.49,price_tag_crops\tag_0000_price_4_99__5_49.jpg,,"1 | 4,99 | 5,49 | 450 | a | U",57,__Unknown__,0.6481140454610189,True,True,121.62236636408618,57,__Unknown__,121.62236636408618,0,0.18105263157894738,0.823076923076923,0.26336032388663966,False,0,57,__Unknown__,0.6481140454610189,True,True,False,,,,,,,121.62236636408618,86.0,86.0,962.5,1496.5,1048.5,1582.5,aligned_unknown
IMG_7293.HEIC,1,0.9618593454360962,1210,3592,1346,3675,regular,False,image_single_palette,single_image_palette_no_reliable_contrast,,,white,1.0,image_single_palette,white,0.0,0.0,-1.0,7.0,0.6102941176470589,11288,0.6341216785573844,1.0,3,"2,59",2.59,0.9837360382080078,"2,99",2.99,0.9318588972091675,,,,2,"2,59 / 2,99",2.59 / 2.99,price_tag_crops\tag_0001_price_2_59__2_99.jpg,,"2.59 | 2,99",47,RANCHEIRO__RANCHEIRO COOKIES RANCHEIRO,0.8602577149868011,False,False,213.49004660639335,47,RANCHEIRO__RANCHEIRO COOKIES RANCHEIRO,213.49004660639335,3,0.3170731707317073,0.32046979865771813,0.34912015059747914,True,0,51,RANCHEIRO__RANCHEIRO COOKIES RANCHEIRO,0.8478011965751648,False,False,False,,,,,,,265.69954836243136,104.0,244.5,1174.0,3389.0,1278.0,3633.5,aligned_known
IMG_7293.HEIC,2,0.9589843153953552,1394,2756,1541,2880,regular,False,image_single_palette,single_image_palette_no_reliable_contrast,,,white,1.0,image_single_palette,white,0.0,0.0,-4.0,14.0,0.8435374149659864,18228,1.0239874164372789,1.0,2,"3,15",3.15,0.9956870675086975,"3,29",3.29,0.9979990720748901,,,,2,"3,15 / 3,29",3.15 / 3.29,price_tag_crops\tag_0002_price_3_15__3_29.jpg,,"址 | 00 | tut | 3,15 | 3,29 |  | 1 | MNAN | ",62,__Unknown__,0.5865826606750488,True,True,260.0120189529707,62,__Unknown__,260.0120189529707,2,0.46675531914893614,0.17379679144385027,0.4841349982933212,True,0,77,__Unknown__,0.5850266695022583,True,True,False,,,,,,,307.08997052981067,-175.5,252.0,1643.0,2566.0,1467.5,2818.0,aligned_unknown
IMG_7293.HEIC,3,0.9579552412033081,1159,2127,1305,2246,regular,False,image_single_palette,single_image_palette_no_reliable_contrast,,,white,1.0,image_single_palette,white,0.0,0.0,-2.0,7.0,0.815068493150685,17374,0.9760125835627212,1.0,1,"3,28",3.28,0.9998447895050049,"3,58",3.58,0.999779462814331,,,,2,"3,28 / 3,58",3.28 / 3.58,price_tag_crops\tag_0003_price_3_28__3_58.jpg,,"3,28 | 3,58",61,__Unknown__,0.6286646872758865,True,True,174.01149387324966,61,__Unknown__,174.01149387324966,1,0.41566265060240964,0.7183908045977011,0.48750173106217976,False,0,61,__Unknown__,0.6286646872758865,True,True,False,,,,,,,174.01149387324966,138.0,106.0,1094.0,2080.5,1232.0,2186.5,aligned_unknown
IMG_7294.HEIC,0,0.9592899680137634,1537,1627,1682,1745,regular,False,image_single_palette,single_image_palette_no_reliable_contrast,,,white,1.0,image_single_palette,white,0.0,0.0,-5.0,20.0,0.8137931034482758,17110,1.0988022990720225,1.0069444444444444,0,"4,99",4.99,0.9943304657936096,"5,49",5.49,0.9999386072158813,,,,2,"4,99 / 5,49",4.99 / 5.49,price_tag_crops\tag_0000_price_4_99__5_49.jpg,," | 4,99 | 5,49 | 2 | 客",90,__Unknown__,0.5537512004375458,True,True,177.15882704511228,90,__Unknown__,177.15882704511228,0,0.4896142433234421,0.1935483870967742,0.5089690820331195,False,0,90,__Unknown__,0.5537512004375458,True,True,False,,,,,,,177.15882704511228,165.0,64.5,1444.5,1621.5,1609.5,1686.0,aligned_unknown
IMG_7294.HEIC,1,0.9592669010162354,524,2179,661,2293,regular,False,image_single_palette,single_image_palette_no_reliable_contrast,,,white,1.0,image_single_palette,white,0.0,0.0,-6.0,19.0,0.8321167883211679,15618,1.002986224833831,1.0162675689744924,1,"4,99",4.99,0.9456079006195068,"5,49",5.49,0.9911627173423767,,,,2,"4,99 / 5,49",4.99 / 5.49,price_tag_crops\tag_0001_price_4_99__5_49.jpg,,"4,99 | 5,49",46,__Unknown__,0.6005277633666992,True,True,82.22682044199448,46,__Unknown__,82.22682044199448,1,0.06231454005934718,0.48148148148148145,0.11046268820749533,False,0,46,__Unknown__,0.6005277633666992,True,True,False,,,,,,,82.22682044199448,21.0,79.5,571.5,2156.5,592.5,2236.0,aligned_unknown
IMG_7294.HEIC,2,0.9585774540901184,1007,2768,1146,2883,regular,False,image_single_palette,single_image_palette_no_reliable_contrast,,,white,1.0,image_single_palette,white,0.0,0.0,-7.0,22.0,0.8273381294964028,15985,1.0265549240599814,1.0,2,"3,15",3.15,0.9982361793518066,"3,29",3.29,0.9992763996124268,,,,2,"3,15 / 3,29",3.15 / 3.29,price_tag_crops\tag_0002_price_3_15__3_29.jpg,,"3,15 | 3,29",40,__Unknown__,0.5257128477096558,True,True,164.76422548599558,40,__Unknown__,164.76422548599558,2,0.5584415584415584,0.6918604651162791,0.6276276049531864,False,0,40,__Unknown__,0.5257128477096558,True,True,False,,,,,,,164.76422548599558,-129.0,102.5,1205.5,2723.0,1076.5,2825.5,aligned_unknown
IMG_7294.HEIC,3,0.9577890634536743,1960,1629,2104,1747,regular,False,image_single_palette,single_image_palette_no_reliable_contrast,,,white,1.0,image_single_palette,white,0.0,0.0,-5.0,19.0,0.8194444444444444,16992,1.0912243521818707,1.0,0,"4,99",4.99,0.9477469325065613,"5,49",5.49,0.9995529651641846,,,,2,"4,99 / 5,49",4.99 / 5.49,price_tag_crops\tag_0003_price_4_99__5_49.jpg,,"4,99 | 5,49 | 44 | ",30,__Unknown__,0.618182584643364,True,True,190.77014965659592,30,__Unknown__,190.77014965659592,0,0.528125,0.8615384615384616,0.6142788461538461,False,0,30,__Unknown__,0.618182584643364,True,True,False,,,,,,,190.77014965659592,169.0,88.5,1863.0,1599.5,2032.0,1688.0,aligned_unknown
IMG_7294.HEIC,4,0.9563722610473633,731,1625,876,1742,regular,False,image_single_palette,single_image_palette_no_reliable_contrast,,,white,1.0,image_single_palette,white,0.0,0.0,-3.0,17.0,0.8068965517241379,16965,1.0894904151815816,0.9984110169491526,0,"4,99",4.99,0.9852008819580078,"5,49",5.49,0.9998332262039185,,,,2,"4,99 / 5,49",4.99 / 5.49,price_tag_crops\tag_0004_price_4_99__5_49.jpg,,"0 | 4,99 | 5,49",25,__Unknown__,0.5458720028400421,True,True,260.06922155457,25,__Unknown__,260.06922155457,0,,,,True,1,,,,,,,,,,,,,,,,,,803.5,1683.5,no_available_product_for_one_to_one
IMG_7294.HEIC,5,0.9540542364120483,1687,2178,1822,2293,regular,False,image_single_palette,single_image_palette_no_reliable_contrast,,,white,1.0,image_single_palette,white,0.0,0.0,-5.0,19.0,0.8518518518518519,15525,0.997013775166169,1.0102160333159813,1,"2,29",2.29,0.9993813037872314,"2,39",2.39,0.9981579780578613,,,,2,"2,29 / 2,39",2.29 / 2.39,price_tag_crops\tag_0005_price_2_29__2_39.jpg,,"2,29 | 2,39 | 0 | 11",87,__Unknown__,0.5372012853622437,True,True,191.3720198984167,87,__Unknown__,191.3720198984167,1,0.5111111111111111,0.24375,0.5354861111111111,False,0,87,__Unknown__,0.5372012853622437,True,True,False,,,,,,,191.3720198984167,69.0,178.5,1685.5,2057.0,1754.5,2235.5,aligned_unknown
IMG_7294.HEIC,6,0.9535388946533203,1008,2180,1144,2293,regular,False,image_single_palette,single_image_palette_no_reliable_contrast,,,white,1.0,image_single_palette,white,0.0,0.0,-8.0,24.0,0.8308823529411765,15368,0.986931252608933,1.0,1,"4,99",4.99,0.9744812250137329,"5,49",5.49,0.9993929266929626,,,,2,"4,99 / 5,49",4.99 / 5.49,price_tag_crops\tag_0006_price_4_99__5_49.jpg,,"4,99 | 5,49 |  | 国",35,__Unknown__,0.6304105917612711,True,True,150.88157607872475,35,__Unknown__,150.88157607872475,1,0.39308176100628933,0.7803030303030303,0.47111206403659234,False,0,35,__Unknown__,0.6304105917612711,True,True,False,,,,,,,150.88157607872475,125.0,84.5,951.0,2152.0,1076.0,2236.5,aligned_unknown
IMG_7294.HEIC,7,0.9482206106185913,1542,2182,1679,2294,regular,False,image_single_palette,single_image_palette_no_reliable_contrast,,,white,1.0,image_single_palette,white,0.0,0.0,-6.0,20.0,0.8175182481751825,15344,0.9853899752753428,0.9984383133784487,1,"2,29",2.29,0.9990947246551514,"2,39",2.39,0.9996911287307739,,,,2,"2,29 / 2,39",2.29 / 2.39,price_tag_crops\tag_0007_price_2_29__2_39.jpg,," | 2,39 | 2,29 | 画",10,__Unknown__,0.5838683048884074,True,True,155.54099138169335,10,__Unknown__,155.54099138169335,1,0.20437956204379562,0.33152173913043476,0.2375317359568391,False,0,10,__Unknown__,0.5838683048884074,True,True,False,,,,,,,155.54099138169335,28.0,153.0,1582.5,2085.0,1610.5,2238.0,aligned_unknown
IMG_7294.HEIC,8,0.9392344355583191,1906,2215,2023,2286,regular,False,image_single_palette,single_image_palette_no_reliable_contrast,,,white,1.0,image_single_palette,white,0.0,0.0,-5.0,18.0,0.6068376068376068,8307,0.5334746170889124,0.5405387818844352,1,,,,,,,,,,0,,,price_tag_crops\tag_0008_price_not_found.jpg,price_not_found,49,96,__Unknown__,0.47220860918362934,True,True,96.50129532809392,96,__Unknown__,96.50129532809392,1,0.09571428571428571,0.5055555555555555,0.14626984126984127,False,0,96,__Unknown__,0.47220860918362934,True,True,False,,,,,,,96.50129532809392,33.5,90.5,1931.0,2160.0,1964.5,2250.5,aligned_unknown
IMG_7294.HEIC,9,0.9381691813468933,1042,3600,1173,3684,regular,False,image_single_palette,single_image_palette_no_reliable_contrast,,,white,1.0,image_single_palette,white,0.0,0.0,-1.0,4.0,0.6412213740458015,11004,0.7066756574511126,1.0,3,"2,59",2.59,0.9160208702087402,"2,99",2.99,0.9613555669784546,,,,2,"2,59 / 2,99",2.59 / 2.99,price_tag_crops\tag_0009_price_2_59__2_99.jpg,,"2.59 | 2,99 | TP | 频",97,__Unknown__,0.6440720558166504,True,True,221.7746604100658,55,RANCHEIRO__RANCHEIRO COOKIES RANCHEIRO,275.26169366622736,3,0.5714285714285714,2.985294117647059,0.11995798319327733,False,0,55,RANCHEIRO__RANCHEIRO COOKIES RANCHEIRO,0.6959202488263448,False,False,True,neighbor_consensus,RANCHEIRO__RANCHEIRO COOKIES RANCHEIRO,3,5,0.6,55 / 77 / 64,275.26169366622736,-140.0,237.0,1247.5,3405.0,1107.5,3642.0,corrected_neighbor_consensus
IMG_7295.HEIC,0,0.9644723534584045,1334,2743,1474,2865,regular,False,image_single_palette,single_image_palette_no_reliable_contrast,,,white,1.0,image_single_palette,white,0.0,0.0,-7.0,20.0,0.8714285714285714,17080,1.0,1.0225095785440612,2,"1,95",1.95,0.9990386962890625,"2,09",2.09,0.9995719194412231,,,,2,"1,95 / 2,09",1.95 / 2.09,price_tag_crops\tag_0000_price_1_95__2_09.jpg,,"1,95 | 2,09",19,RANCHEIRO__RANCHEIRO WAFER RANCHEIRO MORANGO,0.731669545173645,False,False,161.90274858692177,19,RANCHEIRO__RANCHEIRO WAFER RANCHEIRO MORANGO,161.90274858692177,2,0.12798634812286688,0.3701657458563536,0.16500292270850225,False,0,19,RANCHEIRO__RANCHEIRO WAFER RANCHEIRO MORANGO,0.731669545173645,False,False,False,,,,,,,161.90274858692177,37.5,157.5,1366.5,2646.5,1404.0,2804.0,aligned_known
IMG_7295.HEIC,1,0.9637510776519775,586,2755,728,2869,regular,False,image_single_palette,single_image_palette_no_reliable_contrast,,,white,1.0,image_single_palette,white,0.0,0.0,-6.0,17.0,0.8028169014084507,16188,0.9477751756440281,0.9691091954022989,2,"1,95",1.95,0.9990235567092896,"2,09",2.09,0.99871826171875,,,,2,"1,95 / 2,09",1.95 / 2.09,price_tag_crops\tag_0001_price_1_95__2_09.jpg,,"1,95 | 2,09",49,RANCHEIRO__RANCHEIRO WAFER RANCHEIRO CHOCOLATE,0.7765333652496338,False,False,178.98114425827097,49,RANCHEIRO__RANCHEIRO WAFER RANCHEIRO CHOCOLATE,178.98114425827097,2,0.16123778501628663,0.26785714285714285,0.1880234993020009,False,0,49,RANCHEIRO__RANCHEIRO WAFER RANCHEIRO CHOCOLATE,0.7765333652496338,False,False,False,,,,,,,178.98114425827097,-49.5,172.0,706.5,2640.0,657.0,2812.0,aligned_known
IMG_7295.HEIC,2,0.9636138081550598,1525,1598,1673,1719,regular,False,image_single_palette,single_image_palette_no_reliable_contrast,,,white,1.0,image_single_palette,white,0.0,0.0,-8.0,25.0,0.8175675675675675,17908,1.0484777517564403,1.0,0,"2,29",2.29,0.9982361793518066,"2,49",2.49,0.9999552965164185,,,,2,"2,29 / 2,49",2.29 / 2.49,price_tag_crops\tag_0002_price_2_29__2_49.jpg,,"2,29 | 2,49",44,RANCHEIRO__RANCHEIRO WAFER RANCHEIRO LIMAO,0.740347170829773,False,False,198.90952717253137,44,RANCHEIRO__RANCHEIRO WAFER RANCHEIRO LIMAO,198.90952717253137,0,0.5292207792207793,0.47435897435897434,0.5766566766566767,False,0,44,RANCHEIRO__RANCHEIRO WAFER RANCHEIRO LIMAO,0.740347170829773,False,False,False,,,,,,,198.90952717253137,-163.0,114.0,1762.0,1544.5,1599.0,1658.5,aligned_known
IMG_7295.HEIC,3,0.9636101722717285,753,1601,899,1723,regular,False,image_single_palette,single_image_palette_no_reliable_contrast,,,white,1.0,image_single_palette,white,0.0,0.0,-7.0,23.5,0.8356164383561644,17812,1.042857142857143,0.9946392673665401,0,"2,29",2.29,0.9802563786506653,"2,49",2.49,0.9999500513076782,,,,2,"2,29 / 2,49",2.29 / 2.49,price_tag_crops\tag_0003_price_2_29__2_49.jpg,,"ASCORH CCUT | 2,29 | 2,49 | 4825 | ",20,RANCHEIRO__RANCHEIRO WAFER RANCHEIRO CHOCOLATE,0.8956686019897461,False,False,251.9667636812443,20,RANCHEIRO__RANCHEIRO WAFER RANCHEIRO CHOCOLATE,251.9667636812443,0,0.43471810089020774,0.20205479452054795,0.45492358034226255,False,0,20,RANCHEIRO__RANCHEIRO WAFER RANCHEIRO CHOCOLATE,0.8956686019897461,False,False,False,,,,,,,251.9667636812443,146.5,205.0,679.5,1457.0,826.0,1662.0,aligned_known
IMG_7295.HEIC,4,0.9625656008720398,317,1601,465,1725,regular,False,image_single_palette,single_image_palette_no_reliable_contrast,,,white,1.0,image_single_palette,white,0.0,0.0,-8.0,25.0,0.8378378378378378,18352,1.0744730679156909,1.024793388429752,0,"2,29",2.29,0.9939468502998352,"2,49",2.49,0.9998588562011719,,,,2,"2,29 / 2,49",2.29 / 2.49,price_tag_crops\tag_0004_price_2_29__2_49.jpg,,"2,29 | 2,49",22,RANCHEIRO__RANCHEIRO WAFER RANCHEIRO MORANGO,0.7480893135070801,False,False,138.87134333619733,22,RANCHEIRO__RANCHEIRO WAFER RANCHEIRO MORANGO,138.87134333619733,0,0.19836065573770492,0.5775862068965517,0.2561192764273601,False,0,22,RANCHEIRO__RANCHEIRO WAFER RANCHEIRO MORANGO,0.7480893135070801,False,False,False,,,,,,,138.87134333619733,60.5,125.0,330.5,1538.0,391.0,1663.0,aligned_known
IMG_7295.HEIC,5,0.961450457572937,1920,2754,2064,2870,regular,False,image_single_palette,single_image_palette_no_reliable_contrast,,,white,1.0,image_single_palette,white,0.0,0.0,-4.0,13.0,0.8055555555555556,16704,0.9779859484777518,1.0,2,"1,95",1.95,0.999630331993103,"2,09",2.09,0.9971712827682495,,,,2,"1,95 / 2,09",1.95 / 2.09,price_tag_crops\tag_0005_price_1_95__2_09.jpg,,"1,95 | 2,09 | 谊",56,__Unknown__,0.6604320168495178,True,True,102.19711346217171,63,RANCHEIRO__RANCHEIRO WAFER RANCHEIRO BAUNILHA,245.68933635792988,2,0.19155844155844157,1.019108280254777,-0.4565307304160807,False,0,63,RANCHEIRO__RANCHEIRO WAFER RANCHEIRO BAUNILHA,0.791253662109375,False,False,True,directly_above_known,,,,,,245.68933635792988,-59.0,238.5,2051.0,2573.5,1992.0,2812.0,corrected_directly_above_known
IMG_7295.HEIC,6,0.9597411751747131,2034,1588,2183,1718,regular,False,image_single_palette,single_image_palette_no_reliable_contrast,,,white,1.0,image_single_palette,white,0.0,0.0,-9.0,26.0,0.87248322147651,19370,1.1340749414519906,1.0816394907303999,0,"2,29",2.29,0.9842328429222107,"2,49",2.49,0.9996986389160156,,,,2,"2,29 / 2,49",2.29 / 2.49,price_tag_crops\tag_0006_price_2_29__2_49.jpg,,"2,29 | 2,49",58,__Unknown__,0.6821677386760712,True,True,82.66347440072913,44,RANCHEIRO__RANCHEIRO WAFER RANCHEIRO LIMAO,363.09020917672785,0,0.05357142857142857,0.0,0.05357142857142857,True,0,58,__Unknown__,0.6821677386760712,True,True,False,,,,,,,82.66347440072913,16.5,81.0,2092.0,1572.0,2108.5,1653.0,aligned_unknown
IMG_7295.HEIC,7,0.948970377445221,0,2155,77,2279,promo,True,vertical_shape,single_image_palette_no_reliable_contrast,vertical_shape,,white,1.0,image_single_palette,white,0.0,0.0,-7.0,22.0,1.6103896103896105,9548,0.559016393442623,1.0,1,"2,59",2.59,0.9999241232872009,,,,,,,1,"2,59",2.59,price_tag_crops\tag_0007_price_2_59.jpg,,"内 | 2,59 | ",55,__Unknown__,0.5539318323135376,True,True,197.32840647002652,25,RANCHEIRO__RANCHEIRO WAFER RANCHEIRO CHOCOLATE,717.5430300685806,1,0.3106060606060606,0.1625441696113074,0.32686047756719133,True,0,55,__Unknown__,0.5539318323135376,True,True,False,,,,,,,197.32840647002652,-61.5,187.5,100.0,2029.5,38.5,2217.0,aligned_unknown
IMG_7295.HEIC,8,0.9305109977722168,0,1588,54,1713,regular,False,image_single_palette,single_image_palette_no_reliable_contrast,,,white,1.0,image_single_palette,white,0.0,0.0,-5.0,20.0,2.314814814814815,6750,0.3951990632318501,0.37692651329014965,0,,,,,,,,,,0,,,price_tag_crops\tag_0008_price_not_found.jpg,price_not_found,",49",62,__Unknown__,0.5297538340091705,True,True,202.90206997465552,62,__Unknown__,202.90206997465552,0,0.2890625,0.2281021897810219,0.3118727189781022,False,0,62,__Unknown__,0.5297538340091705,True,True,False,,,,,,,202.90206997465552,-37.0,199.5,64.0,1451.0,27.0,1650.5,aligned_unknown
IMG_7297.HEIC,0,0.9617728590965271,796,1624,947,1750,regular,False,image_single_palette,single_image_palette_no_reliable_contrast,,,white,1.0,image_single_palette,white,0.0,0.0,-3.0,14.0,0.8344370860927153,19026,1.19720614145482,1.0,0,"2,79",2.79,0.9998365640640259,"2,99",2.99,0.9998581409454346,,,,2,"2,79 / 2,99",2.79 / 2.99,price_tag_crops\tag_0000_price_2_79__2_99.jpg,," | 2,79 | 2,99",72,__Unknown__,0.5115076899528503,True,True,213.9778025870908,72,__Unknown__,213.9778025870908,0,0.033112582781456956,0.15602836879432624,0.04871541966088958,True,0,79,__Unknown__,0.5011511445045471,True,True,False,,,,,,,277.54504138968144,-5.0,277.5,876.5,1409.5,871.5,1687.0,aligned_unknown
IMG_7297.HEIC,1,0.9540195465087891,989,2858,1131,2966,regular,False,image_single_palette,single_image_palette_no_reliable_contrast,,,white,1.0,image_single_palette,white,0.0,0.0,6.0,20.0,0.7605633802816901,15336,0.9650138434432419,1.002483984834619,2,"1,89",1.89,0.9998648762702942,"2,09",2.09,0.975068986415863,,,,2,"1,89 / 2,09",1.89 / 2.09,price_tag_crops\tag_0001_price_1_89__2_09.jpg,,"0D | 1,89 | 2,09 | R | ",75,__Unknown__,0.47201762596766156,True,True,448.3257744096362,75,__Unknown__,448.3257744096362,2,,,,True,0,,,,,,,,,,,,,,,,,,1060.0,2912.0,no_available_product_for_one_to_one
IMG_7297.HEIC,2,0.9505897164344788,797,2191,934,2307,regular,False,image_single_palette,single_image_palette_no_reliable_contrast,,,white,1.0,image_single_palette,white,0.0,0.0,-3.0,12.0,0.8467153284671532,15892,1.0,0.9403550295857989,1,"2,19",2.19,0.9995453953742981,"2,49",2.49,0.9999304413795471,,,,2,"2,19 / 2,49",2.19 / 2.49,price_tag_crops\tag_0002_price_2_19__2_49.jpg,,"E | 2,19 | 2,49 | Cyma |  | 验",53,RANCHEIRO__RANCHEIRO ROSQUINHA RECHEADA DE BAUNILHA RANCHEIRO,0.9120246171951294,False,False,138.24073205824686,53,RANCHEIRO__RANCHEIRO ROSQUINHA RECHEADA DE BAUNILHA RANCHEIRO,138.24073205824686,1,0.3142361111111111,0.8571428571428571,0.3999503968253968,False,0,53,RANCHEIRO__RANCHEIRO ROSQUINHA RECHEADA DE BAUNILHA RANCHEIRO,0.9120246171951294,False,False,False,,,,,,,138.24073205824686,-90.5,104.5,956.0,2144.5,865.5,2249.0,aligned_known
IMG_7297.HEIC,3,0.9394664764404297,1936,2850,2076,2959,regular,False,image_single_palette,single_image_palette_no_reliable_contrast,,,white,1.0,image_single_palette,white,0.0,0.0,5.0,15.0,0.7785714285714286,15260,0.9602315630505915,0.9975160151653811,2,"1,89",1.89,0.9994539022445679,"2,09",2.09,0.9294909238815308,,,,2,"1,89 / 2,09",1.89 / 2.09,price_tag_crops\tag_0003_price_1_89__2_09.jpg,,"1,89 | 2,09",60,__Unknown__,0.5375458598136902,True,True,248.82323042674292,60,__Unknown__,248.82323042674292,2,,,,True,0,,,,,,,,,,,,,,,,,,2006.0,2904.5,no_available_product_for_one_to_one
IMG_7297.HEIC,4,0.9373374581336975,1898,2199,2046,2320,regular,False,image_single_palette,single_image_palette_no_reliable_contrast,,,white,1.0,image_single_palette,white,0.0,0.0,-4.0,14.0,0.8175675675675675,17908,1.1268562798892525,1.0596449704142012,1,"2,19",2.19,0.9987776279449463,"2,49",2.49,0.9981003999710083,,,,2,"2,19 / 2,49",2.19 / 2.49,price_tag_crops\tag_0004_price_2_19__2_49.jpg,,"EEN   | 2,19 | 2,49 | 图",50,RANCHEIRO__RANCHEIRO ROSQUINHA RECHEADA DE CHOCOLATE RANCHEIRO,0.8978652477264404,False,False,174.55801327925337,50,RANCHEIRO__RANCHEIRO ROSQUINHA RECHEADA DE CHOCOLATE RANCHEIRO,174.55801327925337,1,0.2032967032967033,1.4702380952380953,0.3503205128205128,False,0,50,RANCHEIRO__RANCHEIRO ROSQUINHA RECHEADA DE CHOCOLATE RANCHEIRO,0.8978652477264404,False,False,False,,,,,,,174.55801327925337,-55.5,165.5,2027.5,2094.0,1972.0,2259.5,aligned_known
IMG_7352.HEIC,0,0.971038818359375,1442,3809,1627,3887,regular,False,image_single_palette,single_image_palette_no_reliable_contrast,,,yellow,0.76,image_single_palette,white,0.0,0.9923076923076923,39.0,105.0,0.42162162162162165,14430,0.7032163742690059,0.9866666666666667,7,"9,49",9.49,0.9931342601776123,,,,,,,1,"9,49",9.49,price_tag_crops\tag_0000_price_9_49.jpg,,9.49,9,__Unknown__,0.6311308940251669,True,True,322.8641355121377,10,Mabel__Mabel Rosquinha Mabel Sabor Coco,909.4789717195225,9,0.3241279069767442,0.3463687150837989,0.3587647784851241,True,0,9,__Unknown__,0.6311308940251669,True,True,False,,,,,,,322.8641355121377,111.5,303.0,1423.0,3545.0,1534.5,3848.0,aligned_unknown
IMG_7352.HEIC,1,0.9708721041679382,1691,3293,1892,3380,regular,False,image_single_palette,single_image_palette_no_reliable_contrast,,,yellow,0.76,image_single_palette,yellow,0.0,0.9759615384615384,53.0,124.0,0.43283582089552236,17487,0.8521929824561404,1.003558106169297,5,"4,99",4.99,0.9581034779548645,,,,,,,1,"4,99",4.99,price_tag_crops\tag_0001_price_4_99.jpg,,"ENLITECIS | 4,99 | RS | 狂时R | SN",68,__Unknown__,0.565811550617218,True,True,89.51256894984078,68,__Unknown__,89.51256894984078,7,0.003205128205128205,1.0982142857142858,0.11302655677655679,False,0,68,__Unknown__,0.565811550617218,True,True,False,,,,,,,89.51256894984078,1.5,89.5,1790.0,3247.0,1791.5,3336.5,aligned_unknown
IMG_7352.HEIC,2,0.970176100730896,1970,3434,2163,3525,regular,False,image_single_palette,single_image_palette_no_reliable_contrast,,,yellow,0.76,image_single_palette,yellow,0.0,0.9839324618736384,54.0,123.0,0.47150259067357514,17563,0.855896686159844,1.0,6,"6,99",6.99,0.9830703735351562,,,,,,,1,"6,99",6.99,price_tag_crops\tag_0002_price_6_99.jpg,, | 6.99 | D,79,__Unknown__,0.6204402565956115,True,True,137.71437833429013,79,__Unknown__,137.71437833429013,8,0.29880478087649404,0.4625,0.34505478087649405,False,0,79,__Unknown__,0.6204402565956115,True,True,False,,,,,,,137.71437833429013,-75.0,115.5,2141.5,3364.0,2066.5,3479.5,aligned_unknown
IMG_7352.HEIC,3,0.9684759974479675,823,3813,1013,3891,regular,False,image_single_palette,single_image_palette_no_reliable_contrast,,,yellow,0.76,image_single_palette,white,0.0,0.9945608702607582,39.0,99.0,0.4105263157894737,14820,0.7222222222222222,1.0133333333333334,7,"9,49",9.49,0.9164019227027893,,,,,,,1,"9,49",9.49,price_tag_crops\tag_0003_price_9_49.jpg,,CNA | 9.49 | hr | 404102,2,__Unknown__,0.7114433348178864,True,True,306.9609095634166,10,Mabel__Mabel Rosquinha Mabel Sabor Coco,379.73708009621606,9,0.6932773109243697,0.20243902439024392,-0.036478786636605864,False,0,10,Mabel__Mabel Rosquinha Mabel Sabor Coco,0.8558217525482178,False,False,True,neighbor_consensus,Mabel__Mabel Rosquinha Mabel Sabor Coco,2,3,0.6666666666666666,10 / 16,379.73708009621606,247.5,288.0,670.5,3564.0,918.0,3852.0,corrected_neighbor_consensus
IMG_7352.HEIC,4,0.9684395790100098,1607,1872,1864,1977,regular,False,image_single_palette,single_image_palette_no_reliable_contrast,,,yellow,0.76,image_single_palette,yellow,0.0,0.9656084656084656,57.0,128.0,0.4085603112840467,26985,1.3150584795321638,0.9780540403399721,2,"2,99",2.99,0.999972939491272,,,,,,,1,"2,99",2.99,price_tag_crops\tag_0004_price_2_99.jpg,,"BISC CORY SAG PALTO IO LETE | 2,99 | RS",4,__Unknown__,0.4772329429785411,True,True,296.7444186501239,4,__Unknown__,296.7444186501239,4,0.377431906614786,0.13982102908277405,0.3914140095230634,True,0,1,__Unknown__,0.4953249394893646,True,True,False,,,,,,,302.00165562460086,97.0,286.0,1638.5,1638.5,1735.5,1924.5,aligned_unknown
IMG_7352.HEIC,5,0.967210054397583,1096,3288,1301,3373,regular,False,image_single_palette,single_image_palette_no_reliable_contrast,,,yellow,0.76,image_single_palette,yellow,0.0,0.9722222222222222,51.0,119.0,0.4146341463414634,17425,0.8491715399610137,1.0,5,"4,49",4.49,0.9999626874923706,,,,,,,1,"4,49",4.49,price_tag_crops\tag_0005_price_4_49.jpg,,"欢 | 4,49 | AS | ",37,__Unknown__,0.6698948542277018,True,True,136.5329630528833,37,__Unknown__,136.5329630528833,7,0.23870967741935484,0.9196428571428571,0.33067396313364056,False,0,37,__Unknown__,0.6698948542277018,True,True,False,,,,,,,136.5329630528833,-111.0,79.5,1309.5,3251.0,1198.5,3330.5,aligned_unknown
IMG_7352.HEIC,6,0.9666255116462708,750,2455,996,2555,regular,False,image_single_palette,single_image_palette_no_reliable_contrast,,,yellow,0.76,image_single_palette,yellow,0.0,0.9542389210019268,65.0,144.0,0.4065040650406504,24600,1.1988304093567252,1.0746112178927136,3,"3,99",3.99,0.9999804496765137,,,,,,,1,"3,99",3.99,price_tag_crops\tag_0006_price_3_99.jpg,,"阳长阳 | 3,99 | RS",8,__Unknown__,0.4477502107620239,True,True,311.08841187032345,8,__Unknown__,311.08841187032345,5,0.09848484848484848,0.10077519379844961,0.10856236786469345,False,0,8,__Unknown__,0.4477502107620239,True,True,False,,,,,,,311.08841187032345,-26.0,310.0,899.0,2195.0,873.0,2505.0,aligned_unknown
IMG_7352.HEIC,7,0.9663922190666199,1286,2897,1505,2985,regular,False,image_single_palette,single_image_palette_no_reliable_contrast,,,yellow,0.76,image_single_palette,yellow,0.0,0.9554030874785592,59.0,134.0,0.4018264840182648,19272,0.9391812865497076,0.9686369119420989,4,"9,59",9.59,0.9999173879623413,,,,,,,1,"9,59",9.59,price_tag_crops\tag_0007_price_9_59.jpg,,"KE | 9,59 | RS | ",67,__Unknown__,0.7381069302558899,True,True,63.94137940332536,38,Mabel__Mabel Laminado Doce Mabel Sabor Chocolate,573.2514718690219,6,0.034722222222222224,0.8085106382978723,0.11557328605200946,True,0,67,__Unknown__,0.7381069302558899,True,True,False,,,,,,,63.94137940332536,17.5,61.5,1378.0,2879.5,1395.5,2941.0,aligned_unknown
IMG_7352.HEIC,8,0.9659550786018372,1960,657,2258,779,regular,False,image_single_palette,single_image_palette_no_reliable_contrast,,,yellow,0.76,image_single_palette,white,0.0,0.9492691879137445,42.0,90.0,0.40939597315436244,36356,1.7717348927875243,0.932970642578526,0,"13,99",13.99,0.9999868273735046,,,,,,,1,"13,99",13.99,price_tag_crops\tag_0008_price_13_99.jpg,,"ROSCON CHAMPLRNE BADICO IN | 13,99 | AS | ",31,__Unknown__,0.5062925517559052,True,True,353.05027970531336,,,,1,,,,,,,,,,,,,,,,,,,,,,,2109.0,718.0,no_product_in_shelf_row
IMG_7352.HEIC,9,0.9659380912780762,1012,1223,1300,1336,regular,False,image_single_palette,single_image_palette_no_reliable_contrast,,,yellow,0.76,image_single_palette,yellow,0.0,0.9533947907521217,55.0,120.0,0.3923611111111111,32544,1.5859649122807018,1.0604796663190823,1,"4,99",4.99,0.9999840259552002,"4,39",4.39,0.7217820882797241,,,,2,"4,99 / 4,39",4.99 / 4.39,price_tag_crops\tag_0009_price_4_99__4_39.jpg,,"BISCONTO MARIA LIANE 270g | 4,99 | RS | 67096000661224 | 片4.39",12,__Unknown__,0.6557205796241761,True,True,316.0146357370177,6,RANCHEIRO__RANCHEIRO BISCOITO MARIA RANCHEIRO,709.8200476177043,2,0.37822878228782286,0.08946078431372549,0.38717486071919543,True,0,12,__Unknown__,0.6557205796241761,True,True,False,,,,,,,316.0146357370177,-205.0,240.5,1361.0,1039.0,1156.0,1279.5,aligned_unknown
IMG_7352.HEIC,10,0.9656875133514404,726,2888,954,2978,regular,False,image_single_palette,single_image_palette_no_reliable_contrast,,,yellow,0.76,image_single_palette,yellow,0.0,0.9597018402049848,63.0,140.0,0.39473684210526316,20520,1.0,1.031363088057901,4,"9,59",9.59,0.9999752044677734,,,,,,,1,"9,59",9.59,price_tag_crops\tag_0010_price_9_59.jpg,," | 9,59 | RS",38,Mabel__Mabel Laminado Doce Mabel Sabor Chocolate,0.9423958778381347,False,False,73.97972695272672,38,Mabel__Mabel Laminado Doce Mabel Sabor Chocolate,73.97972695272672,6,0.023346303501945526,0.640625,0.08740880350194553,False,0,38,Mabel__Mabel Laminado Doce Mabel Sabor Chocolate,0.9423958778381347,False,False,False,,,,,,,73.97972695272672,12.0,73.0,828.0,2860.0,840.0,2933.0,aligned_known
IMG_7352.HEIC,11,0.9654665589332581,1230,1857,1488,1960,regular,False,image_single_palette,single_image_palette_no_reliable_contrast,,,yellow,0.76,image_single_palette,yellow,0.0,0.9472464801283194,49.0,108.0,0.3992248062015504,26574,1.2950292397660819,0.963157608597162,2,"2,99",2.99,0.9999838471412659,,,,,,,1,"2,99",2.99,price_tag_crops\tag_0011_price_2_99.jpg,,"BISC COR 68G BRIGADEIRO | 2,99 | RS",7,__Unknown__,0.5822384357452393,True,True,293.6090087173757,7,__Unknown__,293.6090087173757,4,0.28875968992248063,0.12693156732891833,0.3014528466553725,False,0,7,__Unknown__,0.5822384357452393,True,True,False,,,,,,,293.6090087173757,-74.5,284.0,1433.5,1624.5,1359.0,1908.5,aligned_unknown
IMG_7352.HEIC,12,0.9654325842857361,1325,3289,1528,3374,regular,False,image_single_palette,single_image_palette_no_reliable_contrast,,,yellow,0.76,image_single_palette,yellow,0.0,0.972245236122618,54.0,127.0,0.4187192118226601,17255,0.8408869395711501,0.9902439024390244,5,"4,49",4.49,0.9966701865196228,,,,,,,1,"4,49",4.49,price_tag_crops\tag_0012_price_4_49.jpg,,"欧国国 | 4,49 | AS | 10F0",37,__Unknown__,0.6698948542277018,True,True,142.0184847123782,37,__Unknown__,142.0184847123782,7,0.25054466230936817,2.3444444444444446,0.4849891067538126,True,1,51,__Unknown__,0.6065955758094788,True,True,False,,,,,,,172.07265907168403,115.0,128.0,1311.5,3203.5,1426.5,3331.5,aligned_unknown
IMG_7352.HEIC,13,0.9653803706169128,116,1800,393,1907,regular,False,image_single_palette,single_image_palette_no_reliable_contrast,,,yellow,0.76,image_single_palette,yellow,0.0,0.9584407216494846,48.0,103.0,0.3862815884476534,29639,1.4443957115009747,1.074246570377485,2,"10,99",10.99,0.9999755024909973,,,,,,,1,"10,99",10.99,price_tag_crops\tag_0013_price_10_99.jpg,,"BOLA ASSAS ESTE AA A | 10,99 | RS | annnn",13,__Unknown__,0.5331705659627914,True,True,334.15752273441336,13,__Unknown__,334.15752273441336,4,0.3209677419354839,0.10994263862332695,0.3319620057978166,False,0,13,__Unknown__,0.5331705659627914,True,True,False,,,,,,,334.15752273441336,99.5,319.0,155.0,1534.5,254.5,1853.5,aligned_unknown
IMG_7352.HEIC,14,0.9646012187004089,1364,2470,1600,2567,regular,False,image_single_palette,single_image_palette_no_reliable_contrast,,,yellow,0.76,image_single_palette,yellow,0.0,0.9620689655172414,64.0,143.0,0.4110169491525424,22892,1.1155945419103315,1.0,3,"3,99",3.99,0.9999576807022095,,,,,,,1,"3,99",3.99,price_tag_crops\tag_0014_price_3_99.jpg,,"相创 | 3,99 | RS",23,__Unknown__,0.5440940856933594,True,True,328.2628519951656,23,__Unknown__,328.2628519951656,5,0.4240506329113924,0.12250996015936255,0.43630162892732866,False,0,23,__Unknown__,0.5440940856933594,True,True,False,,,,,,,328.2628519951656,100.5,312.5,1381.5,2206.0,1482.0,2518.5,aligned_unknown
IMG_7352.HEIC,15,0.9644237756729126,780,1834,1046,1940,regular,False,image_single_palette,single_image_palette_no_reliable_contrast,,,yellow,0.76,image_single_palette,yellow,0.0,0.955776249893897,56.0,124.0,0.39849624060150374,28196,1.374074074074074,1.021945959660028,2,"2,99",2.99,0.9999695420265198,,,,,,,1,"2,99",2.99,price_tag_crops\tag_0015_price_2_99.jpg,,"      | 2,99 | RS",24,__Unknown__,0.5139618396759034,True,True,306.8391272311926,24,__Unknown__,306.8391272311926,4,0.4417293233082707,0.11016949152542373,0.45274627246081306,True,0,5,__Unknown__,0.48684483766555786,True,True,False,,,,,,,311.0470221686747,-117.5,288.0,1030.5,1599.0,913.0,1887.0,aligned_unknown
IMG_7352.HEIC,16,0.9630687236785889,1965,1285,2237,1391,regular,False,image_single_palette,single_image_palette_no_reliable_contrast,,,yellow,0.76,image_single_palette,yellow,0.0,0.9621042134131139,49.0,110.0,0.3897058823529412,28832,1.4050682261208578,0.9395203336809176,1,"5,99",5.99,0.9999637603759766,,,,,,,1,"5,99",5.99,price_tag_crops\tag_0016_price_5_99.jpg,,"RISCONTO BOCE ARA | 5,99 | RS | 内",22,RANCHEIRO__RANCHEIRO BISCOITO MARIA RANCHEIRO,0.7828104019165039,False,False,235.27908959361434,,,,3,,,,,,,,,,,,,,,,,,,,,,,2101.0,1338.0,no_product_in_shelf_row
IMG_7352.HEIC,17,0.9592339396476746,0,477,125,595,regular,False,image_single_palette,single_image_palette_no_reliable_contrast,,,yellow,0.76,image_single_palette,white,0.0,0.5224071702944942,17.0,38.0,0.944,14750,0.7188109161793372,0.37851570519400535,0,"9,59",9.59,0.9999286532402039,,,,,,,1,"9,59",9.59,price_tag_crops\tag_0017_price_9_59.jpg,,"9,59",26,__Unknown__,0.5157564043998718,True,True,289.1236759589225,26,__Unknown__,289.1236759589225,0,0.22587719298245615,0.1040339702760085,0.236280590010057,False,0,26,__Unknown__,0.5157564043998718,True,True,False,,,,,,,289.1236759589225,-51.5,284.5,114.0,251.5,62.5,536.0,aligned_unknown
IMG_7352.HEIC,18,0.9582249522209167,218,3275,428,3362,regular,False,image_single_palette,single_image_palette_no_reliable_contrast,,,yellow,0.76,image_single_palette,yellow,0.0,0.9797226582940869,46.0,107.0,0.4142857142857143,18270,0.8903508771929824,1.048493543758967,5,"6,59",6.59,0.9999773502349854,,,,,,,1,"6,59",6.59,price_tag_crops\tag_0018_price_6_59.jpg,,"欢 | 6,59 | HS | 请10 | nn",63,Mabel__Mabel Laminado Doce Mabel Sabor Leite,0.8872469663619995,False,False,98.5723084846855,63,Mabel__Mabel Laminado Doce Mabel Sabor Leite,98.5723084846855,7,0.021920668058455117,2.481132075471698,0.2700338756056249,True,1,57,Mabel__Mabel Laminado Doce Mabel Sabor Leite,0.881371021270752,False,False,False,,,,,,,158.3485080447555,-10.5,158.0,333.5,3160.5,323.0,3318.5,aligned_known
IMG_7352.HEIC,19,0.9581994414329529,823,3285,1030,3370,regular,False,image_single_palette,single_image_palette_no_reliable_contrast,,,yellow,0.76,image_single_palette,yellow,0.0,0.9680010893246187,48.0,109.0,0.4106280193236715,17595,0.8574561403508771,1.0097560975609756,5,"0,10",0.1,0.599058210849762,"7,89",7.89,0.9996044635772705,,,,2,"0,10 / 7,89",0.10 / 7.89,price_tag_crops\tag_0019_price_0_10__7_89.jpg,," | 7,89 | AS | 010",70,__Unknown__,0.5783915221691132,True,True,133.76284985002374,70,__Unknown__,133.76284985002374,7,0.22046413502109705,2.5833333333333335,0.4787974683544304,True,1,71,__Unknown__,0.5222014486789703,True,True,False,,,,,,,166.4046273395064,104.5,129.5,822.0,3198.0,926.5,3327.5,aligned_unknown
IMG_7352.HEIC,20,0.9519914388656616,616,3285,828,3367,regular,False,image_single_palette,single_image_palette_no_reliable_contrast,,,yellow,0.76,image_single_palette,yellow,0.0,0.9724695247226407,47.0,107.0,0.3867924528301887,17384,0.8471734892787525,0.9976470588235294,5,"7,89",7.89,0.9999620914459229,,,,,,,1,"7,89",7.89,price_tag_crops\tag_0020_price_7_89.jpg,,"BE  3 | 7,89 | AS | 银 ",70,__Unknown__,0.5783915221691132,True,True,129.3213052826177,70,__Unknown__,129.3213052826177,7,0.2074688796680498,0.9642857142857143,0.30389745109662125,False,0,70,__Unknown__,0.5783915221691132,True,True,False,,,,,,,129.3213052826177,-100.0,82.0,822.0,3244.0,722.0,3326.0,aligned_unknown
IMG_7352.HEIC,21,0.9514961838722229,0,2434,222,2535,regular,False,image_single_palette,single_image_palette_no_reliable_contrast,,,yellow,0.76,image_single_palette,yellow,0.0,0.9668817204301076,57.0,126.0,0.45495495495495497,22422,1.0926900584795323,0.9794688100646514,3,"4,49",4.49,0.9999931454658508,,,,,,,1,"4,49",4.49,price_tag_crops\tag_0021_price_4_49.jpg,,"发品 | 4,49 | RS | ANOUURI | 0",42,__Unknown__,0.5202093482017517,True,True,328.1044041155193,42,__Unknown__,328.1044041155193,5,0.20292887029288703,0.11226415094339623,0.21415528538722667,False,0,42,__Unknown__,0.5202093482017517,True,True,False,,,,,,,328.1044041155193,-48.5,324.5,159.5,2160.0,111.0,2484.5,aligned_unknown
IMG_7352.HEIC,22,0.9468124508857727,425,3282,618,3363,regular,False,image_single_palette,single_image_palette_no_reliable_contrast,,,yellow,0.76,image_single_palette,yellow,0.0,0.9761029411764706,48.0,108.0,0.41968911917098445,15633,0.7618421052631579,0.8971592539454807,5,"7,89",7.89,0.9996342658996582,,,,,,,1,"7,89",7.89,price_tag_crops\tag_0022_price_7_89.jpg,,"2 | 7,89 | AS | ",63,Mabel__Mabel Laminado Doce Mabel Sabor Leite,0.8872469663619995,False,False,210.138644708678,63,Mabel__Mabel Laminado Doce Mabel Sabor Leite,210.138644708678,7,0.38413361169102295,1.0859375,0.49272736169102294,False,0,63,Mabel__Mabel Laminado Doce Mabel Sabor Leite,0.8872469663619995,False,False,False,,,,,,,210.138644708678,184.0,101.5,337.5,3221.0,521.5,3322.5,aligned_known
IMG_7352.HEIC,23,0.641298770904541,371,525,700,653,regular,False,image_single_palette,single_image_palette_no_reliable_contrast,,,yellow,0.76,image_single_palette,white,0.0,0.7583850931677019,38.0,84.0,0.3890577507598784,42112,2.05224171539961,1.0806815848901663,0,"2,35",2.35,0.5771427154541016,"9,79",9.79,0.9999731779098511,,,,2,"2,35 / 9,79",2.35 / 9.79,price_tag_crops\tag_0023_price_2_35__9_79.jpg,,"2 35 | 9,79 | RS | 加财片",14,__Unknown__,0.588720053434372,True,True,282.81619472724685,14,__Unknown__,282.81619472724685,0,0.05807622504537205,0.13863636363636364,0.07193986140900842,False,0,14,__Unknown__,0.588720053434372,True,True,False,,,,,,,282.81619472724685,32.0,281.0,503.5,308.0,535.5,589.0,aligned_unknown
IMG_7352.HEIC,24,0.4162677526473999,372,525,702,651,regular,False,image_single_palette,single_image_palette_no_reliable_contrast,,,yellow,0.76,image_single_palette,white,0.0,0.7628282828282829,38.0,84.0,0.38181818181818183,41580,2.026315789473684,1.067029357421474,0,"9,79",9.79,0.9999628663063049,,,,,,,1,"9,79",9.79,price_tag_crops\tag_0024_price_9_79.jpg,," 3 | 9,79 | RS | 五财片",14,__Unknown__,0.588720053434372,True,True,281.9968971460502,14,__Unknown__,281.9968971460502,0,,,,True,1,,,,,,,,,,,,,,,,,,537.0,588.0,no_available_product_for_one_to_one
IMG_7354.HEIC,0,0.9705961346626282,673,2069,923,2172,regular,False,image_single_palette,single_image_palette_no_reliable_contrast,,,yellow,0.5652173913043478,image_single_palette,yellow,0.0,0.9425806451612904,55.0,123.0,0.412,25750,1.193123899545918,0.9784735812133072,2,"2,99",2.99,0.9999679327011108,,,,,,,1,"2,99",2.99,price_tag_crops\tag_0000_price_2_99.jpg,,"PiT STOP SNACY CEBLA E SALSK | 2,99 | RS | 月810",11,__Unknown__,0.4178902208805084,True,True,285.0828826850185,11,__Unknown__,285.0828826850185,2,0.31443298969072164,0.15375302663438256,0.32980829235415987,False,0,11,__Unknown__,0.4178902208805084,True,True,False,,,,,,,285.0828826850185,-91.5,270.0,889.5,1850.5,798.0,2120.5,aligned_unknown
IMG_7354.HEIC,1,0.9697310328483582,1251,2645,1486,2740,regular,False,image_single_palette,single_image_palette_no_reliable_contrast,,,yellow,0.5652173913043478,image_single_palette,yellow,0.0,0.9590286692340607,57.0,128.0,0.40425531914893614,22325,1.0344268371791308,1.0169221308675154,3,"2,59",2.59,0.9999841451644897,,,,,,,1,"2,59",2.59,price_tag_crops\tag_0001_price_2_59.jpg,," | 2,59 | RS | 对aL",42,__Unknown__,0.5028515656789144,True,True,245.93495074917675,42,__Unknown__,245.93495074917675,3,0.41420118343195267,0.524,0.46660118343195267,False,0,42,__Unknown__,0.5028515656789144,True,True,False,,,,,,,245.93495074917675,-210.0,128.0,1578.5,2564.5,1368.5,2692.5,aligned_unknown
IMG_7354.HEIC,2,0.9697264432907104,963,3184,1172,3274,regular,False,image_single_palette,single_image_palette_no_reliable_contrast,,,yellow,0.5652173913043478,image_single_palette,yellow,0.0,0.9516742770167428,51.0,115.0,0.430622009569378,18810,0.8715596330275229,1.0,4,"10,99",10.99,0.9991667866706848,,,,,,,1,"10,99",10.99,price_tag_crops\tag_0002_price_10_99.jpg,,"N | 10,99 | RS | 0",24,__Unknown__,0.5802741527557373,True,True,236.16572570972275,24,__Unknown__,236.16572570972275,4,0.07547169811320754,0.1320754716981132,0.08867924528301886,False,0,24,__Unknown__,0.5802741527557373,True,True,False,,,,,,,236.16572570972275,-28.0,234.5,1095.5,2994.5,1067.5,3229.0,aligned_unknown
IMG_7354.HEIC,3,0.9694412350654602,996,645,1315,771,regular,False,image_single_palette,single_image_palette_no_reliable_contrast,,,yellow,0.5652173913043478,image_single_palette,white,0.0,0.8848214285714285,39.0,85.0,0.3949843260188088,40194,1.8623853211009174,1.0328399629972247,0,"6,99",6.99,0.9982628226280212,,,,,,,1,"6,99",6.99,price_tag_crops\tag_0003_price_6_99.jpg,,"TORA BAUDUC 142G INTEGRAL | 6,99 | ",15,__Unknown__,0.5226973593235016,True,True,213.05222364481438,15,__Unknown__,213.05222364481438,0,0.0528673835125448,0.20333333333333334,0.07320071684587814,False,0,15,__Unknown__,0.5226973593235016,True,True,False,,,,,,,213.05222364481438,29.5,211.0,1126.0,497.0,1155.5,708.0,aligned_unknown
IMG_7354.HEIC,4,0.9683490991592407,1671,3832,1865,3916,regular,False,image_single_palette,single_image_palette_no_reliable_contrast,,,yellow,0.5652173913043478,image_single_palette,white,0.0,0.9947712418300654,42.0,109.0,0.4329896907216495,16296,0.7550736725048651,1.1266592920353982,5,"5,99",5.99,0.8988276720046997,,,,,,,1,"5,99",5.99,price_tag_crops\tag_0004_price_5_99.jpg,,S   38 | 5.99 | 2 | 电国0,37,__Unknown__,0.681754755973816,True,True,86.53611962643113,60,Mabel__Mabel Cracker Agua e Sal,161.50696579404865,5,0.0048543689320388345,1.6533333333333333,-0.5798122977346278,False,0,60,Mabel__Mabel Cracker Agua e Sal,0.752531905968984,False,False,True,directly_above_known,,,,,,161.50696579404865,-1.5,161.5,1769.5,3712.5,1768.0,3874.0,corrected_directly_above_known
IMG_7354.HEIC,5,0.9681276082992554,1701,2061,1962,2164,regular,False,image_single_palette,single_image_palette_no_reliable_contrast,,,yellow,0.5652173913043478,image_single_palette,yellow,0.0,0.9610953562566465,56.0,121.0,0.3946360153256705,26883,1.2456213511259382,1.0215264187866928,2,"4,99",4.99,0.99998939037323,,,,,,,1,"4,99",4.99,price_tag_crops\tag_0005_price_4_99.jpg,,"STAT I | 4,99 | R$",2,__Unknown__,0.4866755843162537,True,True,305.0872825930311,2,__Unknown__,305.0872825930311,2,0.2531055900621118,0.13225806451612904,0.2663313965137247,False,0,2,__Unknown__,0.4866755843162537,True,True,False,,,,,,,305.0872825930311,81.5,294.0,1750.0,1818.5,1831.5,2112.5,aligned_unknown
IMG_7354.HEIC,6,0.967783510684967,1638,621,1959,748,regular,False,image_single_palette,single_image_palette_no_reliable_contrast,,,yellow,0.5652173913043478,image_single_palette,white,0.0,0.7513510338345865,30.0,64.0,0.3956386292834891,40767,1.8889352237976091,1.047563983965464,0,"6,99",6.99,0.9448575973510742,,,,,,,1,"6,99",6.99,price_tag_crops\tag_0006_price_6_99.jpg,,TOEPADAI BUDUCCO 4 TADCONAL | 6.99 | ns,16,__Unknown__,0.49833016594250995,True,True,226.64123631854818,16,__Unknown__,226.64123631854818,0,0.2088495575221239,0.18617021276595744,0.22746657879871962,False,0,16,__Unknown__,0.49833016594250995,True,True,False,,,,,,,226.64123631854818,118.0,193.5,1680.5,491.0,1798.5,684.5,aligned_unknown
IMG_7354.HEIC,7,0.9670408964157104,1423,3826,1611,3902,regular,False,image_single_palette,single_image_palette_no_reliable_contrast,,,yellow,0.5652173913043478,image_single_palette,white,0.0,0.9905004240882104,42.0,110.0,0.40425531914893614,14288,0.6620331757946437,0.9878318584070797,5,"5,99",5.99,0.9974817037582397,,,,,,,1,"5,99",5.99,price_tag_crops\tag_0007_price_5_99.jpg,," | 5,99 | A3 | 美现津颗",43,Mabel__Mabel Cracker Agua e Sal,0.8761395692825318,False,False,106.68879978704419,43,Mabel__Mabel Cracker Agua e Sal,106.68879978704419,5,0.18561872909698995,0.6564625850340136,0.2512649876003913,True,0,63,Mabel__Mabel Cracker Agua e Sal,0.8654554963111878,False,False,False,,,,,,,344.5,55.5,340.0,1461.5,3524.0,1517.0,3864.0,aligned_known
IMG_7354.HEIC,8,0.9664835929870605,331,3179,536,3261,regular,False,image_single_palette,single_image_palette_no_reliable_contrast,,,yellow,0.5652173913043478,image_single_palette,yellow,0.0,0.9740646258503401,58.0,139.0,0.4,16810,0.7788898155870633,0.8936735778841042,4,"7,99",7.99,0.99983811378479,,,,,,,1,"7,99",7.99,price_tag_crops\tag_0008_price_7_99.jpg,," | 7,99 | RS | 00 | l4",32,__Unknown__,0.4373564124107361,True,True,209.2868844433401,32,__Unknown__,209.2868844433401,4,0.4482758620689655,0.45,0.4932758620689655,False,0,32,__Unknown__,0.4373564124107361,True,True,False,,,,,,,209.2868844433401,195.0,76.0,238.5,3144.0,433.5,3220.0,aligned_unknown
IMG_7354.HEIC,9,0.9659010171890259,330,1507,600,1613,regular,False,image_single_palette,single_image_palette_no_reliable_contrast,,,yellow,0.5652173913043478,image_single_palette,yellow,0.0,0.974132863021752,49.0,107.0,0.3925925925925926,28620,1.3261050875729774,0.9660922547215987,1,"7,69",7.69,0.9999517202377319,,,,,,,1,"7,69",7.69,price_tag_crops\tag_0009_price_7_69.jpg,,"TOAA LEY AIC TOASA | 7,69 | RS",18,__Unknown__,0.4044792155424754,True,True,342.94970476733175,18,__Unknown__,342.94970476733175,1,0.08873239436619719,0.09391304347826086,0.09812369871402328,False,0,18,__Unknown__,0.4044792155424754,True,True,False,,,,,,,342.94970476733175,-31.5,341.5,496.5,1218.5,465.0,1560.0,aligned_unknown
IMG_7354.HEIC,10,0.9654455780982971,1999,606,2268,732,regular,False,image_single_palette,single_image_palette_no_reliable_contrast,,,yellow,0.5652173913043478,image_single_palette,white,0.0,0.5397872340425532,20.0,44.0,0.4684014869888476,33894,1.5704753961634697,0.8709528214616096,0,"5,99",5.99,0.9995462894439697,,,,,,,1,"5,99",5.99,price_tag_crops\tag_0010_price_5_99.jpg,," | 5,99 | AS | TUrwan!",20,__Unknown__,0.4774927794933319,True,True,195.47889911701466,20,__Unknown__,195.47889911701466,0,0.07570977917981073,0.2028985507246377,0.0959996342522745,False,0,20,__Unknown__,0.4774927794933319,True,True,False,,,,,,,195.47889911701466,24.0,194.0,2109.5,475.0,2133.5,669.0,aligned_unknown
IMG_7354.HEIC,11,0.9652064442634583,1053,3813,1262,3887,regular,False,image_single_palette,single_image_palette_no_reliable_contrast,,,yellow,0.5652173913043478,image_single_palette,white,0.0,0.9972602739726028,40.0,102.0,0.35406698564593303,15466,0.7166156982670744,1.069275442477876,5,"7,59",7.59,0.9569921493530273,,,,,,,1,"7,59",7.59,price_tag_crops\tag_0011_price_7_59.jpg,,"7,59 | 外 | 建期场",65,__Unknown__,0.5184891819953918,True,True,68.8839603971781,65,__Unknown__,68.8839603971781,5,0.034055727554179564,0.5,0.08405572755417956,False,0,65,__Unknown__,0.5184891819953918,True,True,False,,,,,,,68.8839603971781,11.0,68.0,1146.5,3782.0,1157.5,3850.0,aligned_unknown
IMG_7354.HEIC,12,0.9650949239730835,192,2071,484,2173,regular,False,image_single_palette,single_image_palette_no_reliable_contrast,,,yellow,0.5652173913043478,image_single_palette,yellow,0.0,0.9563374650139944,56.0,126.0,0.3493150684931507,29784,1.380038921323325,1.131761442441054,2,"5,49",5.49,0.9999943971633911,,,,,,,1,"5,49",5.49,price_tag_crops\tag_0012_price_5_49.jpg,,"BS FRADTE IG SOACT DTELO | 5,49 | 9 | RS",22,__Unknown__,0.4831922650337219,True,True,270.84912774458036,22,__Unknown__,270.84912774458036,2,0.09246575342465753,0.17543859649122806,0.11000961307378034,False,0,22,__Unknown__,0.4831922650337219,True,True,False,,,,,,,270.84912774458036,-27.0,269.5,365.0,1852.5,338.0,2122.0,aligned_unknown
IMG_7354.HEIC,13,0.9650300741195679,1569,1481,1853,1589,regular,False,image_single_palette,single_image_palette_no_reliable_contrast,,,yellow,0.5652173913043478,image_single_palette,white,0.0,0.9875531503672207,40.0,85.0,0.38028169014084506,30672,1.421184320266889,1.0353592465695625,1,"6,49",6.49,0.9999703168869019,,,,,,,1,"6,49",6.49,price_tag_crops\tag_0013_price_6_49.jpg,,"BSCOTALLUB SCA | 6,49 | RS | ",12,__Unknown__,0.4850370526313782,True,True,318.54983911469805,12,__Unknown__,318.54983911469805,1,0.2724358974358974,0.1290983606557377,0.2853457335014712,False,0,12,__Unknown__,0.4850370526313782,True,True,False,,,,,,,318.54983911469805,-85.0,307.0,1796.0,1228.0,1711.0,1535.0,aligned_unknown
IMG_7354.HEIC,14,0.9645375609397888,739,3794,922,3874,regular,False,image_single_palette,single_image_palette_no_reliable_contrast,,,yellow,0.5652173913043478,image_single_palette,yellow,0.0,0.9967447916666666,45.0,111.0,0.4371584699453552,14640,0.6783430636641646,1.0121681415929205,5,"0,43",0.43,0.5657979249954224,"7,59",7.59,0.9985582828521729,,,,2,"0,43 / 7,59",0.43 / 7.59,price_tag_crops\tag_0014_price_0_43__7_59.jpg,,"7,59 | 043",48,__Unknown__,0.510491669178009,True,True,71.00704190430693,48,__Unknown__,71.00704190430693,5,0.0034602076124567475,0.5142857142857142,0.05488877904102817,False,0,48,__Unknown__,0.510491669178009,True,True,False,,,,,,,71.00704190430693,1.0,71.0,829.5,3763.0,830.5,3834.0,aligned_unknown
IMG_7354.HEIC,15,0.9644652009010315,1422,3192,1637,3282,regular,False,image_single_palette,single_image_palette_no_reliable_contrast,,,yellow,0.5652173913043478,image_single_palette,yellow,0.0,0.9690123456790124,60.0,139.0,0.4186046511627907,19350,0.896580483736447,1.0287081339712918,4,"10,99",10.99,0.9999021291732788,,,,,,,1,"10,99",10.99,price_tag_crops\tag_0015_price_10_99.jpg,," | 10,99 | AS | 0ion",4,__Unknown__,0.5491779088973999,True,True,305.3604427557702,4,__Unknown__,305.3604427557702,4,0.3481781376518219,0.20095693779904306,0.3682738314317262,False,0,4,__Unknown__,0.5491779088973999,True,True,False,,,,,,,305.3604427557702,-86.0,293.0,1615.5,2944.0,1529.5,3237.0,aligned_unknown
IMG_7354.HEIC,16,0.9639760255813599,1266,1488,1547,1597,regular,False,image_single_palette,single_image_palette_no_reliable_contrast,,,yellow,0.5652173913043478,image_single_palette,yellow,0.0,0.9897959183673469,45.0,97.0,0.3879003558718861,30629,1.4191919191919191,1.0339077452784013,1,"6,49",6.49,0.9995138645172119,,,,,,,1,"6,49",6.49,price_tag_crops\tag_0016_price_6_49.jpg,," | 6,49 | RS",3,__Unknown__,0.40008096893628436,True,True,318.17055174858655,3,__Unknown__,318.17055174858655,1,0.3293103448275862,0.12192622950819672,0.3415029677784059,False,0,3,__Unknown__,0.40008096893628436,True,True,False,,,,,,,318.17055174858655,-95.5,303.5,1502.0,1239.0,1406.5,1542.5,aligned_unknown
IMG_7354.HEIC,17,0.9616904854774475,0,2637,218,2736,regular,False,image_single_palette,single_image_palette_no_reliable_contrast,,,yellow,0.5652173913043478,image_single_palette,yellow,0.0,0.9669934640522876,56.0,130.0,0.4541284403669725,21582,1.0,0.9830778691324845,3,"4,59",4.59,0.9999805688858032,,,,,,,1,"4,59",4.59,price_tag_crops\tag_0017_price_4_59.jpg,,"BSCNTY C3CE CCL 1808 | 4,59 | R$ |  | can | C0",50,__Unknown__,0.5024027466773987,True,True,138.59473294465414,50,__Unknown__,138.59473294465414,3,0.20473537604456823,0.5879629629629629,0.2635316723408645,False,0,50,__Unknown__,0.5024027466773987,True,True,False,,,,,,,138.59473294465414,-73.5,117.5,182.5,2569.0,109.0,2686.5,aligned_unknown
IMG_7354.HEIC,18,0.9614337086677551,0,1513,145,1617,regular,False,image_single_palette,single_image_palette_no_reliable_contrast,,,yellow,0.5652173913043478,image_single_palette,yellow,0.0,0.9489573607220666,49.0,106.0,0.7172413793103448,15080,0.6987304235010657,0.509038127225776,1,"7,69",7.69,0.9998860359191895,,,,,,,1,"7,69",7.69,price_tag_crops\tag_0018_price_7_69.jpg,,"ER ACUCAR | 7,69 | RS",21,__Unknown__,0.37156590819358826,True,True,371.56156959513453,21,__Unknown__,371.56156959513453,1,0.30930930930930933,0.0891089108910891,0.31822020039841825,False,0,21,__Unknown__,0.37156590819358826,True,True,False,,,,,,,371.56156959513453,-103.0,357.0,175.5,1208.0,72.5,1565.0,aligned_unknown
IMG_7354.HEIC,19,0.9613007307052612,546,658,852,781,regular,False,image_single_palette,single_image_palette_no_reliable_contrast,,,yellow,0.5652173913043478,image_single_palette,white,0.0,0.8271527341294783,34.0,75.0,0.4019607843137255,37638,1.74395329441201,0.9671600370027752,0,"9,00",9.0,0.8304643034934998,,,,,,,1,"9,00",9.00,price_tag_crops\tag_0019_price_9_00.jpg,,"CTEAA | 9,00 | ns",19,__Unknown__,0.6054350733757019,True,True,331.9796680521263,19,__Unknown__,331.9796680521263,0,0.10305343511450382,0.1193609022556391,0.11498952534006773,False,0,19,__Unknown__,0.6054350733757019,True,True,False,,,,,,,331.9796680521263,40.5,329.5,658.5,390.0,699.0,719.5,aligned_unknown
IMG_7354.HEIC,20,0.9609660506248474,0,2070,115,2171,regular,False,image_single_palette,single_image_palette_no_reliable_contrast,,,yellow,0.5652173913043478,image_single_palette,yellow,0.0,0.9208333333333333,54.0,121.0,0.8782608695652174,11615,0.5381799647854694,0.44135808333175003,2,"6,99",6.99,0.999927282333374,,,,,,,1,"6,99",6.99,price_tag_crops\tag_0020_price_6_99.jpg,,"6,99 | 4 | 1.9",76,__Unknown__,0.5111230611801147,True,True,284.7823730500187,76,__Unknown__,284.7823730500187,2,0.2813688212927757,0.16909975669099755,0.2982787969618754,False,0,76,__Unknown__,0.5111230611801147,True,True,False,,,,,,,284.7823730500187,-74.0,275.0,131.5,1845.5,57.5,2120.5,aligned_unknown
IMG_7354.HEIC,21,0.9579889178276062,407,3789,588,3857,regular,False,image_single_palette,single_image_palette_no_reliable_contrast,,,yellow,0.5652173913043478,image_single_palette,white,0.0,0.9897406116918313,40.0,103.0,0.3756906077348066,12308,0.5702900565285887,0.8509402654867256,5,"6,99",6.99,0.9686393141746521,,,,,,,1,"6,99",6.99,price_tag_crops\tag_0021_price_6_99.jpg,,"6,99",45,__Unknown__,0.5652179419994354,True,True,74.20411039827916,45,__Unknown__,74.20411039827916,5,0.08637873754152824,0.2988505747126437,0.1162637950127926,False,0,45,__Unknown__,0.5652179419994354,True,True,False,,,,,,,74.20411039827916,-26.0,69.5,523.5,3753.5,497.5,3823.0,aligned_unknown
IMG_7354.HEIC,22,0.9420098662376404,192,3775,375,3847,regular,False,image_single_palette,single_image_palette_no_reliable_contrast,,,yellow,0.5652173913043478,image_single_palette,white,0.02525436046511628,0.965843023255814,40.0,108.0,0.39344262295081966,13176,0.6105087572977481,0.9109513274336283,5,"10,79",10.79,0.9952875971794128,,,,,,,1,"10,79",10.79,price_tag_crops\tag_0022_price_10_79.jpg,,10.79,70,__Unknown__,0.3531053960323334,True,True,63.788713735268246,70,__Unknown__,63.788713735268246,5,0.07462686567164178,0.1326530612244898,0.08789217179409077,False,0,70,__Unknown__,0.3531053960323334,True,True,False,,,,,,,63.788713735268246,15.0,62.0,268.5,3749.0,283.5,3811.0,aligned_unknown
IMG_7358.HEIC,0,0.9718677997589111,1530,2617,1746,2704,regular,False,image_single_palette,single_image_palette_no_reliable_contrast,,,white,1.0,image_single_palette,white,0.0,0.006113092205807438,39.0,100.0,0.4027777777777778,18792,1.0189231686818847,1.0245338567222768,3,"10,99",10.99,0.9612334966659546,,,,,,,1,"10,99",10.99,price_tag_crops\tag_0000_price_10_99.jpg,,"BISC MAIZENA FORT TRAD 35IC | 6 | 10,99",49,__Unknown__,0.6284751892089844,True,True,245.88005205790893,55,RANCHEIRO__RANCHEIRO BISCOITO MAIZENA RANCHEIRO,298.37979154091516,3,0.46070726915520627,2.6810344827586206,-0.02118928256893171,False,0,55,RANCHEIRO__RANCHEIRO BISCOITO MAIZENA RANCHEIRO,0.7609623551368714,False,False,True,directly_above_known,,,,,,298.37979154091516,-234.5,184.5,1872.5,2476.0,1638.0,2660.5,corrected_directly_above_known
IMG_7358.HEIC,1,0.9693542122840881,1043,2614,1285,2705,regular,False,image_single_palette,single_image_palette_no_reliable_contrast,,,white,1.0,image_single_palette,white,0.0,0.03692746000438308,44.0,115.0,0.3760330578512397,22022,1.1940573659382965,1.2006324283066188,3,"8,99",8.99,0.9991968274116516,,,,,,,1,"8,99",8.99,price_tag_crops\tag_0001_price_8_99.jpg,,"BISC CHAMP PONTO ALEGRE 150G | A | 8,99",57,__Unknown__,0.5407775282859802,True,True,253.67794543475787,57,__Unknown__,253.67794543475787,3,0.4835680751173709,0.6577060931899642,0.5493386844363672,True,0,28,__Unknown__,0.5460236867268881,True,True,False,,,,,,,383.09920386239384,-206.0,323.0,1370.0,2336.5,1164.0,2659.5,aligned_unknown
IMG_7358.HEIC,2,0.9680444002151489,1570,1992,1795,2080,regular,False,image_single_palette,single_image_palette_no_reliable_contrast,,,white,1.0,image_single_palette,white,0.0,0.0002388344877000239,37.0,91.0,0.39111111111111113,19800,1.0735780512931736,0.9832402234636871,2,"6,99",6.99,0.9820698499679565,,,,,,,1,"6,99",6.99,price_tag_crops\tag_0002_price_6_99.jpg,,BISC AMANDA MAIZENA JODG | RS | 6.99,36,__Unknown__,0.5130545645952225,True,True,96.3029075365848,36,__Unknown__,96.3029075365848,2,0.09749034749034749,0.6714285714285714,0.16463320463320463,False,0,36,__Unknown__,0.5130545645952225,True,True,False,,,,,,,96.3029075365848,50.5,82.0,1632.0,1954.0,1682.5,2036.0,aligned_unknown
IMG_7358.HEIC,3,0.9671383500099182,593,2624,806,2708,regular,False,image_single_palette,single_image_palette_no_reliable_contrast,,,white,1.0,image_single_palette,white,0.0,0.022483660130718956,37.0,110.0,0.39436619718309857,17892,0.9701241663503768,0.9754661432777233,3,"8,99",8.99,0.9911971092224121,,,,,,,1,"8,99",8.99,price_tag_crops\tag_0003_price_8_99.jpg,,"DA BAD1NY 12 | 8,99",12,__Unknown__,0.5710577964782715,True,True,207.9116398857938,12,__Unknown__,207.9116398857938,3,0.4647887323943662,0.3724137931034483,0.502030111704711,False,0,12,__Unknown__,0.5710577964782715,True,True,False,,,,,,,207.9116398857938,165.0,126.5,534.5,2539.5,699.5,2666.0,aligned_unknown
IMG_7358.HEIC,4,0.9661175012588501,351,1284,590,1373,regular,False,image_single_palette,single_image_palette_no_reliable_contrast,,,white,1.0,image_single_palette,white,0.0,0.0,45.0,107.0,0.3723849372384937,21271,1.1533373095483381,1.0,1,"7,99",7.99,0.9997901320457458,,,,,,,1,"7,99",7.99,price_tag_crops\tag_0004_price_7_99.jpg,,BISC CLUB SOCIAL 144G | AS | 7.99,4,__Unknown__,0.4783930480480194,True,True,235.11965039102964,4,__Unknown__,235.11965039102964,1,0.11330935251798561,0.1115485564304462,0.12446420816103024,False,0,4,__Unknown__,0.4783930480480194,True,True,False,,,,,,,235.11965039102964,31.5,233.0,439.0,1095.5,470.5,1328.5,aligned_unknown
IMG_7358.HEIC,5,0.965604305267334,1920,1278,2161,1369,regular,False,image_single_palette,single_image_palette_no_reliable_contrast,,,white,1.0,image_single_palette,white,0.0,0.0,35.0,83.0,0.3775933609958506,21931,1.189123244591444,1.0310281604061868,1,"6,99",6.99,0.8572467565536499,,,,,,,1,"6,99",6.99,price_tag_crops\tag_0005_price_6_99.jpg,,BISC AMANDA COCO 300G | ad | 6.99,15,__Unknown__,0.6283330082893371,True,True,188.81538602560968,15,__Unknown__,188.81538602560968,1,0.09489795918367347,0.13763066202090593,0.10866102538576407,False,0,15,__Unknown__,0.6283330082893371,True,True,False,,,,,,,188.81538602560968,46.5,183.0,1994.0,1140.5,2040.5,1323.5,aligned_unknown
IMG_7358.HEIC,6,0.9652084112167358,599,1995,824,2086,regular,False,image_single_palette,single_image_palette_no_reliable_contrast,,,white,1.0,image_single_palette,white,0.0,0.0,36.0,94.0,0.40444444444444444,20475,1.1101773030418045,1.0167597765363128,2,"9,99",9.99,0.9403103590011597,,,,,,,1,"9,99",9.99,price_tag_crops\tag_0006_price_9_99.jpg,,BISC PIT STOP ORIG 228G | AS | 9.99,56,__Unknown__,0.49695972353219986,True,True,331.09288726881465,56,__Unknown__,331.09288726881465,2,0.47895500725689405,0.05204778156996587,0.48415978541389065,True,0,40,__Unknown__,0.5479291439056396,True,True,False,,,,,,,462.1171388295396,-330.0,323.5,1041.5,1717.0,711.5,2040.5,aligned_unknown
IMG_7358.HEIC,7,0.9638411402702332,1199,3758,1417,3841,regular,False,image_single_palette,single_image_palette_no_reliable_contrast,,,white,1.0,image_single_palette,white,0.0,0.00980392156862745,31.0,95.0,0.38073394495412843,18094,0.9810768313181153,1.2581878867950769,5,,,,,,,,,,0,,,price_tag_crops\tag_0007_price_not_found.jpg,price_not_found,,26,__Unknown__,0.475013792514801,True,True,757.773877881786,26,__Unknown__,757.773877881786,5,,,,True,0,,,,,,,,,,,,,,,,,,1308.0,3799.5,no_available_product_for_one_to_one
IMG_7358.HEIC,8,0.9631922841072083,1783,3764,1980,3837,regular,False,image_single_palette,single_image_palette_no_reliable_contrast,,,white,1.0,image_single_palette,white,0.0,0.7229907773386034,17.0,62.0,0.37055837563451777,14381,0.7797538361437943,1.0,5,,,,,,,,,,0,,,price_tag_crops\tag_0008_price_not_found.jpg,price_not_found,,26,__Unknown__,0.475013792514801,True,True,316.58963975468305,26,__Unknown__,316.58963975468305,5,0.36182336182336183,0.13457330415754923,0.37528069223911675,False,0,26,__Unknown__,0.475013792514801,True,True,False,,,,,,,316.58963975468305,-127.0,290.0,2008.5,3510.5,1881.5,3800.5,aligned_unknown
IMG_7358.HEIC,9,0.9617733359336853,1939,569,2210,662,regular,False,image_single_palette,single_image_palette_no_reliable_contrast,,,white,1.0,image_single_palette,white,0.0,0.0,34.0,85.0,0.34317343173431736,25203,1.366534728623326,1.0601745714586182,0,"10,00",10.0,0.9076000452041626,,,,,,,1,"10,00",10.00,price_tag_crops\tag_0009_price_10_00.jpg,,BIGC VIT DELICITA CRISTAL 414G | 期 | 10.00,10,__Unknown__,0.556798666715622,True,True,141.79210133149166,10,__Unknown__,141.79210133149166,0,0.22509225092250923,0.14974619289340102,0.24006687021184933,False,0,10,__Unknown__,0.556798666715622,True,True,False,,,,,,,141.79210133149166,-61.0,128.0,2135.5,487.5,2074.5,615.5,aligned_unknown
IMG_7358.HEIC,10,0.96165931224823,0,2623,131,2706,regular,False,image_single_palette,single_image_palette_no_reliable_contrast,,,white,1.0,image_single_palette,white,0.0,0.06065217391304348,44.0,109.0,0.6335877862595419,10873,0.5895461692783169,0.5927924980918111,3,"7,99",7.99,0.9985471367835999,,,,,,,1,"7,99",7.99,price_tag_crops\tag_0010_price_7_99.jpg,,7.99,21,__Unknown__,0.5568607449531555,True,True,174.322259049153,21,__Unknown__,174.322259049153,3,0.31857142857142856,0.2745664739884393,0.3460280759702725,False,0,21,__Unknown__,0.5568607449531555,True,True,False,,,,,,,174.322259049153,-111.5,134.0,177.0,2530.5,65.5,2664.5,aligned_unknown
IMG_7358.HEIC,11,0.9614561796188354,1462,3174,1660,3247,regular,False,image_single_palette,single_image_palette_no_reliable_contrast,,,white,1.0,image_single_palette,white,0.0,0.6615434924787443,24.0,87.0,0.3686868686868687,14454,0.7837119774440167,1.0,4,"2,89",2.89,0.8929299712181091,,,,,,,1,"2,89",2.89,price_tag_crops\tag_0011_price_2_89.jpg,,289,51,RANCHEIRO__RANCHEIRO ROSQ RECHEADA RANCHEIRO CHOC-COCO,0.81591317653656,False,False,306.0236918932912,51,RANCHEIRO__RANCHEIRO ROSQ RECHEADA RANCHEIRO CHOC-COCO,306.0236918932912,4,0.43394077448747154,0.07572115384615384,0.4415128898720869,False,0,51,RANCHEIRO__RANCHEIRO ROSQ RECHEADA RANCHEIRO CHOC-COCO,0.81591317653656,False,False,False,,,,,,,306.0236918932912,-190.5,239.5,1751.5,2971.0,1561.0,3210.5,aligned_known
IMG_7358.HEIC,12,0.9581738710403442,342,577,599,670,regular,False,image_single_palette,single_image_palette_no_reliable_contrast,,,white,1.0,image_single_palette,white,0.0,0.0,38.0,95.0,0.36186770428015563,23901,1.2959388385837445,1.0054054054054054,0,"7,00",7.0,0.9387902617454529,,,,,,,1,"7,00",7.00,price_tag_crops\tag_0012_price_7_00.jpg,,BOMBOM GAROTO 250/2300 |  | 700,8,__Unknown__,0.5521366000175476,True,True,180.589313083582,8,__Unknown__,180.589313083582,0,0.1388888888888889,0.11580882352941177,0.15046977124183009,False,0,8,__Unknown__,0.5521366000175476,True,True,False,,,,,,,180.589313083582,67.5,167.5,403.0,456.0,470.5,623.5,aligned_unknown
IMG_7358.HEIC,13,0.9549398422241211,784,580,1041,672,regular,False,image_single_palette,single_image_palette_no_reliable_contrast,,,white,1.0,image_single_palette,white,0.0,0.0,16.0,43.0,0.35797665369649806,23644,1.282004012362414,0.9945945945945946,0,,,,,,,,,,0,,,price_tag_crops\tag_0013_price_not_found.jpg,price_not_found,COMBOM NESTLE ÚND,20,__Unknown__,0.4521656036376953,True,True,171.23813827532697,20,__Unknown__,171.23813827532697,0,0.06380753138075314,0.12177121771217712,0.07598465315197085,False,0,20,__Unknown__,0.4521656036376953,True,True,False,,,,,,,171.23813827532697,30.5,168.5,882.0,457.5,912.5,626.0,aligned_unknown
IMG_7358.HEIC,14,0.9494467377662659,0,3763,86,3846,regular,False,image_single_palette,single_image_palette_no_reliable_contrast,,,white,1.0,image_single_palette,white,0.0,0.05442622950819672,25.0,81.0,0.9651162790697675,7138,0.38703030960255924,0.49634934983658996,5,,,,,,,,,,0,,,price_tag_crops\tag_0014_price_not_found.jpg,price_not_found,,18,__Unknown__,0.6417457014322281,True,True,355.1087861486956,18,__Unknown__,355.1087861486956,5,0.44285714285714284,0.105,0.45335714285714285,False,0,18,__Unknown__,0.6417457014322281,True,True,False,,,,,,,355.1087861486956,-186.0,302.5,229.0,3502.0,43.0,3804.5,aligned_unknown
IMG_7358.HEIC,15,0.9463719725608826,0,568,169,672,regular,False,image_single_palette,single_image_palette_no_reliable_contrast,,,white,1.0,image_single_palette,white,0.0002690341673392521,0.004708097928436911,38.0,98.0,0.6153846153846154,17576,0.9529902944206474,0.7393416763066568,0,"11,00",11.0,0.9932681322097778,,,,,,,1,"11,00",11.00,price_tag_crops\tag_0015_price_11_00.jpg,,A TRAD 380G | 63 | 1100,44,__Unknown__,0.41414397954940796,True,True,262.5385685951685,44,__Unknown__,262.5385685951685,0,0.026627218934911243,0.06209850107066381,0.032837069041977626,False,0,44,__Unknown__,0.41414397954940796,True,True,False,,,,,,,262.5385685951685,4.5,262.5,80.0,357.5,84.5,620.0,aligned_unknown
IMG_7358.HEIC,16,0.9285410642623901,2175,1280,2268,1367,regular,False,image_single_palette,single_image_palette_no_reliable_contrast,,,white,1.0,image_single_palette,white,0.0,0.0,34.0,83.0,0.9354838709677419,8091,0.4387030309602559,0.38037703916129945,1,,,,,,,,,,0,,,price_tag_crops\tag_0016_price_not_found.jpg,price_not_found,BISC AMANDA,15,__Unknown__,0.6283330082893371,True,True,291.9678920703439,15,__Unknown__,291.9678920703439,1,,,,True,1,,,,,,,,,,,,,,,,,,2221.5,1323.5,no_available_product_for_one_to_one
IMG_7358.HEIC,17,0.371423602104187,1456,4016,1678,4032,regular,False,image_single_palette,single_image_palette_no_reliable_contrast,,,white,1.0,image_single_palette,white,0.0,0.0,0.0,13.0,0.07207207207207207,3552,0.19259339586835114,1.0,6,,,,,,,,,,0,,,price_tag_crops\tag_0017_price_not_found.jpg,price_not_found,,26,__Unknown__,0.475013792514801,True,True,677.2034406291805,,,,6,,,,,,,,,,,,,,,,,,,,,,,1567.0,4024.0,no_product_in_shelf_row
IMG_7362.HEIC,0,0.9710336327552795,931,1626,1157,1714,regular,False,image_single_palette,single_image_palette_no_reliable_contrast,,,white,1.0,image_single_palette,white,0.0,0.0,31.0,77.0,0.3893805309734513,19888,1.5250364235871483,1.0,1,"9,99",9.99,0.9387247562408447,,,,,,,1,"9,99",9.99,price_tag_crops\tag_0000_price_9_99.jpg,,ROSQUINHA MABEL LEITE 6000 | 部 | AR | 9.99,0,Mabel__Mabel Rosquinha Mabel Sabor Coco,0.9391872525215149,False,False,356.4256584478733,0,Mabel__Mabel Rosquinha Mabel Sabor Coco,356.4256584478733,1,0.37637969094922735,0.07326007326007326,0.38370569827523465,False,0,0,Mabel__Mabel Rosquinha Mabel Sabor Coco,0.9391872525215149,False,False,False,,,,,,,356.4256584478733,-170.5,313.0,1214.5,1357.0,1044.0,1670.0,aligned_known
IMG_7362.HEIC,1,0.9685949087142944,1972,2241,2163,2325,regular,False,image_single_palette,single_image_palette_no_reliable_contrast,,,white,1.0,image_single_palette,white,0.0,0.0,35.0,87.0,0.4397905759162304,16044,1.2302737520128824,1.0,2,"7,99",7.99,0.9659541249275208,,,,,,,1,"7,99",7.99,price_tag_crops\tag_0001_price_7_99.jpg,,SC PIT STOP SABORES 162G | 7.99,25,__Unknown__,0.4341426372528076,True,True,258.4695339880505,19,Mabel__Mabel Rosquinha Mabel Sabor Coco,754.4098687053345,2,0.2766393442622951,0.1070559610705596,0.28734494036935104,True,0,25,__Unknown__,0.4341426372528076,True,True,False,,,,,,,258.4695339880505,-67.5,249.5,2135.0,2033.5,2067.5,2283.0,aligned_unknown
IMG_7362.HEIC,2,0.9683862328529358,649,3200,823,3267,regular,False,image_single_palette,single_image_palette_no_reliable_contrast,,,white,1.0,image_single_palette,white,0.0,0.0,30.0,91.0,0.3850574712643678,11658,0.8939498504715896,1.0299496421945402,4,"5,49",5.49,0.9876971244812012,,,,,,,1,"5,49",5.49,price_tag_crops\tag_0002_price_5_49.jpg,,5.49,7,__Unknown__,0.5074767053127289,True,True,237.71463985207137,7,__Unknown__,237.71463985207137,4,0.1313364055299539,0.2087087087087087,0.15220727640082476,False,0,7,__Unknown__,0.5074767053127289,True,True,False,,,,,,,237.71463985207137,-28.5,236.0,764.5,2997.5,736.0,3233.5,aligned_unknown
IMG_7362.HEIC,3,0.9672265648841858,700,3656,866,3720,regular,False,image_single_palette,single_image_palette_no_reliable_contrast,,,white,1.0,image_single_palette,white,0.0,0.0,20.0,73.0,0.3855421686746988,10624,0.8146614523426118,1.0280627056318947,5,,,,,,,,,,0,,,price_tag_crops\tag_0003_price_not_found.jpg,price_not_found,lill,28,__Unknown__,0.5614057779312134,True,True,229.60672899547174,28,__Unknown__,229.60672899547174,5,0.025735294117647058,0.09921671018276762,0.03565696513592382,False,0,28,__Unknown__,0.5614057779312134,True,True,False,,,,,,,229.60672899547174,-7.0,229.5,790.0,3458.5,783.0,3688.0,aligned_unknown
IMG_7362.HEIC,4,0.966227650642395,1493,3196,1661,3260,regular,False,image_single_palette,single_image_palette_no_reliable_contrast,,,white,1.0,image_single_palette,white,0.0,0.0,26.0,75.0,0.38095238095238093,10752,0.8244766505636071,0.9499072356215214,4,"11,99",11.99,0.9535726308822632,,,,,,,1,"11,99",11.99,price_tag_crops\tag_0004_price_11_99.jpg,," | 11,99",38,__Unknown__,0.49477601051330566,True,True,276.7824055101769,38,__Unknown__,276.7824055101769,4,0.28869047619047616,0.5521235521235521,0.3439028314028314,False,0,38,__Unknown__,0.49477601051330566,True,True,False,,,,,,,276.7824055101769,48.5,272.5,1528.5,2955.5,1577.0,3228.0,aligned_unknown
IMG_7362.HEIC,5,0.9657410383224487,1283,3197,1451,3263,regular,False,image_single_palette,single_image_palette_no_reliable_contrast,,,white,1.0,image_single_palette,white,0.0,0.0,25.0,78.0,0.39285714285714285,11088,0.8502415458937198,0.9795918367346939,4,"11,99",11.99,0.9269059300422668,,,,,,,1,"11,99",11.99,price_tag_crops\tag_0005_price_11_99.jpg,,11.99,26,__Unknown__,0.5010806381702423,True,True,208.29366288968083,26,__Unknown__,208.29366288968083,4,0.1223021582733813,0.11711711711711711,0.13401386998509301,False,0,26,__Unknown__,0.5010806381702423,True,True,False,,,,,,,208.29366288968083,34.0,205.5,1333.0,3024.5,1367.0,3230.0,aligned_unknown
IMG_7362.HEIC,6,0.9655444622039795,1573,2761,1762,2830,regular,False,image_single_palette,single_image_palette_no_reliable_contrast,,,white,1.0,image_single_palette,white,0.0,0.0,26.0,76.0,0.36507936507936506,13041,1.0,0.9991189427312775,3,"5,49",5.49,0.996788740158081,,,,,,,1,"5,49",5.49,price_tag_crops\tag_0006_price_5_49.jpg,,5.49,40,__Unknown__,0.5123415688673655,True,True,109.11003620199197,40,__Unknown__,109.11003620199197,3,0.12698412698412698,0.629277566539924,0.1899118836381194,True,0,49,__Unknown__,0.5030056238174438,True,True,False,,,,,,,297.9681191000138,-24.0,297.0,1691.5,2498.5,1667.5,2795.5,aligned_unknown
IMG_7362.HEIC,7,0.96516352891922,297,2770,509,2842,regular,False,image_single_palette,single_image_palette_no_reliable_contrast,,,white,1.0,image_single_palette,white,0.0,0.0,31.0,89.0,0.33962264150943394,15264,1.1704623878536922,1.1694311434591074,3,"12,99",12.99,0.6149863600730896,,,,,,,1,"12,99",12.99,price_tag_crops\tag_0007_price_12_99.jpg,,1299,34,RANCHEIRO__RANCHEIRO ROSQUINHA DE COCO RANCHEIRO,0.8064030170440674,False,False,328.11659513045055,34,RANCHEIRO__RANCHEIRO ROSQUINHA DE COCO RANCHEIRO,328.11659513045055,3,0.52088772845953,0.14962593516209477,0.5358503219757395,False,0,34,RANCHEIRO__RANCHEIRO ROSQUINHA DE COCO RANCHEIRO,0.8064030170440674,False,False,False,,,,,,,328.11659513045055,199.5,260.5,203.5,2545.5,403.0,2806.0,aligned_known
IMG_7362.HEIC,8,0.964867115020752,860,2767,1044,2838,regular,False,image_single_palette,single_image_palette_no_reliable_contrast,,,white,1.0,image_single_palette,white,0.0,0.0,31.0,87.0,0.3858695652173913,13064,1.001763668430335,1.0008810572687226,3,"5,99",5.99,0.8898853659629822,,,,,,,1,"5,99",5.99,price_tag_crops\tag_0008_price_5_99.jpg,,"5,99",20,__Unknown__,0.6936730027198792,True,True,280.8745271469095,20,__Unknown__,280.8745271469095,3,0.19767441860465115,0.2541208791208791,0.22308650651673906,False,0,20,__Unknown__,0.6936730027198792,True,True,False,,,,,,,280.8745271469095,-59.5,274.5,1011.5,2528.0,952.0,2802.5,aligned_unknown
IMG_7362.HEIC,9,0.9630346894264221,586,985,830,1074,regular,False,image_single_palette,single_image_palette_no_reliable_contrast,,,white,1.0,image_single_palette,white,0.0,0.0,35.0,86.0,0.36475409836065575,21716,1.6652097231807377,1.2165826330532212,0,"21,99",21.99,0.9996502995491028,,,,,,,1,"21,99",21.99,price_tag_crops\tag_0009_price_21_99.jpg,,KIT CEREAL MAT ALCAFOODS 500G |  | RS | 21.99,11,__Unknown__,0.4471658766269684,True,True,423.8092141518398,11,__Unknown__,423.8092141518398,0,0.4189189189189189,0.05035460992907802,0.4239543799118267,False,0,11,__Unknown__,0.4471658766269684,True,True,False,,,,,,,423.8092141518398,-170.5,388.0,878.5,641.5,708.0,1029.5,aligned_unknown
IMG_7362.HEIC,10,0.9613379240036011,1960,3645,2122,3707,regular,False,image_single_palette,single_image_palette_no_reliable_contrast,,,white,1.0,image_single_palette,white,0.0,0.0,18.0,62.0,0.38271604938271603,10044,0.7701863354037267,0.9719372943681053,5,,,,,,,,,,0,,,price_tag_crops\tag_0010_price_not_found.jpg,price_not_found,,10,__Unknown__,0.5431368052959442,True,True,253.11706777694783,10,__Unknown__,253.11706777694783,5,0.36973180076628354,0.10621761658031088,0.3803535624243146,False,0,10,__Unknown__,0.5431368052959442,True,True,False,,,,,,,253.11706777694783,-96.5,234.0,2137.5,3442.0,2041.0,3676.0,aligned_unknown
IMG_7362.HEIC,11,0.9545252919197083,1851,3189,2026,3255,regular,False,image_single_palette,single_image_palette_no_reliable_contrast,,,white,1.0,image_single_palette,white,0.0,0.0,25.0,73.0,0.37714285714285717,11550,0.8856682769726248,1.0204081632653061,4,"1,59",1.59,0.70345538854599,,,,,,,1,"1,59",1.59,price_tag_crops\tag_0011_price_1_59.jpg,,"1,59",24,__Unknown__,0.4154842719435692,True,True,278.9274099116112,24,__Unknown__,278.9274099116112,4,0.4803370786516854,0.4584837545126354,0.5261854541029489,False,0,24,__Unknown__,0.4154842719435692,True,True,False,,,,,,,278.9274099116112,85.5,265.5,1853.0,2956.5,1938.5,3222.0,aligned_unknown
IMG_7362.HEIC,12,0.9475840330123901,2164,2758,2268,2828,regular,False,image_single_palette,single_image_palette_no_reliable_contrast,,,white,1.0,image_single_palette,white,0.0,0.0,27.0,80.0,0.6730769230769231,7280,0.558239398819109,0.5577475579390921,3,,,,,,,,,,0,,,price_tag_crops\tag_0012_price_not_found.jpg,price_not_found,,31,__Unknown__,0.5748674511909485,True,True,197.0970573093368,31,__Unknown__,197.0970573093368,3,0.43154761904761907,0.19895287958115182,0.45144290700573425,False,0,31,__Unknown__,0.5748674511909485,True,True,False,,,,,,,197.0970573093368,145.0,133.5,2071.0,2659.5,2216.0,2793.0,aligned_unknown
IMG_7362.HEIC,13,0.9474823474884033,1402,996,1641,1070,regular,False,image_single_palette,single_image_palette_no_reliable_contrast,,,white,1.0,image_single_palette,white,0.0,0.0,9.0,38.0,0.30962343096234307,17686,1.356184341691588,0.990812324929972,0,"7,40",7.4,0.9233531355857849,,,,,,,1,"7,40",7.40,price_tag_crops\tag_0013_price_7_40.jpg,,AMIOO MAIZENA 2003 | AS | 740,4,__Unknown__,0.71031494140625,True,True,286.46553021262434,4,__Unknown__,286.46553021262434,0,0.3284518828451883,0.1054945054945055,0.33900133339463884,False,0,4,__Unknown__,0.71031494140625,True,True,False,,,,,,,286.46553021262434,78.5,275.5,1443.0,757.5,1521.5,1033.0,aligned_unknown
IMG_7362.HEIC,14,0.9441763162612915,1069,995,1307,1070,regular,False,image_single_palette,single_image_palette_no_reliable_contrast,,,white,1.0,image_single_palette,white,0.0,0.0,10.0,36.0,0.31512605042016806,17850,1.3687600644122384,1.0,0,"16,00",16.0,0.8768326044082642,,,,,,,1,"16,00",16.00,price_tag_crops\tag_0014_price_16_00.jpg,,MAIZENA AMIDO MIUHO 5000 | RS | 1600,43,__Unknown__,0.6707688122987747,True,True,296.14270208803055,43,__Unknown__,296.14270208803055,0,0.0703971119133574,0.091,0.0794971119133574,False,0,43,__Unknown__,0.6707688122987747,True,True,False,,,,,,,296.14270208803055,-19.5,295.5,1207.5,737.0,1188.0,1032.5,aligned_unknown
IMG_7362.HEIC,15,0.9251937866210938,1733,990,1971,1071,regular,False,image_single_palette,single_image_palette_no_reliable_contrast,,,white,1.0,image_single_palette,white,0.0,0.0,3.0,30.0,0.3403361344537815,19278,1.4782608695652173,1.08,0,"4,55",4.55,0.7348095774650574,,,,,,,1,"4,55",4.55,price_tag_crops\tag_0015_price_4_55.jpg,,AMINT M A ZIMIG OG | MAA | 455,37,__Unknown__,0.40335240960121155,True,True,264.51701268538477,37,__Unknown__,264.51701268538477,0,0.012605042016806723,0.10113636363636364,0.022718678380443086,False,0,37,__Unknown__,0.40335240960121155,True,True,False,,,,,,,264.51701268538477,3.0,264.5,1849.0,766.0,1852.0,1030.5,aligned_unknown
IMG_7362.HEIC,16,0.9170721769332886,1997,985,2131,1070,regular,False,image_single_palette,single_image_palette_no_reliable_contrast,,,white,1.0,image_single_palette,white,0.0,0.0,17.0,49.0,0.6343283582089553,11390,0.8733992791963806,0.638095238095238,0,"1,00",1.0,0.6004297137260437,"7,99",7.99,0.7145490646362305,,,,2,"1,00 / 7,99",1.00 / 7.99,price_tag_crops\tag_0016_price_1_00__7_99.jpg,,0100 | 799,39,__Unknown__,0.4355114698410034,True,True,228.7646170193284,39,__Unknown__,228.7646170193284,0,0.0514018691588785,0.11756756756756757,0.06315862591563526,False,0,39,__Unknown__,0.4355114698410034,True,True,False,,,,,,,228.7646170193284,11.0,228.5,2053.0,799.0,2064.0,1027.5,aligned_unknown
IMG_7365.HEIC,0,0.9721453189849854,1656,1334,1839,1410,regular,False,image_single_palette,single_image_palette_no_reliable_contrast,,,white,0.7692307692307693,image_single_palette,white,0.0,0.0008680555555555555,41.0,105.0,0.41530054644808745,13908,1.3179815209665955,1.0205084932310966,0,"7,99",7.99,0.9551071524620056,,,,,,,1,"7,99",7.99,price_tag_crops\tag_0000_price_7_99.jpg,,  A J  | R$7.99,46,Mabel__Mabel Amanteigado Mabel Sabor Chocolate,0.8726871728897094,False,False,207.1985762499347,46,Mabel__Mabel Amanteigado Mabel Sabor Chocolate,207.1985762499347,0,0.06938775510204082,0.20962199312714777,0.0903499544147556,False,0,46,Mabel__Mabel Amanteigado Mabel Sabor Chocolate,0.8726871728897094,False,False,False,,,,,,,207.1985762499347,-17.0,206.5,1764.5,1165.5,1747.5,1372.0,aligned_known
IMG_7365.HEIC,1,0.9706536531448364,635,1332,814,1407,regular,False,image_single_palette,single_image_palette_no_reliable_contrast,,,white,0.7692307692307693,image_single_palette,white,0.0,0.0007054673721340388,45.0,110.0,0.41899441340782123,13425,1.2722103766879886,0.9850680559122428,0,"7,99",7.99,0.949393093585968,,,,,,,1,"7,99",7.99,price_tag_crops\tag_0001_price_7_99.jpg,,BISC NADOL | G000 | COCI | R$7.99 | 限,15,Mabel__Mabel Amanteigado Mabel Sabor Coco,0.8786860466003418,False,False,243.15941273164813,15,Mabel__Mabel Amanteigado Mabel Sabor Coco,243.15941273164813,0,0.42008196721311475,0.10576923076923077,0.43065889029003784,False,0,15,Mabel__Mabel Amanteigado Mabel Sabor Coco,0.8786860466003418,False,False,False,,,,,,,243.15941273164813,102.5,220.5,622.0,1149.0,724.5,1369.5,aligned_known
IMG_7365.HEIC,2,0.9696782231330872,1169,1333,1351,1409,regular,False,image_single_palette,single_image_palette_no_reliable_contrast,,,white,0.7692307692307693,image_single_palette,white,0.0,0.0,35.0,87.0,0.4175824175824176,13832,1.3107794361525704,1.0149319440877573,0,"7,99",7.99,0.9326529502868652,,,,,,,1,"7,99",7.99,price_tag_crops\tag_0002_price_7_99.jpg,,BISC MAL ANT DONG LEITE | R$7.99,24,Mabel__Mabel Amanteigado Mabel Sabor Leite,0.8854066491127014,False,False,216.8000230627294,24,Mabel__Mabel Amanteigado Mabel Sabor Leite,216.8000230627294,0,0.36036036036036034,0.13166144200626959,0.3735265045609873,False,0,24,Mabel__Mabel Amanteigado Mabel Sabor Leite,0.8854066491127014,False,False,False,,,,,,,216.8000230627294,-80.0,201.5,1340.0,1169.5,1260.0,1371.0,aligned_known
IMG_7365.HEIC,3,0.9683833122253418,2015,1333,2212,1410,regular,False,image_single_palette,single_image_palette_no_reliable_contrast,,,white,0.7692307692307693,image_single_palette,white,0.0,0.0,28.0,72.0,0.39086294416243655,15169,1.4374792703150912,1.1130351836225556,0,"7,99",7.99,0.9523167014122009,,,,,,,1,"7,99",7.99,price_tag_crops\tag_0003_price_7_99.jpg,,R$7.99,51,__Unknown__,0.5299033969640732,True,True,226.0895840148325,24,Mabel__Mabel Amanteigado Mabel Sabor Leite,799.441211096851,0,0.40239043824701193,0.13663663663663664,0.4160541019106756,True,0,48,__Unknown__,0.6243216395378113,True,True,False,,,,,,,234.8297255459794,101.0,212.0,2012.5,1159.5,2113.5,1371.5,aligned_unknown
IMG_7365.HEIC,4,0.9673251509666443,1585,1809,1761,1882,regular,False,image_single_palette,single_image_palette_no_reliable_contrast,,,white,0.7692307692307693,image_single_palette,white,0.0,0.03510716925351072,53.0,124.0,0.4147727272727273,12848,1.217531390665719,1.0,1,"7,99",7.99,0.9357834458351135,,,,,,,1,"7,99",7.99,price_tag_crops\tag_0004_price_7_99.jpg,,ATSC MASEL | RCSCA | 6000 | COco |  | R$7.99 | UN,2,Mabel__Mabel Rosquinha Mabel Sabor Coco,0.8882602572441101,False,False,230.73469613389312,2,Mabel__Mabel Rosquinha Mabel Sabor Coco,230.73469613389312,2,0.11159420289855072,0.11486486486486487,0.12308068938503722,False,0,2,Mabel__Mabel Rosquinha Mabel Sabor Coco,0.8882602572441101,False,False,False,,,,,,,230.73469613389312,38.5,227.5,1634.5,1618.0,1673.0,1845.5,aligned_known
IMG_7365.HEIC,5,0.963693380355835,716,3295,861,3359,regular,False,image_single_palette,single_image_palette_no_reliable_contrast,,,white,0.7692307692307693,image_single_palette,white,0.0,0.03971845148315736,51.0,120.5,0.4413793103448276,9280,0.8794124615020137,1.066789286124842,5,"6,99",6.99,0.8948066234588623,,,,,,,1,"6,99",6.99,price_tag_crops\tag_0005_price_6_99.jpg,,R$6.99 | 10,33,__Unknown__,0.6716931462287903,True,True,201.23183147802436,16,Mabel__Mabel Rosquinha Mabel Sabor Coco,502.66216288875376,6,0.2857142857142857,0.31004366812227074,0.31671865252651277,True,0,33,__Unknown__,0.6716931462287903,True,True,False,,,,,,,201.23183147802436,78.0,185.5,710.5,3141.5,788.5,3327.0,aligned_unknown
IMG_7365.HEIC,6,0.9593378901481628,53,1333,232,1408,regular,False,image_single_palette,single_image_palette_no_reliable_contrast,,,white,0.7692307692307693,image_single_palette,yellow,0.0,0.928042328042328,55.0,152.0,0.41899441340782123,13425,1.2722103766879886,0.9850680559122428,0,"11,99",11.99,0.9799829125404358,,,,,,,1,"11,99",11.99,price_tag_crops\tag_0006_price_11_99.jpg,,R$11.99,37,__Unknown__,0.5491406321525574,True,True,222.19023380877928,37,__Unknown__,222.19023380877928,0,0.07415254237288135,0.1051912568306011,0.08467166805594147,False,0,37,__Unknown__,0.5491406321525574,True,True,False,,,,,,,222.19023380877928,-17.5,221.5,160.0,1149.0,142.5,1370.5,aligned_unknown
IMG_7365.HEIC,7,0.9567570686340332,2110,2996,2266,3063,regular,False,image_single_palette,single_image_palette_no_reliable_contrast,,,white,0.7692307692307693,image_single_palette,white,0.0,0.029587155963302754,48.0,117.0,0.42948717948717946,10452,0.9904761904761905,1.0,4,"2,99",2.99,0.9340522885322571,,,,,,,1,"2,99",2.99,price_tag_crops\tag_0007_price_2_99.jpg,,R$2.99,42,__Unknown__,0.5482291877269745,True,True,188.13426056941356,6,Mabel__Mabel Rosquinha Mabel Sabor Coco,359.72941219755717,5,0.17078189300411523,0.14612676056338028,0.18539456906045326,True,0,42,__Unknown__,0.5482291877269745,True,True,False,,,,,,,188.13426056941356,41.5,183.5,2146.5,2846.0,2188.0,3029.5,aligned_unknown
IMG_7365.HEIC,8,0.9554347395896912,1065,2621,1224,2688,regular,False,image_single_palette,single_image_palette_no_reliable_contrast,,,white,0.7692307692307693,image_single_palette,yellow,0.0,0.47611607142857143,55.0,126.0,0.42138364779874216,10653,1.0095238095238095,1.1591317120940101,3,"7,99",7.99,0.986839234828949,,,,,,,1,"7,99",7.99,price_tag_crops\tag_0008_price_7_99.jpg,,tanc | COCD | R$7.99,20,Mabel__Mabel Rosquinha Mabel Sabor Coco,0.8953687310218811,False,False,240.66989840858787,20,Mabel__Mabel Rosquinha Mabel Sabor Coco,240.66989840858787,4,0.5050847457627119,0.0779816513761468,0.5128829109003266,False,0,20,Mabel__Mabel Rosquinha Mabel Sabor Coco,0.8953687310218811,False,False,False,,,,,,,240.66989840858787,149.0,189.0,995.5,2465.5,1144.5,2654.5,aligned_known
IMG_7365.HEIC,9,0.9534178376197815,2145,3327,2268,3393,regular,False,image_single_palette,single_image_palette_no_reliable_contrast,,,white,0.7692307692307693,image_single_palette,white,0.0,0.0008944543828264759,50.0,121.0,0.5365853658536586,8118,0.7692963752665245,0.9332107138751581,5,"3,49",3.49,0.9259729981422424,,,,,,,1,"3,49",3.49,price_tag_crops\tag_0009_price_3_49.jpg,,RS3.49,40,__Unknown__,0.48329994082450867,True,True,180.0340245620255,29,Mabel__Mabel Rosquinha Mabel Sabor Coco,408.6590877491898,6,0.25882352941176473,0.1320754716981132,0.27203107658157605,True,0,40,__Unknown__,0.48329994082450867,True,True,False,,,,,,,180.0340245620255,66.0,167.5,2140.5,3192.5,2206.5,3360.0,aligned_unknown
IMG_7365.HEIC,10,0.9490379095077515,15,3551,151,3610,regular,False,image_single_palette,single_image_palette_no_reliable_contrast,,,white,0.7692307692307693,image_single_palette,white,0.0,0.0,42.0,110.0,0.4338235294117647,8024,0.7603885335228618,1.0,6,"14,99",14.99,0.8455920815467834,,,,,,,1,"14,99",14.99,price_tag_crops\tag_0010_price_14_99.jpg,,014.99,52,__Unknown__,0.5417671203613281,True,True,145.49914089093448,26,Mabel__Mabel Rosquinha Mabel Sabor Coco,606.2132463085907,7,0.1856060606060606,0.16829268292682928,0.20243532889874355,True,0,52,__Unknown__,0.5417671203613281,True,True,False,,,,,,,145.49914089093448,-49.0,137.0,132.0,3443.5,83.0,3580.5,aligned_unknown
IMG_7365.HEIC,11,0.9475088715553284,2156,2636,2268,2705,regular,False,image_single_palette,single_image_palette_no_reliable_contrast,,,white,0.7692307692307693,image_single_palette,white,0.0,0.0045207956600361665,54.0,125.0,0.6160714285714286,7728,0.7323383084577114,0.8408682879059899,3,,,,,,,,,,0,,,price_tag_crops\tag_0011_price_not_found.jpg,price_not_found,R$3.9,50,__Unknown__,0.609217393398285,True,True,197.56328100130347,39,Mabel__Mabel Rosquinha Mabel Sabor Coco,436.5011454738693,4,0.23933649289099526,0.12214983713355049,0.2515514766043503,True,0,50,__Unknown__,0.609217393398285,True,True,False,,,,,,,197.56328100130347,50.5,191.0,2161.5,2479.5,2212.0,2670.5,aligned_unknown
IMG_7365.HEIC,12,0.8927891254425049,2233,2246,2268,2315,promo,True,vertical_shape,single_image_palette_no_reliable_contrast,vertical_shape,,white,0.7692307692307693,image_single_palette,white,0.0,0.0,45.0,107.5,1.9714285714285715,2415,0.22885572139303484,1.0,2,,,,,,,,,,0,,,price_tag_crops\tag_0012_price_not_found.jpg,price_not_found,1,44,__Unknown__,0.5006361901760101,True,True,205.66112904484405,10,Mabel__Mabel Rosquinha Mabel Sabor Coco,395.9172893421049,3,0.40789473684210525,0.13926174496644295,0.42182091133874955,True,0,44,__Unknown__,0.5006361901760101,True,True,False,,,,,,,205.66112904484405,77.5,190.5,2173.0,2090.0,2250.5,2280.5,aligned_unknown
IMG_7365.HEIC,13,0.8834688067436218,0,1456,104,1535,regular,False,image_single_palette,single_image_palette_no_reliable_contrast,,,white,0.7692307692307693,image_single_palette,yellow,0.0,0.7385844748858448,51.0,128.0,0.7596153846153846,8216,0.7785832741056622,0.6028543126536302,0,,,,,,,,,,0,,,price_tag_crops\tag_0013_price_not_found.jpg,price_not_found,"R$2,",37,__Unknown__,0.5491406321525574,True,True,362.9411109257258,,,,1,,,,,,,,,,,,,,,,,,,,,,,52.0,1495.5,no_product_in_shelf_row
IMG_7366.HEIC,0,0.9717450737953186,924,3253,1123,3331,regular,False,image_single_palette,single_image_palette_no_reliable_contrast,,,yellow,0.52,image_single_palette,yellow,0.0,0.9320668693009119,45.0,126.0,0.39195979899497485,15522,0.859468438538206,1.0246559065253986,4,"2,99",2.99,0.9632682204246521,,,,,,,1,"2,99",2.99,price_tag_crops\tag_0000_price_2_99.jpg,,R$2.99,38,__Unknown__,0.40986384948094684,True,True,183.07716952148894,38,__Unknown__,183.07716952148894,5,0.06909547738693467,1.1160714285714286,0.18070262024407752,False,0,38,__Unknown__,0.40986384948094684,True,True,False,,,,,,,183.07716952148894,27.5,181.0,996.0,3111.0,1023.5,3292.0,aligned_unknown
IMG_7366.HEIC,1,0.9711440205574036,571,1700,821,1799,regular,False,image_single_palette,single_image_palette_no_reliable_contrast,,,yellow,0.52,image_single_palette,yellow,0.0,0.9024761904761904,52.0,121.0,0.396,24750,1.3704318936877076,1.0407905803195963,1,"11,99",11.99,0.9225925207138062,,,,,,,1,"11,99",11.99,price_tag_crops\tag_0001_price_11_99.jpg,,RIC BO 34  LEJ | R$11.99,8,__Unknown__,0.4388999789953232,True,True,231.12604786133474,8,__Unknown__,231.12604786133474,2,0.0367965367965368,0.2632450331125828,0.06312104010779508,False,0,8,__Unknown__,0.4388999789953232,True,True,False,,,,,,,231.12604786133474,-17.0,230.5,713.0,1519.0,696.0,1749.5,aligned_unknown
IMG_7366.HEIC,2,0.970316469669342,1923,1698,2182,1801,regular,False,image_single_palette,single_image_palette_no_reliable_contrast,,,yellow,0.52,image_single_palette,yellow,0.0,0.9305210918114144,49.0,113.0,0.39768339768339767,26677,1.4771317829457364,1.121825063078217,1,"6,99",6.99,0.9595063328742981,,,,,,,1,"6,99",6.99,price_tag_crops\tag_0002_price_6_99.jpg,,"G OHANE PORTO-ALERE  | R$6,99",41,__Unknown__,0.5338460206985474,True,True,250.872975826413,41,__Unknown__,250.872975826413,2,0.07992202729044834,0.5951327433628318,0.1394353016267315,False,0,41,__Unknown__,0.5338460206985474,True,True,False,,,,,,,250.872975826413,41.0,247.5,2011.5,1502.0,2052.5,1749.5,aligned_unknown
IMG_7366.HEIC,3,0.9695432186126709,791,2255,1024,2348,regular,False,image_single_palette,single_image_palette_no_reliable_contrast,,,yellow,0.52,image_single_palette,yellow,0.0,0.8832752613240418,51.0,128.0,0.39914163090128757,21669,1.1998338870431893,1.0201977401129942,2,"8,99",8.99,0.9645546078681946,,,,,,,1,"8,99",8.99,price_tag_crops\tag_0003_price_8_99.jpg,,R$8.99,1,Mabel__Mabel Amanteigado Mabel Sabor Chocolate,0.9134056091308593,False,False,282.23571708768543,1,Mabel__Mabel Amanteigado Mabel Sabor Chocolate,282.23571708768543,3,0.19865319865319866,0.2863247863247863,0.2272856772856773,False,0,1,Mabel__Mabel Amanteigado Mabel Sabor Chocolate,0.9134056091308593,False,False,False,,,,,,,282.23571708768543,59.0,276.0,848.5,2025.5,907.5,2301.5,aligned_known
IMG_7366.HEIC,4,0.9683123230934143,541,2844,751,2925,regular,False,image_single_palette,single_image_palette_no_reliable_contrast,,,yellow,0.52,image_single_palette,white,0.0,0.9006519274376418,43.0,128.0,0.38571428571428573,17010,0.9418604651162791,0.9597156398104265,3,"5,99",5.99,0.9920246005058289,,,,,,,1,"5,99",5.99,price_tag_crops\tag_0004_price_5_99.jpg,,R$5.99,45,__Unknown__,0.48728451132774353,True,True,207.87015177749788,45,__Unknown__,207.87015177749788,4,0.26231884057971017,1.7572463768115942,0.4380434782608696,True,1,46,__Unknown__,0.4078328311443329,True,True,False,,,,,,,324.3801781860291,90.5,311.5,555.5,2573.0,646.0,2884.5,aligned_unknown
IMG_7366.HEIC,5,0.9676129221916199,283,2842,494,2926,regular,False,image_single_palette,single_image_palette_no_reliable_contrast,,,yellow,0.52,image_single_palette,white,0.0,0.9242183359830418,42.0,127.0,0.3981042654028436,17724,0.9813953488372092,1.0,3,"4,99",4.99,0.9806235432624817,,,,,,,1,"4,99",4.99,price_tag_crops\tag_0005_price_4_99.jpg,,R$4.99,45,__Unknown__,0.48728451132774353,True,True,207.16780637927312,45,__Unknown__,207.16780637927312,4,0.33638743455497383,0.6690647482014388,0.4032939093751177,False,0,45,__Unknown__,0.48728451132774353,True,True,False,,,,,,,207.16780637927312,-128.5,162.5,517.0,2721.5,388.5,2884.0,aligned_unknown
IMG_7366.HEIC,6,0.967391312122345,941,1702,1189,1797,regular,False,image_single_palette,single_image_palette_no_reliable_contrast,,,yellow,0.52,image_single_palette,yellow,0.0,0.8802352702565662,54.0,126.0,0.38306451612903225,23560,1.3045404208194906,0.990748528174937,1,"11,99",11.99,0.9921097755432129,,,,,,,1,"11,99",11.99,price_tag_crops\tag_0006_price_11_99.jpg,,"OtO AMNt C | BALDUCCO 24 | R$11,99",0,__Unknown__,0.5534087419509888,True,True,320.4652867316521,0,__Unknown__,320.4652867316521,2,0.14968152866242038,0.3149100257069409,0.18117253123311447,False,0,0,__Unknown__,0.5534087419509888,True,True,False,,,,,,,320.4652867316521,-47.0,317.0,1112.0,1432.5,1065.0,1749.5,aligned_unknown
IMG_7366.HEIC,7,0.967034101486206,1575,2269,1811,2359,regular,False,image_single_palette,single_image_palette_no_reliable_contrast,,,yellow,0.52,image_single_palette,yellow,0.0,0.8946127946127946,49.0,123.0,0.3813559322033898,21240,1.176079734219269,1.0,2,"8,99",8.99,0.975113570690155,,,,,,,1,"8,99",8.99,price_tag_crops\tag_0007_price_8_99.jpg,,"R$8,99",5,Mabel__Mabel Amanteigado Mabel Sabor Coco,0.935956597328186,False,False,285.27399110329003,5,Mabel__Mabel Amanteigado Mabel Sabor Coco,285.27399110329003,3,0.19636963696369636,0.27071823204419887,0.22344146016811625,False,0,5,Mabel__Mabel Amanteigado Mabel Sabor Coco,0.935956597328186,False,False,False,,,,,,,285.27399110329003,-59.5,279.0,1752.5,2035.0,1693.0,2314.0,aligned_known
IMG_7366.HEIC,8,0.96659255027771,559,3252,756,3327,regular,False,image_single_palette,single_image_palette_no_reliable_contrast,,,yellow,0.52,image_single_palette,white,0.0,0.9513687600644123,40.0,116.0,0.38071065989847713,14775,0.8181063122923588,0.9753440934746015,4,"2,99",2.99,0.9824816584587097,,,,,,,1,"2,99",2.99,price_tag_crops\tag_0008_price_2_99.jpg,,R$2.99,43,__Unknown__,0.5073716044425964,True,True,325.5936885137671,43,__Unknown__,325.5936885137671,5,,,,True,0,,,,,,,,,,,,,,,,,,657.5,3289.5,no_available_product_for_one_to_one
IMG_7366.HEIC,9,0.9664969444274902,1432,1703,1682,1799,regular,False,image_single_palette,single_image_palette_no_reliable_contrast,,,yellow,0.52,image_single_palette,yellow,0.0,0.9406516290726817,53.0,118.0,0.384,24000,1.3289036544850499,1.0092514718250631,1,"6,99",6.99,0.9123603701591492,,,,,,,1,"6,99",6.99,price_tag_crops\tag_0009_price_6_99.jpg,,"ALDUCD 142G TRAC | R$6,99",2,__Unknown__,0.5489405989646912,True,True,353.20001415628514,2,__Unknown__,353.20001415628514,2,,,,True,1,,,,,,,,,,,,,,,,,,1557.0,1751.0,no_available_product_for_one_to_one
IMG_7366.HEIC,10,0.9654006958007812,1255,2856,1470,2940,regular,False,image_single_palette,single_image_palette_no_reliable_contrast,,,yellow,0.52,image_single_palette,white,0.0,0.9077124183006536,42.0,116.0,0.39069767441860465,18060,1.0,1.018957345971564,3,"5,99",5.99,0.9790286421775818,,,,,,,1,"5,99",5.99,price_tag_crops\tag_0010_price_5_99.jpg,,R$5.99,33,__Unknown__,0.33394243717193606,True,True,182.33554233884297,33,__Unknown__,182.33554233884297,4,0.16029411764705884,0.7985074626865671,0.24014486391571555,False,0,33,__Unknown__,0.33394243717193606,True,True,False,,,,,,,182.33554233884297,54.5,174.0,1308.0,2724.0,1362.5,2898.0,aligned_unknown
IMG_7366.HEIC,11,0.9644680023193359,135,914,409,1023,regular,False,image_single_palette,single_image_palette_no_reliable_contrast,,,yellow,0.52,image_single_palette,white,0.0,0.8770426780897985,43.0,111.0,0.3978102189781022,29866,1.6537098560354375,0.9702738702446314,0,"6,99",6.99,0.9201523661613464,,,,,,,1,"6,99",6.99,price_tag_crops\tag_0011_price_6_99.jpg,,"RECHRTO | CLIB SOCIAL 10N | R$6,99",16,__Unknown__,0.3074084520339966,True,True,393.5686090124567,,,,1,,,,,,,,,,,,,,,,,,,,,,,272.0,968.5,no_product_in_shelf_row
IMG_7366.HEIC,12,0.9633143544197083,1401,3258,1603,3335,regular,False,image_single_palette,single_image_palette_no_reliable_contrast,,,yellow,0.52,image_single_palette,yellow,0.0,0.9466543324082639,46.0,125.0,0.3811881188118812,15554,0.8612403100775193,1.0267683268970524,4,"2,99",2.99,0.9171696305274963,,,,,,,1,"2,99",2.99,price_tag_crops\tag_0012_price_2_99.jpg,,R$2.99,25,__Unknown__,0.49380832314491274,True,True,256.4731954805414,25,__Unknown__,256.4731954805414,5,0.19647058823529412,0.5635964912280702,0.2528302373581012,False,0,25,__Unknown__,0.49380832314491274,True,True,False,,,,,,,256.4731954805414,83.5,242.5,1418.5,3054.0,1502.0,3296.5,aligned_unknown
IMG_7366.HEIC,13,0.960316002368927,1827,3264,2031,3342,regular,False,image_single_palette,single_image_palette_no_reliable_contrast,,,yellow,0.52,image_single_palette,white,0.0,0.9851212617170064,41.0,111.0,0.38235294117647056,15912,0.881063122923588,1.050401029804931,4,"2,99",2.99,0.9947975277900696,,,,,,,1,"2,99",2.99,price_tag_crops\tag_0013_price_2_99.jpg,,R$2.99 | 保,34,__Unknown__,0.4698549658060074,True,True,205.49695861496346,34,__Unknown__,205.49695861496346,5,0.12222222222222222,1.206896551724138,0.24291187739463602,False,0,34,__Unknown__,0.4698549658060074,True,True,False,,,,,,,205.49695861496346,55.0,198.0,1874.0,3105.0,1929.0,3303.0,aligned_unknown
IMG_7366.HEIC,14,0.9591829180717468,0,3723,145,3792,regular,False,image_single_palette,single_image_palette_no_reliable_contrast,,,yellow,0.52,image_single_palette,white,0.0,0.9992997198879552,29.0,94.0,0.47586206896551725,10005,0.5539867109634552,1.0,5,,,,,,,,,,0,,,price_tag_crops\tag_0014_price_not_found.jpg,price_not_found,230.40,27,__Unknown__,0.46213990449905396,True,True,307.418688436471,27,__Unknown__,307.418688436471,6,0.14460784313725492,0.5515463917525774,0.19976248231251265,False,0,27,__Unknown__,0.46213990449905396,True,True,False,,,,,,,307.418688436471,-29.5,306.0,102.0,3451.5,72.5,3757.5,aligned_unknown
IMG_7366.HEIC,15,0.9591120481491089,1187,1704,1437,1798,regular,False,image_single_palette,single_image_palette_no_reliable_contrast,,,yellow,0.52,image_single_palette,yellow,0.0,0.9058646616541354,50.0,117.0,0.376,23500,1.3012181616832779,0.9882253994953742,1,"6,99",6.99,0.9953830242156982,,,,,,,1,"6,99",6.99,price_tag_crops\tag_0015_price_6_99.jpg,,BISC.C | TA OLECRE | R$6.99,2,__Unknown__,0.5489405989646912,True,True,333.94647774755765,2,__Unknown__,333.94647774755765,2,0.3472727272727273,0.36486486486486486,0.3837592137592138,False,0,2,__Unknown__,0.5489405989646912,True,True,False,,,,,,,333.94647774755765,-95.5,320.0,1407.5,1431.0,1312.0,1751.0,aligned_unknown
IMG_7366.HEIC,16,0.9582724571228027,2018,2268,2254,2360,regular,False,image_single_palette,single_image_palette_no_reliable_contrast,,,yellow,0.52,image_single_palette,yellow,0.0,0.9047933884297521,50.0,123.0,0.3898305084745763,21712,1.2022148394241416,1.0222222222222221,2,"8,99",8.99,0.9466736912727356,,,,,,,1,"8,99",8.99,price_tag_crops\tag_0016_price_8_99.jpg,,R$8.99,11,Mabel__Mabel Amanteigado Mabel Sabor Coco,0.9256574511528015,False,False,303.5061778613411,11,Mabel__Mabel Amanteigado Mabel Sabor Coco,303.5061778613411,3,0.15333333333333332,0.37719298245614036,0.19105263157894736,False,0,11,Mabel__Mabel Amanteigado Mabel Sabor Coco,0.9256574511528015,False,False,False,,,,,,,303.5061778613411,46.0,300.0,2090.0,2014.0,2136.0,2314.0,aligned_known
IMG_7366.HEIC,17,0.9569324851036072,206,3255,406,3324,regular,False,image_single_palette,single_image_palette_no_reliable_contrast,,,yellow,0.52,image_single_palette,white,0.0,0.9870748299319728,33.0,103.0,0.345,13800,0.7641196013289037,0.9109812852757698,4,"4,49",4.49,0.8828082084655762,,,,,,,1,"4,49",4.49,price_tag_crops\tag_0017_price_4_49.jpg,,RS4.49,39,__Unknown__,0.5411697626113892,True,True,293.42460701175014,39,__Unknown__,293.42460701175014,5,,,,True,1,,,,,,,,,,,,,,,,,,306.0,3289.5,no_available_product_for_one_to_one
IMG_7366.HEIC,18,0.9558596611022949,0,3255,140,3321,regular,False,image_single_palette,single_image_palette_no_reliable_contrast,,,yellow,0.52,image_single_palette,white,0.0,0.9986917844060701,31.0,97.0,0.4714285714285714,9240,0.5116279069767442,0.6099613823150807,4,"1,99",1.99,0.8860406875610352,,,,,,,1,"1,99",1.99,price_tag_crops\tag_0018_price_1_99.jpg,,1.99,39,__Unknown__,0.5411697626113892,True,True,243.78115185551158,39,__Unknown__,243.78115185551158,5,0.23684210526315788,0.4534412955465587,0.28218623481781374,False,0,39,__Unknown__,0.5411697626113892,True,True,False,,,,,,,243.78115185551158,-63.0,235.5,133.0,3052.5,70.0,3288.0,aligned_unknown
IMG_7366.HEIC,19,0.9529541730880737,993,854,1276,966,regular,False,image_single_palette,single_image_palette_no_reliable_contrast,,,yellow,0.52,image_single_palette,white,0.0,0.9069802502638323,44.0,96.0,0.3957597173144876,31696,1.7550387596899224,1.0297261297553686,0,"6,99",6.99,0.8036520481109619,,,,,,,1,"6,99",6.99,price_tag_crops\tag_0019_price_6_99.jpg,,"BISC CLUB SOCIAL 144G CHIGINAL | UUIR$6,99",17,__Unknown__,0.3936285972595215,True,True,283.22164465308794,17,__Unknown__,283.22164465308794,0,0.6187150837988827,0.24472573839662448,0.6431876576385451,False,0,17,__Unknown__,0.3936285972595215,True,True,False,,,,,,,283.22164465308794,221.5,176.5,913.0,733.5,1134.5,910.0,aligned_unknown
IMG_7366.HEIC,20,0.9513227343559265,1595,2857,1810,2939,promo,True,red_vs_image_yellow,red_vs_image_yellow,,,yellow,0.52,image_single_palette,red,1.0,0.0,34.0,170.0,0.3813953488372093,17630,0.9761904761904762,0.9946964567817649,3,"2,99",2.99,0.9913775324821472,,,,,,,1,"2,99",2.99,price_tag_crops\tag_0020_price_2_99.jpg,,R$2.99,31,__Unknown__,0.62142014503479,True,True,220.5051019817909,31,__Unknown__,220.5051019817909,4,0.0035545023696682463,0.7457627118644068,0.07813077355610892,False,0,31,__Unknown__,0.62142014503479,True,True,False,,,,,,,220.5051019817909,1.5,220.5,1701.0,2677.5,1702.5,2898.0,aligned_unknown
IMG_7366.HEIC,21,0.9310974478721619,1806,2849,2029,2942,promo,True,red_vs_image_yellow,red_vs_image_yellow,,,yellow,0.52,image_single_palette,red,0.992445054945055,0.001717032967032967,29.0,155.0,0.4170403587443946,20739,1.1483388704318938,1.170108327691266,3,"7,99",7.99,0.9821638464927673,,,,,,,1,"7,99",7.99,price_tag_crops\tag_0021_price_7_99.jpg,,RS7.99,32,__Unknown__,0.34454357624053955,True,True,234.54690362484004,32,__Unknown__,234.54690362484004,4,0.24535315985130113,2.4060402684563758,0.4859571866969387,True,0,44,__Unknown__,0.37379220128059387,True,True,False,,,,,,,438.0011415510238,-66.0,433.0,1983.5,2462.5,1917.5,2895.5,aligned_unknown
IMG_7366.HEIC,22,0.9269201755523682,0,2249,67,2343,regular,False,image_single_palette,single_image_palette_no_reliable_contrast,,,yellow,0.52,image_single_palette,yellow,0.0,0.9187643020594966,50.0,135.0,1.4029850746268657,6298,0.3487264673311185,0.2965160075329567,2,,,,,,,,,,0,,,price_tag_crops\tag_0022_price_not_found.jpg,price_not_found,99,12,__Unknown__,0.5550562739372253,True,True,363.25094631673016,12,__Unknown__,363.25094631673016,3,,,,True,1,,,,,,,,,,,,,,,,,,33.5,2296.0,no_available_product_for_one_to_one
IMG_7366.HEIC,23,0.9015236496925354,0,1700,41,1798,regular,False,image_single_palette,single_image_palette_no_reliable_contrast,,,yellow,0.52,image_single_palette,yellow,0.0,1.0,52.0,129.0,2.3902439024390243,4018,0.22248062015503875,0.16896551724137931,1,,,,,,,,,,0,,,price_tag_crops\tag_0023_price_not_found.jpg,price_not_found,1,10,__Unknown__,0.4121086895465851,True,True,307.70846592188525,10,__Unknown__,307.70846592188525,2,0.46179039301310043,0.25252525252525254,0.4870429182656257,False,0,10,__Unknown__,0.4121086895465851,True,True,False,,,,,,,307.70846592188525,-211.5,223.5,232.0,1525.5,20.5,1749.0,aligned_unknown
IMG_7366.HEIC,24,0.6461644768714905,132,2253,360,2344,regular,False,image_single_palette,single_image_palette_no_reliable_contrast,,,yellow,0.52,image_single_palette,yellow,0.0,0.8891218262287445,47.0,122.0,0.3991228070175439,20748,1.1488372093023256,0.9768361581920904,2,"11,99",11.99,0.9870873093605042,,,,,,,1,"11,99",11.99,price_tag_crops\tag_0024_price_11_99.jpg,,"R$11,99",12,__Unknown__,0.5550562739372253,True,True,301.050244975818,12,__Unknown__,301.050244975818,3,0.02029520295202952,0.26590330788804073,0.046885533740833596,False,0,12,__Unknown__,0.5550562739372253,True,True,False,,,,,,,301.050244975818,5.5,301.0,240.5,1997.5,246.0,2298.5,aligned_unknown
IMG_7368.HEIC,0,0.9692343473434448,1422,1854,1633,1939,regular,False,image_single_palette,single_image_palette_no_reliable_contrast,,,white,0.7647058823529411,image_single_palette,yellow,0.0,0.8910969793322735,45.0,99.0,0.4028436018957346,17935,1.2386049723756907,1.0144230769230769,1,"5,99",5.99,0.8809685707092285,,,,,,,1,"5,99",5.99,price_tag_crops\tag_0000_price_5_99.jpg,,BISC MAGEL | WUR$5.99,2,Mabel__Mabel Cream Cracker,0.8972727656364441,False,False,232.64242949212854,2,Mabel__Mabel Cream Cracker,232.64242949212854,1,0.13815789473684212,0.14747191011235955,0.15290508574807807,False,0,2,Mabel__Mabel Cream Cracker,0.8972727656364441,False,False,False,,,,,,,232.64242949212854,31.5,230.5,1496.0,1666.0,1527.5,1896.5,aligned_known
IMG_7368.HEIC,1,0.96811842918396,1706,1315,1934,1409,regular,False,image_single_palette,single_image_palette_no_reliable_contrast,,,white,0.7647058823529411,image_single_palette,white,0.0,0.9553128103277061,36.0,104.0,0.41228070175438597,21432,1.4801104972375692,0.9991142604074402,0,"6,99",6.99,0.9448239207267761,,,,,,,1,"6,99",6.99,price_tag_crops\tag_0001_price_6_99.jpg,,UR$6.99,45,__Unknown__,0.4888269007205963,True,True,261.0,45,__Unknown__,261.0,0,0.3474903474903475,0.21052631578947367,0.3685429790692949,False,0,45,__Unknown__,0.4888269007205963,True,True,False,,,,,,,261.0,-180.0,189.0,2000.0,1173.0,1820.0,1362.0,aligned_unknown
IMG_7368.HEIC,2,0.9675320386886597,797,1326,1023,1421,regular,False,image_single_palette,single_image_palette_no_reliable_contrast,,,white,0.7647058823529411,image_single_palette,white,0.0,0.9619331347236014,40.0,109.0,0.42035398230088494,21470,1.4827348066298343,1.0008857395925599,0,"6,99",6.99,0.9960344433784485,,,,,,,1,"6,99",6.99,price_tag_crops\tag_0002_price_6_99.jpg,,BISO AD  BI  | R$6.99,9,__Unknown__,0.5403083324432373,True,True,250.308809273665,9,__Unknown__,250.308809273665,0,0.36351706036745407,0.20439189189189189,0.38395624955664326,False,0,9,__Unknown__,0.5403083324432373,True,True,False,,,,,,,250.308809273665,-138.5,208.5,1048.5,1165.0,910.0,1373.5,aligned_unknown
IMG_7368.HEIC,3,0.9673417806625366,949,1856,1157,1941,regular,False,image_single_palette,single_image_palette_no_reliable_contrast,,,white,0.7647058823529411,image_single_palette,white,0.0,0.8705882352941177,44.0,105.0,0.40865384615384615,17680,1.2209944751381216,1.0,1,"4,99",4.99,0.9913868308067322,,,,,,,1,"4,99",4.99,price_tag_crops\tag_0003_price_4_99.jpg,,"R$4,99",1,__Unknown__,0.6843686580657959,True,True,234.047537906298,0,Mabel__Mabel Cream Cracker,310.3727597583267,1,0.07692307692307693,0.2033132530120482,0.09725440222428175,True,0,1,__Unknown__,0.6843686580657959,True,True,False,,,,,,,234.047537906298,16.0,233.5,1037.0,1665.0,1053.0,1898.5,aligned_unknown
IMG_7368.HEIC,4,0.9669226408004761,848,2413,1041,2489,regular,False,image_single_palette,single_image_palette_no_reliable_contrast,,,white,0.7647058823529411,image_single_palette,white,0.0,0.8741830065359477,42.0,109.0,0.39378238341968913,14668,1.0129834254143646,1.3940977997433825,2,"4,99",4.99,0.9936912655830383,,,,,,,1,"4,99",4.99,price_tag_crops\tag_0004_price_4_99.jpg,,R$4.99,3,RANCHEIRO__RANCHEIRO CREAM CRACKER RANCHEIRO,0.8465401887893677,False,False,166.98577783751526,,,,3,,,,,,,,,,,,,,,,,,,,,,,944.5,2451.0,no_product_in_shelf_row
IMG_7368.HEIC,5,0.9662408232688904,579,2790,761,2867,regular,False,image_single_palette,single_image_palette_no_reliable_contrast,,,white,0.7647058823529411,image_single_palette,yellow,0.0,0.9138993495378295,47.0,108.0,0.4230769230769231,14014,0.967817679558011,1.0,3,"6,99",6.99,0.8019696474075317,,,,,,,1,"6,99",6.99,price_tag_crops\tag_0005_price_6_99.jpg,,ULS$6.99,16,__Unknown__,0.7049849629402161,True,True,233.25629680675289,16,__Unknown__,233.25629680675289,4,0.4935275080906149,0.514367816091954,0.5449642896998104,False,0,16,__Unknown__,0.7049849629402161,True,True,False,,,,,,,233.25629680675289,152.5,176.5,517.5,2652.0,670.0,2828.5,aligned_unknown
IMG_7368.HEIC,6,0.9644069075584412,1509,2793,1690,2873,regular,False,image_single_palette,single_image_palette_no_reliable_contrast,,,white,0.7647058823529411,image_single_palette,white,0.002976190476190476,0.8611111111111112,34.0,81.0,0.4419889502762431,14480,1.0,1.0332524618238903,3,"6,99",6.99,0.9095401167869568,,,,,,,1,"6,99",6.99,price_tag_crops\tag_0006_price_6_99.jpg,,"R$6,99",12,__Unknown__,0.7539337754249573,True,True,228.02686245265053,12,__Unknown__,228.02686245265053,4,0.43086816720257237,0.48663101604278075,0.47953126880685043,False,0,12,__Unknown__,0.7539337754249573,True,True,False,,,,,,,228.02686245265053,-134.0,184.5,1733.5,2648.5,1599.5,2833.0,aligned_unknown
IMG_7368.HEIC,7,0.9630545973777771,167,1335,393,1430,regular,False,image_single_palette,single_image_palette_no_reliable_contrast,,,white,0.7647058823529411,image_single_palette,white,0.0,0.9333554010813196,37.0,110.0,0.42035398230088494,21470,1.4827348066298343,1.0008857395925599,0,"5,99",5.99,0.964198887348175,,,,,,,1,"5,99",5.99,price_tag_crops\tag_0007_price_5_99.jpg,,RS5.99,23,__Unknown__,0.5862784385681152,True,True,202.59380543343372,23,__Unknown__,202.59380543343372,0,0.0348314606741573,0.2038327526132404,0.055214735935481346,False,0,23,__Unknown__,0.5862784385681152,True,True,False,,,,,,,202.59380543343372,15.5,202.0,264.5,1180.5,280.0,1382.5,aligned_unknown
IMG_7368.HEIC,8,0.9619866013526917,688,3500,837,3560,regular,False,image_single_palette,single_image_palette_no_reliable_contrast,,,white,0.7647058823529411,image_single_palette,white,0.0,0.9489850427350427,30.0,92.0,0.40268456375838924,8940,0.6174033149171271,0.9850696931298552,5,"7,99",7.99,0.8273441195487976,,,,,,,1,"7,99",7.99,price_tag_crops\tag_0008_price_7_99.jpg,,MR$7.99,19,__Unknown__,0.5428299903869629,True,True,193.25695330310887,19,__Unknown__,193.25695330310887,7,0.10196078431372549,0.5351351351351351,0.155474297827239,False,0,19,__Unknown__,0.5428299903869629,True,True,False,,,,,,,193.25695330310887,-26.0,191.5,788.5,3338.5,762.5,3530.0,aligned_unknown
IMG_7368.HEIC,9,0.9585793018341064,1243,3511,1394,3572,regular,False,image_single_palette,single_image_palette_no_reliable_contrast,,,white,0.7647058823529411,image_single_palette,white,0.0,0.934748427672956,27.0,90.0,0.40397350993377484,9211,0.6361187845303867,1.014930306870145,5,"67,99",67.99,0.867750883102417,,,,,,,1,"67,99",67.99,price_tag_crops\tag_0009_price_67_99.jpg,,R67 99,37,__Unknown__,0.6599790453910828,True,True,162.16118524480513,37,__Unknown__,162.16118524480513,7,0.1220159151193634,0.12701612903225806,0.1347175280225892,False,0,37,__Unknown__,0.6599790453910828,True,True,False,,,,,,,162.16118524480513,46.0,155.5,1272.5,3386.0,1318.5,3541.5,aligned_unknown
IMG_7368.HEIC,10,0.957812488079071,242,1874,451,1956,regular,False,image_single_palette,single_image_palette_no_reliable_contrast,,,white,0.7647058823529411,image_single_palette,white,0.0,0.8632932625104837,39.0,112.0,0.3923444976076555,17138,1.1835635359116021,0.9693438914027149,1,"7,99",7.99,0.9790278077125549,,,,,,,1,"7,99",7.99,price_tag_crops\tag_0010_price_7_99.jpg,,R$7.99,5,__Unknown__,0.6503284871578217,True,True,459.67651669407695,0,Mabel__Mabel Cream Cracker,948.3281341392335,1,,,,True,0,,,,,,,,,,,,,,,,,,346.5,1915.0,no_available_product_for_one_to_one
IMG_7368.HEIC,11,0.9559391736984253,27,3122,187,3184,regular,False,image_single_palette,single_image_palette_no_reliable_contrast,,,white,0.7647058823529411,image_single_palette,white,0.0,0.9191602316602316,30.0,97.0,0.3875,9920,0.6850828729281768,1.09347442680776,4,"12,99",12.99,0.8169450759887695,,,,,,,1,"12,99",12.99,price_tag_crops\tag_0011_price_12_99.jpg,,8LR12.99,44,__Unknown__,0.5685127973556519,True,True,631.1230070279486,44,__Unknown__,631.1230070279486,5,,,,True,0,,,,,,,,,,,,,,,,,,107.0,3153.0,no_available_product_for_one_to_one
IMG_7368.HEIC,12,0.9513307213783264,449,1324,672,1419,promo,True,red_vs_image_white,red_vs_image_white,,,white,0.7647058823529411,image_single_palette,red,0.9982006297795771,0.001799370220422852,28.0,146.0,0.4260089686098655,21185,1.4630524861878453,0.9875996457041629,0,"9,90",9.9,0.9950966238975525,,,,,,,1,"9,90",9.90,price_tag_crops\tag_0012_price_9_90.jpg,,R$9.90,26,__Unknown__,0.5162961840629577,True,True,260.84717748137507,26,__Unknown__,260.84717748137507,0,0.49423076923076925,0.1504297994269341,0.5092737491734627,False,0,26,__Unknown__,0.5162961840629577,True,True,False,,,,,,,260.84717748137507,-128.5,227.0,689.0,1144.5,560.5,1371.5,aligned_unknown
IMG_7368.HEIC,13,0.9375619888305664,1170,3215,1332,3271,regular,False,image_single_palette,single_image_palette_no_reliable_contrast,,,white,0.7647058823529411,image_single_palette,white,0.0,0.8844194153928667,40.0,106.0,0.345679012345679,9072,0.6265193370165746,1.0,4,"8,99",8.99,0.9600730538368225,,,,,,,1,"8,99",8.99,price_tag_crops\tag_0013_price_8_99.jpg,,R$8.99,40,__Unknown__,0.6014747858047486,True,True,339.7793401606401,,,,6,,,,,,,,,,,,,,,,,,,,,,,1251.0,3243.0,no_product_in_shelf_row
IMG_7368.HEIC,14,0.9353308081626892,0,2351,85,2426,regular,False,image_single_palette,single_image_palette_no_reliable_contrast,,,white,0.7647058823529411,image_single_palette,white,0.0,0.8962962962962963,39.0,119.0,0.8823529411764706,6375,0.4402624309392265,0.6059022002566175,2,,,,,,,,,,0,,,price_tag_crops\tag_0014_price_not_found.jpg,price_not_found,99,17,RANCHEIRO__RANCHEIRO CREAM CRACKER RANCHEIRO,0.8757093548774719,False,False,325.2698879392312,17,RANCHEIRO__RANCHEIRO CREAM CRACKER RANCHEIRO,325.2698879392312,2,,,,True,0,,,,,,,,,,,,,,,,,,42.5,2388.5,no_available_product_for_one_to_one
IMG_7368.HEIC,15,0.9313476085662842,521,3210,675,3253,regular,False,image_single_palette,single_image_palette_no_reliable_contrast,,,white,0.7647058823529411,image_single_palette,white,0.0,0.9406901509705248,34.0,103.0,0.2792207792207792,6622,0.4573204419889503,0.7299382716049383,4,"6,99",6.99,0.7139421105384827,,,,,,,1,"6,99",6.99,price_tag_crops\tag_0015_price_6_99.jpg,,PRS6.99,44,__Unknown__,0.5685127973556519,True,True,321.6341088877235,,,,6,,,,,,,,,,,,,,,,,,,,,,,598.0,3231.5,no_product_in_shelf_row
IMG_7368.HEIC,16,0.649626612663269,0,2790,75,2875,promo,True,red_vs_image_white,red_vs_image_white,,,white,0.7647058823529411,image_single_palette,red,1.0,0.0,23.0,157.0,1.1333333333333333,6375,0.4402624309392265,0.45490224061652634,3,,,,,,,,,,0,,,price_tag_crops\tag_0016_price_not_found.jpg,price_not_found,99,16,__Unknown__,0.7049849629402161,True,True,512.8160001404012,16,__Unknown__,512.8160001404012,4,,,,True,0,,,,,,,,,,,,,,,,,,37.5,2832.5,no_available_product_for_one_to_one
IMG_7371.HEIC,0,0.9734053611755371,245,1008,451,1095,regular,False,image_single_palette,single_image_palette_no_reliable_contrast,,,yellow,0.625,image_single_palette,yellow,0.0,0.9705570291777188,71.0,163.0,0.4223300970873786,17922,1.7341074020319303,1.692191483334907,0,"0,27",0.27,0.7184605598449707,"9,99",9.99,0.9922564625740051,,,,2,"0,27 / 9,99",0.27 / 9.99,price_tag_crops\tag_0000_price_0_27__9_99.jpg,,  | 9.99 | 0027 | UN | BU,78,__Unknown__,0.5481845736503601,True,True,257.0821853026771,78,__Unknown__,257.0821853026771,0,0.4745222929936306,0.19370860927152317,0.4938931539207829,False,1,78,__Unknown__,0.5481845736503601,True,True,False,,,,,,,257.0821853026771,-149.0,209.5,497.0,842.0,348.0,1051.5,aligned_unknown
IMG_7371.HEIC,1,0.9724982976913452,2034,1961,2217,2036,regular,False,image_single_palette,single_image_palette_no_reliable_contrast,,,yellow,0.625,image_single_palette,yellow,0.0,0.9390625,55.0,135.0,0.4098360655737705,13725,1.328011611030479,1.1883116883116882,3,"3,99",3.99,0.9972047805786133,,,,,,,1,"3,99",3.99,price_tag_crops\tag_0001_price_3_99.jpg,,3.99 | 30138 | LRV | 摄！,88,__Unknown__,0.5443820953369141,True,True,194.03156959629018,88,__Unknown__,194.03156959629018,2,0.01912568306010929,0.1759581881533101,0.0367215018754403,False,0,88,__Unknown__,0.5443820953369141,True,True,False,,,,,,,194.03156959629018,3.5,194.0,2122.0,1804.5,2125.5,1998.5,aligned_unknown
IMG_7371.HEIC,2,0.9704614877700806,197,3046,364,3111,regular,False,image_single_palette,single_image_palette_no_reliable_contrast,,,yellow,0.625,image_single_palette,white,0.0,0.7953138815207781,43.0,144.0,0.38922155688622756,10855,1.050314465408805,1.4829234972677596,6,"4,99",4.99,0.9731299877166748,,,,,,,1,"4,99",4.99,price_tag_crops\tag_0002_price_4_99.jpg,,4.99,56,__Unknown__,0.5705862939357758,True,True,158.5638672585908,56,__Unknown__,158.5638672585908,6,0.014150943396226415,0.16596638655462184,0.0307475820516886,False,0,56,__Unknown__,0.5705862939357758,True,True,False,,,,,,,158.5638672585908,-4.5,158.5,285.0,2920.0,280.5,3078.5,aligned_unknown
IMG_7371.HEIC,3,0.9701274037361145,1264,2365,1403,2433,regular,False,image_single_palette,single_image_palette_no_reliable_contrast,,,yellow,0.625,image_single_palette,yellow,0.0,0.9347934295669488,72.0,167.0,0.4892086330935252,9452,0.9145621673923561,1.0,4,"6,99",6.99,0.9971392154693604,,,,,,,1,"6,99",6.99,price_tag_crops\tag_0003_price_6_99.jpg,,6.99 | uss | ,8,__Unknown__,0.5992376804351807,True,True,207.29809454020557,8,__Unknown__,207.29809454020557,3,0.2841726618705036,0.1148036253776435,0.29565302440826796,False,0,8,__Unknown__,0.5992376804351807,True,True,False,,,,,,,207.29809454020557,-39.5,203.5,1373.0,2195.5,1333.5,2399.0,aligned_unknown
IMG_7371.HEIC,4,0.9699037075042725,794,3049,959,3112,regular,False,image_single_palette,single_image_palette_no_reliable_contrast,,,yellow,0.625,image_single_palette,white,0.0,0.0,38.0,120.0,0.38181818181818183,10395,1.0058055152394776,1.4200819672131149,6,"3,99",3.99,0.8567876815795898,,,,,,,1,"3,99",3.99,price_tag_crops\tag_0004_price_3_99.jpg,,3. | 99 | n,61,__Unknown__,0.5332684516906738,True,True,82.27545198903498,61,__Unknown__,82.27545198903498,6,0.061371841155234655,0.6180555555555556,0.12317739671079021,False,0,61,__Unknown__,0.5332684516906738,True,True,False,,,,,,,82.27545198903498,-17.0,80.5,893.5,3000.0,876.5,3080.5,aligned_unknown
IMG_7371.HEIC,5,0.9694347381591797,1432,3333,1591,3398,regular,False,image_single_palette,single_image_palette_no_reliable_contrast,,,yellow,0.625,image_single_palette,white,0.0,0.023809523809523808,49.0,145.0,0.4088050314465409,10335,1.0,1.017224409448819,7,"4,49",4.49,0.9844716787338257,,,,,,,1,"4,49",4.49,price_tag_crops\tag_0005_price_4_49.jpg,,4.49,57,__Unknown__,0.4162178039550781,True,True,154.67142593252316,57,__Unknown__,154.67142593252316,8,0.06810035842293907,0.2240566037735849,0.09050601880029757,False,0,57,__Unknown__,0.4162178039550781,True,True,False,,,,,,,154.67142593252316,19.0,153.5,1492.5,3212.0,1511.5,3365.5,aligned_unknown
IMG_7371.HEIC,6,0.9690974354743958,1790,1517,1978,1597,regular,False,image_single_palette,single_image_palette_no_reliable_contrast,,,yellow,0.625,image_single_palette,yellow,0.0,0.9611959287531806,67.0,148.0,0.425531914893617,15040,1.4552491533623608,1.0,2,"2,24",2.24,0.6298479437828064,"6,99",6.99,0.9982346296310425,,,,2,"2,24 / 6,99",2.24 / 6.99,price_tag_crops\tag_0006_price_2_24__6_99.jpg,,"  | 6,99 | 224 | UN | 道",7,__Unknown__,0.661897349357605,True,True,229.73245308401684,7,__Unknown__,229.73245308401684,1,0.20238095238095238,0.16666666666666666,0.21904761904761905,False,0,7,__Unknown__,0.661897349357605,True,True,False,,,,,,,229.73245308401684,-51.0,224.0,1935.0,1333.0,1884.0,1557.0,aligned_unknown
IMG_7371.HEIC,7,0.9690733551979065,1658,1961,1842,2033,regular,False,image_single_palette,single_image_palette_no_reliable_contrast,,,yellow,0.625,image_single_palette,yellow,0.0,0.2677122769064359,55.0,131.0,0.391304347826087,13248,1.2818577648766327,1.147012987012987,3,"3,99",3.99,0.9938435554504395,,,,,,,1,"3,99",3.99,price_tag_crops\tag_0007_price_3_99.jpg,,14042 | 3.99 | 007367 | UN | OL,27,__Unknown__,0.5333818793296814,True,True,196.03698630615602,27,__Unknown__,196.03698630615602,2,0.1331521739130435,0.17301038062283736,0.1504532119753272,False,0,27,__Unknown__,0.5333818793296814,True,True,False,,,,,,,196.03698630615602,-24.5,194.5,1774.5,1802.5,1750.0,1997.0,aligned_unknown
IMG_7371.HEIC,8,0.9689351320266724,230,1492,426,1575,regular,False,image_single_palette,single_image_palette_no_reliable_contrast,,,yellow,0.625,image_single_palette,yellow,0.0,0.9843795620437956,69.0,154.0,0.42346938775510207,16268,1.5740686985970005,1.0816489361702128,2,"5,49",5.49,0.9777499437332153,,,,,,,1,"5,49",5.49,price_tag_crops\tag_0008_price_5_49.jpg,, | 5.49 | UN | 80412 | ,3,Mabel__Mabel Cream Cracker,0.8667712926864624,False,False,216.50057736643566,3,Mabel__Mabel Cream Cracker,216.50057736643566,1,0.0022624434389140274,0.16411042944785276,0.0186734863836993,False,0,3,Mabel__Mabel Cream Cracker,0.8667712926864624,False,False,False,,,,,,,216.50057736643566,0.5,216.5,327.5,1317.0,328.0,1533.5,aligned_known
IMG_7371.HEIC,9,0.9683236479759216,1148,3336,1305,3399,regular,False,image_single_palette,single_image_palette_no_reliable_contrast,,,yellow,0.625,image_single_palette,white,0.0,0.06913875598086125,44.0,135.0,0.4012738853503185,9891,0.9570391872278665,0.9735236220472441,7,,,,,,,,,,0,,,price_tag_crops\tag_0009_price_not_found.jpg,price_not_found,4 | 49,76,__Unknown__,0.40328532457351685,True,True,153.73028328862208,76,__Unknown__,153.73028328862208,8,0.07744107744107744,0.22727272727272727,0.10016835016835016,False,0,76,__Unknown__,0.40328532457351685,True,True,False,,,,,,,153.73028328862208,23.0,152.0,1203.5,3215.5,1226.5,3367.5,aligned_unknown
IMG_7371.HEIC,10,0.9679219722747803,1974,2731,2139,2800,regular,False,image_single_palette,single_image_palette_no_reliable_contrast,,,yellow,0.625,image_single_palette,yellow,0.0,0.9661330049261084,73.0,169.0,0.41818181818181815,11385,1.1015965166908563,1.0069874402971872,5,"1,59",1.59,0.999191164970398,,,,,,,1,"1,59",1.59,price_tag_crops\tag_0010_price_1_59.jpg,,"1,59 | 9003",86,__Unknown__,0.4547308683395386,True,True,119.32413837945782,86,__Unknown__,119.32413837945782,4,0.23031496062992127,0.359504132231405,0.26626537385306176,False,0,86,__Unknown__,0.4547308683395386,True,True,False,,,,,,,119.32413837945782,58.5,104.0,1998.0,2661.5,2056.5,2765.5,aligned_unknown
IMG_7371.HEIC,11,0.9677895307540894,846,3672,997,3733,regular,False,image_single_palette,single_image_palette_no_reliable_contrast,,,yellow,0.625,image_single_palette,white,0.0,0.0,35.0,120.0,0.40397350993377484,9211,0.8912433478471214,1.0338983050847457,8,,,,,,,,,,0,,,price_tag_crops\tag_0011_price_not_found.jpg,price_not_found,,65,__Unknown__,0.6340544581413269,True,True,131.47243057006287,65,__Unknown__,131.47243057006287,10,0.1027190332326284,0.26047904191616766,0.12876693742424516,False,0,65,__Unknown__,0.6340544581413269,True,True,False,,,,,,,131.47243057006287,34.0,127.0,887.5,3575.5,921.5,3702.5,aligned_unknown
IMG_7371.HEIC,12,0.9675437211990356,1179,2732,1347,2799,regular,False,image_single_palette,single_image_palette_no_reliable_contrast,,,yellow,0.625,image_single_palette,yellow,0.0,0.95491452991453,74.0,172.0,0.39880952380952384,11256,1.0891146589259797,0.9955775694321599,5,"7,99",7.99,0.8991057872772217,,,,,,,1,"7,99",7.99,price_tag_crops\tag_0012_price_7_99.jpg,,"7,99 | UN | 1647",107,__Unknown__,0.46417683362960815,True,True,87.13208364316786,107,__Unknown__,87.13208364316786,4,0.1597222222222222,0.6384615384615384,0.22356837606837604,False,0,107,__Unknown__,0.46417683362960815,True,True,False,,,,,,,87.13208364316786,46.0,74.0,1217.0,2691.5,1263.0,2765.5,aligned_unknown
IMG_7371.HEIC,13,0.9670851826667786,209,3339,371,3404,regular,False,image_single_palette,single_image_palette_no_reliable_contrast,,,yellow,0.625,image_single_palette,white,0.0,0.05037440435670524,38.0,127.0,0.4012345679012346,10530,1.0188679245283019,1.0364173228346456,7,,,,,,,,,,0,,,price_tag_crops\tag_0013_price_not_found.jpg,price_not_found,,32,__Unknown__,0.4326661229133606,True,True,154.6302040353048,32,__Unknown__,154.6302040353048,8,0.13210702341137123,0.2119047619047619,0.1532974996018474,False,0,32,__Unknown__,0.4326661229133606,True,True,False,,,,,,,154.6302040353048,-39.5,149.5,329.5,3222.0,290.0,3371.5,aligned_unknown
IMG_7371.HEIC,14,0.9665172100067139,1789,3658,1939,3721,regular,False,image_single_palette,single_image_palette_no_reliable_contrast,,,yellow,0.625,image_single_palette,white,0.0,0.0,29.0,103.0,0.42,9450,0.9143686502177069,1.0607251094398922,8,,,,,,,,,,0,,,price_tag_crops\tag_0014_price_not_found.jpg,price_not_found,20,77,__Unknown__,0.44891978800296783,True,True,143.94617049439003,77,__Unknown__,143.94617049439003,10,0.0880893300248139,0.2190721649484536,0.10999654651965926,False,0,77,__Unknown__,0.44891978800296783,True,True,False,,,,,,,143.94617049439003,35.5,139.5,1828.5,3550.0,1864.0,3689.5,aligned_unknown
IMG_7371.HEIC,15,0.966103732585907,434,3675,588,3737,regular,False,image_single_palette,single_image_palette_no_reliable_contrast,,,yellow,0.625,image_single_palette,white,0.0,0.4872442535993938,35.0,124.0,0.4025974025974026,9548,0.9238509917755201,1.0717252216859356,8,,,,,,,,,,0,,,price_tag_crops\tag_0015_price_not_found.jpg,price_not_found,,71,RANCHEIRO__RANCHEIRO COOKIES RANCHEIRO,0.8006553053855896,False,False,156.83271342420878,71,RANCHEIRO__RANCHEIRO COOKIES RANCHEIRO,156.83271342420878,10,0.21906354515050167,0.23076923076923078,0.24214046822742474,False,0,71,RANCHEIRO__RANCHEIRO COOKIES RANCHEIRO,0.8006553053855896,False,False,False,,,,,,,156.83271342420878,-65.5,142.5,576.5,3563.5,511.0,3706.0,aligned_known
IMG_7371.HEIC,16,0.9660961627960205,1380,3048,1500,3107,regular,False,image_single_palette,single_image_palette_no_reliable_contrast,,,yellow,0.625,image_single_palette,white,0.0,0.0,37.0,115.0,0.49166666666666664,7080,0.6850507982583455,0.9672131147540983,6,"2,49",2.49,0.984222412109375,,,,,,,1,"2,49",2.49,price_tag_crops\tag_0016_price_2_49.jpg,,2.49,83,__Unknown__,0.5051296055316925,True,True,159.01965287347346,83,__Unknown__,159.01965287347346,6,0.009652509652509652,0.21300448430493274,0.030952958083002927,False,0,83,__Unknown__,0.5051296055316925,True,True,False,,,,,,,159.01965287347346,2.5,159.0,1437.5,2918.5,1440.0,3077.5,aligned_unknown
IMG_7371.HEIC,17,0.966092050075531,849,3338,1009,3401,regular,False,image_single_palette,single_image_palette_no_reliable_contrast,,,yellow,0.625,image_single_palette,white,0.0,0.006578947368421052,42.0,133.0,0.39375,10080,0.9753265602322206,0.9921259842519685,7,"4,49",4.49,0.9929975271224976,,,,,,,1,"4,49",4.49,price_tag_crops\tag_0017_price_4_49.jpg,,4.49,59,__Unknown__,0.4290863871574402,True,True,132.19114947680876,59,__Unknown__,132.19114947680876,8,0.048736462093862815,0.2921686746987952,0.07795332956374233,False,0,59,__Unknown__,0.4290863871574402,True,True,False,,,,,,,132.19114947680876,13.5,131.5,915.5,3238.0,929.0,3369.5,aligned_unknown
IMG_7371.HEIC,18,0.9660151600837708,0,1492,184,1572,regular,False,image_single_palette,single_image_palette_no_reliable_contrast,,,yellow,0.625,image_single_palette,yellow,0.0,0.9657622739018088,70.0,159.0,0.43478260869565216,14720,1.424286405418481,0.9787234042553191,2,"4,99",4.99,0.8882551789283752,,,,,,,1,"4,99",4.99,price_tag_crops\tag_0018_price_4_99.jpg,,"4,99 | UN",4,__Unknown__,0.5744642019271851,True,True,216.02314690791817,4,__Unknown__,216.02314690791817,1,0.09292035398230089,0.15548780487804878,0.10846913447010577,False,0,4,__Unknown__,0.5744642019271851,True,True,False,,,,,,,216.02314690791817,-21.0,215.0,113.0,1317.0,92.0,1532.0,aligned_unknown
IMG_7371.HEIC,19,0.9657085537910461,1143,3047,1305,3108,regular,False,image_single_palette,single_image_palette_no_reliable_contrast,,,yellow,0.625,image_single_palette,white,0.0,0.0,42.0,122.0,0.3765432098765432,9882,0.9561683599419448,1.35,6,"3,99",3.99,0.9884166121482849,,,,,,,1,"3,99",3.99,price_tag_crops\tag_0019_price_3_99.jpg,,3.99,89,__Unknown__,0.44823867082595825,True,True,97.21368216460068,89,__Unknown__,97.21368216460068,6,0.20260223048327136,0.532051282051282,0.25580735868839954,False,0,89,__Unknown__,0.44823867082595825,True,True,False,,,,,,,97.21368216460068,54.5,80.5,1169.5,2997.0,1224.0,3077.5,aligned_unknown
IMG_7371.HEIC,20,0.9653276801109314,1855,3042,1977,3102,regular,False,image_single_palette,single_image_palette_no_reliable_contrast,,,yellow,0.625,image_single_palette,white,0.0,0.0,35.0,111.0,0.4918032786885246,7320,0.7082728592162555,1.0,6,"2,49",2.49,0.9844924211502075,,,,,,,1,"2,49",2.49,price_tag_crops\tag_0020_price_2_49.jpg,,2.49,62,__Unknown__,0.46755251288414,True,True,163.17628504166896,62,__Unknown__,163.17628504166896,6,0.1937269372693727,0.1630901287553648,0.2100359501449092,False,0,62,__Unknown__,0.46755251288414,True,True,False,,,,,,,163.17628504166896,-52.5,154.5,1968.5,2917.5,1916.0,3072.0,aligned_unknown
IMG_7371.HEIC,21,0.9653182625770569,1614,3048,1736,3108,regular,False,image_single_palette,single_image_palette_no_reliable_contrast,,,yellow,0.625,image_single_palette,yellow,0.0,0.6549019607843137,47.0,138.0,0.4918032786885246,7320,0.7082728592162555,1.0,6,"2,49",2.49,0.8919267654418945,,,,,,,1,"2,49",2.49,price_tag_crops\tag_0021_price_2_49.jpg,,2.49,73,__Unknown__,0.45790865023930866,True,True,162.85346173784578,73,__Unknown__,162.85346173784578,6,0.09176029962546817,0.2,0.11176029962546817,False,0,73,__Unknown__,0.45790865023930866,True,True,False,,,,,,,162.85346173784578,-24.5,161.0,1699.5,2917.0,1675.0,3078.0,aligned_unknown
IMG_7371.HEIC,22,0.9649556279182434,534,3337,694,3401,regular,False,image_single_palette,single_image_palette_no_reliable_contrast,,,yellow,0.625,image_single_palette,white,0.0,0.031135531135531136,42.0,134.0,0.4,10240,0.9908079342041606,1.0078740157480315,7,"4,49",4.49,0.9839533567428589,,,,,,,1,"4,49",4.49,price_tag_crops\tag_0022_price_4_49.jpg,,4.49,51,__Unknown__,0.46725324789683026,True,True,151.8453160291749,51,__Unknown__,151.8453160291749,8,0.0547945205479452,0.21226415094339623,0.07602093564228482,False,0,51,__Unknown__,0.46725324789683026,True,True,False,,,,,,,151.8453160291749,-16.0,151.0,630.0,3218.0,614.0,3369.0,aligned_unknown
IMG_7371.HEIC,23,0.9644777774810791,1155,1512,1342,1590,regular,False,image_single_palette,single_image_palette_no_reliable_contrast,,,yellow,0.625,image_single_palette,white,0.0,0.12144026186579378,50.0,114.0,0.41711229946524064,14586,1.411320754716981,0.9698138297872341,2,"6,99",6.99,0.9892249703407288,,,,,,,1,"6,99",6.99,price_tag_crops\tag_0023_price_6_99.jpg,, J   S | 6.99 | 235246 | UN | 国路,85,__Unknown__,0.5958668112754821,True,True,237.42630435568844,85,__Unknown__,237.42630435568844,1,0.1634980988593156,0.14681440443213298,0.1781795393025289,False,0,85,__Unknown__,0.5958668112754821,True,True,False,,,,,,,237.42630435568844,-43.0,233.5,1291.5,1317.5,1248.5,1551.0,aligned_unknown
IMG_7371.HEIC,24,0.9637768864631653,1705,2732,1872,2800,regular,False,image_single_palette,single_image_palette_no_reliable_contrast,,,yellow,0.625,image_single_palette,yellow,0.0,0.9636248948696383,73.0,172.0,0.40718562874251496,11356,1.0987905176584423,1.00442243056784,5,"8,41",8.41,0.5372011065483093,"1,59",1.59,0.9871444702148438,,,,2,"8,41 / 1,59",8.41 / 1.59,price_tag_crops\tag_0024_price_8_41__1_59.jpg,,1.59 | NEEC | uN | 841,90,__Unknown__,0.4997512400150299,True,True,146.9021783364699,90,__Unknown__,146.9021783364699,4,0.178,1.6875,0.34675,False,0,90,__Unknown__,0.4997512400150299,True,True,False,,,,,,,146.9021783364699,44.5,140.0,1744.0,2626.0,1788.5,2766.0,aligned_unknown
IMG_7371.HEIC,25,0.9598569869995117,2149,1042,2268,1131,regular,False,image_single_palette,single_image_palette_no_reliable_contrast,,,yellow,0.625,image_single_palette,yellow,0.0,0.9865520282186949,62.0,153.0,0.7478991596638656,10591,1.024770198355104,1.0,0,"29,07",29.07,0.5858889818191528,,,,,,,1,"29,07",29.07,price_tag_crops\tag_0025_price_29_07.jpg,,5.5 | 2907 | 9,43,__Unknown__,0.6112006425857544,True,True,257.9345847303149,43,__Unknown__,257.9345847303149,0,0.33992805755395683,0.1876790830945559,0.3586959658634124,False,0,43,__Unknown__,0.6112006425857544,True,True,False,,,,,,,257.9345847303149,94.5,240.0,2114.0,846.5,2208.5,1086.5,aligned_unknown
IMG_7371.HEIC,26,0.9578632116317749,135,1948,274,2017,regular,False,image_single_palette,single_image_palette_no_reliable_contrast,,,yellow,0.625,image_single_palette,yellow,0.0,0.9152089407191448,58.0,167.0,0.49640287769784175,9591,0.9280116110304789,0.8303896103896103,3,"5,99",5.99,0.9966837167739868,,,,,,,1,"5,99",5.99,price_tag_crops\tag_0026_price_5_99.jpg,,5.99 | 192263,58,__Unknown__,0.4344984292984009,True,True,207.22511913375752,58,__Unknown__,207.22511913375752,2,0.1618705035971223,0.17100977198697068,0.17897148079581937,False,0,58,__Unknown__,0.4344984292984009,True,True,False,,,,,,,207.22511913375752,22.5,206.0,182.0,1776.5,204.5,1982.5,aligned_unknown
IMG_7371.HEIC,27,0.9570057392120361,437,2358,614,2426,regular,False,image_single_palette,single_image_palette_no_reliable_contrast,,,yellow,0.625,image_single_palette,yellow,0.0,0.9376475216365067,62.0,173.0,0.384180790960452,12036,1.1645863570391872,1.2733812949640289,4,"2,99",2.99,0.9993909597396851,,,,,,,1,"2,99",2.99,price_tag_crops\tag_0027_price_2_99.jpg,,2.99 | 154 | 汇,23,__Unknown__,0.6246343851089478,True,True,191.6155004168504,23,__Unknown__,191.6155004168504,3,0.2231638418079096,0.12292358803986711,0.23545620061189632,False,0,23,__Unknown__,0.6246343851089478,True,True,False,,,,,,,191.6155004168504,39.5,187.5,486.0,2204.5,525.5,2392.0,aligned_unknown
IMG_7371.HEIC,28,0.9564254879951477,1113,3670,1264,3729,regular,False,image_single_palette,single_image_palette_no_reliable_contrast,,,yellow,0.625,image_single_palette,white,0.0,0.26834381551362685,34.0,117.0,0.39072847682119205,8909,0.8620222544750846,1.0,8,,,,,,,,,,0,,,price_tag_crops\tag_0028_price_not_found.jpg,price_not_found,,94,__Unknown__,0.471682645380497,True,True,173.80736463107655,94,__Unknown__,173.80736463107655,10,0.08038585209003216,0.21369294605809128,0.10175514669584129,False,0,94,__Unknown__,0.471682645380497,True,True,False,,,,,,,173.80736463107655,-25.0,172.0,1213.5,3527.5,1188.5,3699.5,aligned_unknown
IMG_7371.HEIC,29,0.9544439911842346,532,2735,698,2802,regular,False,image_single_palette,single_image_palette_no_reliable_contrast,,,yellow,0.625,image_single_palette,yellow,0.0,0.947008547008547,69.0,174.0,0.4036144578313253,11122,1.07614900822448,0.9837254555103485,5,"3,49",3.49,0.9906447529792786,,,,,,,1,"3,49",3.49,price_tag_crops\tag_0029_price_3_49.jpg,,3.49 | UN | 182255 | UU,109,__Unknown__,0.6257665356000265,True,True,114.93585167387937,109,__Unknown__,114.93585167387937,4,0.032679738562091505,0.38076923076923075,0.07075666163901459,False,0,109,__Unknown__,0.6257665356000265,True,True,False,,,,,,,114.93585167387937,10.0,114.5,605.0,2654.0,615.0,2768.5,aligned_unknown
IMG_7371.HEIC,30,0.9538036584854126,697,2733,861,2801,regular,False,image_single_palette,single_image_palette_no_reliable_contrast,,,yellow,0.625,image_single_palette,yellow,0.0,0.9518557794273594,72.0,179.0,0.4146341463414634,11152,1.0790517658442187,0.9863789138510526,5,"3,49",3.49,0.8793781399726868,,,,,,,1,"3,49",3.49,price_tag_crops\tag_0030_price_3_49.jpg,,3.49 | UN | MX,114,__Unknown__,0.5686323761940002,True,True,199.22662974612606,114,__Unknown__,199.22662974612606,4,0.44405594405594406,2.5098039215686274,0.6950363362128068,False,1,114,__Unknown__,0.5686323761940002,True,True,False,,,,,,,199.22662974612606,-127.0,153.5,906.0,2613.5,779.0,2767.0,aligned_unknown
IMG_7371.HEIC,31,0.9522887468338013,1192,1960,1370,2030,regular,False,image_single_palette,single_image_palette_no_reliable_contrast,,,yellow,0.625,image_single_palette,yellow,0.0,0.947047619047619,72.0,169.0,0.39325842696629215,12460,1.2056119980648283,1.0787878787878789,3,"20,09",20.09,0.6364877223968506,"4,99",4.99,0.9996277093887329,,,,2,"20,09 / 4,99",20.09 / 4.99,price_tag_crops\tag_0031_price_20_09__4_99.jpg,,4.99 | 2009 | UN | 2,18,__Unknown__,0.5206062197685242,True,True,206.04914462331553,18,__Unknown__,206.04914462331553,2,0.025280898876404494,0.17320261437908496,0.04260116031431299,False,0,18,__Unknown__,0.5206062197685242,True,True,False,,,,,,,206.04914462331553,-4.5,206.0,1285.5,1789.0,1281.0,1995.0,aligned_unknown
IMG_7371.HEIC,32,0.9522496461868286,1269,3670,1418,3727,regular,False,image_single_palette,single_image_palette_no_reliable_contrast,,,yellow,0.625,image_single_palette,white,0.0,0.12528280542986425,36.0,122.0,0.3825503355704698,8493,0.8217706821480406,0.9533056459759793,8,"2,20",2.2,0.8464852571487427,,,,,,,1,"2,20",2.20,price_tag_crops\tag_0032_price_2_20.jpg,,2.20,87,__Unknown__,0.5305792888005575,True,True,209.78858405547237,87,__Unknown__,209.78858405547237,10,,,,True,2,,,,,,,,,,,,,,,,,,1343.5,3698.5,no_available_product_for_one_to_one
IMG_7371.HEIC,33,0.9501693248748779,2161,2771,2268,2841,regular,False,image_single_palette,single_image_palette_no_reliable_contrast,,,yellow,0.625,image_single_palette,yellow,0.0,0.9851994851994852,66.0,159.0,0.6542056074766355,7490,0.7247218190614417,0.6624800990624448,5,"3,99",3.99,0.9905768036842346,,,,,,,1,"3,99",3.99,price_tag_crops\tag_0033_price_3_99.jpg,,3.99,21,__Unknown__,0.46836794912815094,True,True,213.56322248926662,,,,5,,,,,,,,,,,,,,,,,,,,,,,2214.5,2806.0,no_product_in_shelf_row
IMG_7371.HEIC,34,0.9495744109153748,2046,2369,2216,2435,regular,False,image_single_palette,single_image_palette_no_reliable_contrast,,,yellow,0.625,image_single_palette,yellow,0.0,0.9530273647920706,69.0,170.0,0.38823529411764707,11220,1.0856313497822931,1.1870503597122302,4,"2,29",2.29,0.9997946619987488,,,,,,,1,"2,29",2.29,price_tag_crops\tag_0034_price_2_29.jpg,,2.29 | UN,33,__Unknown__,0.5458811044692993,True,True,192.50584406713475,33,__Unknown__,192.50584406713475,3,0.008823529411764706,0.1270358306188925,0.021527112473653957,False,0,33,__Unknown__,0.5458811044692993,True,True,False,,,,,,,192.50584406713475,-1.5,192.5,2132.5,2209.5,2131.0,2402.0,aligned_unknown
IMG_7371.HEIC,35,0.946757972240448,0,994,60,1082,regular,False,image_single_palette,single_image_palette_no_reliable_contrast,,,yellow,0.625,image_single_palette,white,0.0,0.0,51.0,121.0,1.4666666666666666,5280,0.5108853410740203,0.49853649324898497,0,,,,,,,,,,0,,,price_tag_crops\tag_0035_price_not_found.jpg,price_not_found,LN,31,__Unknown__,0.5171170234680176,True,True,306.1249744793783,31,__Unknown__,306.1249744793783,0,0.42,0.1513647642679901,0.435136476426799,False,0,31,__Unknown__,0.5171170234680176,True,True,False,,,,,,,306.1249744793783,-157.5,262.5,187.5,775.5,30.0,1038.0,aligned_unknown
IMG_7371.HEIC,36,0.9437653422355652,185,2730,357,2800,regular,False,image_single_palette,single_image_palette_no_reliable_contrast,,,yellow,0.625,image_single_palette,yellow,0.0,0.9462809917355371,68.0,177.0,0.4069767441860465,12040,1.1649733913884857,1.0649212807358925,5,"3,49",3.49,0.9785410165786743,,,,,,,1,"3,49",3.49,price_tag_crops\tag_0036_price_3_49.jpg,,3.49,92,__Unknown__,0.5440609574317932,True,True,80.02812005788965,92,__Unknown__,80.02812005788965,4,0.07605177993527508,0.676923076923077,0.14374408762758278,False,0,92,__Unknown__,0.5440609574317932,True,True,False,,,,,,,80.02812005788965,-23.5,76.5,294.5,2688.5,271.0,2765.0,aligned_unknown
IMG_7371.HEIC,37,0.9419145584106445,0,1931,136,2015,regular,False,image_single_palette,single_image_palette_no_reliable_contrast,,,yellow,0.625,image_single_palette,yellow,0.0,0.5655314757481941,47.0,126.0,0.6176470588235294,11424,1.1053701015965167,0.9890909090909091,3,"5,99",5.99,0.9999408721923828,,,,,,,1,"5,99",5.99,price_tag_crops\tag_0037_price_5_99.jpg,,5.99 | 酒 | 川,47,__Unknown__,0.5028592348098755,True,True,201.3659603805966,47,__Unknown__,201.3659603805966,2,0.17279411764705882,0.128125,0.18560661764705882,True,0,52,__Unknown__,0.4589462876319885,True,True,False,,,,,,,202.36909349008806,23.5,201.0,44.5,1772.0,68.0,1973.0,aligned_unknown
IMG_7371.HEIC,38,0.9404364228248596,2200,3416,2268,3482,regular,False,image_single_palette,single_image_palette_no_reliable_contrast,,,yellow,0.625,image_single_palette,white,0.0,0.0,34.0,102.0,0.9705882352941176,4488,0.4342525399129173,0.44173228346456694,7,,,,,,,,,,0,,,price_tag_crops\tag_0038_price_not_found.jpg,price_not_found,,110,__Unknown__,0.41335228085517883,True,True,142.5850623312274,,,,9,,,,,,,,,,,,,,,,,,,,,,,2234.0,3449.0,no_product_in_shelf_row
IMG_7371.HEIC,39,0.9382982850074768,1538,3666,1662,3723,regular,False,image_single_palette,single_image_palette_no_reliable_contrast,,,yellow,0.625,image_single_palette,white,0.0,0.281947261663286,36.0,120.0,0.4596774193548387,7068,0.68388969521045,0.7933550342350432,8,,,,,,,,,,0,,,price_tag_crops\tag_0039_price_not_found.jpg,price_not_found,,87,__Unknown__,0.5305792888005575,True,True,173.0028901492689,87,__Unknown__,173.0028901492689,10,,,,True,2,,,,,,,,,,,,,,,,,,1600.0,3694.5,no_available_product_for_one_to_one
IMG_7371.HEIC,40,0.934013843536377,475,1949,635,2022,regular,False,image_single_palette,single_image_palette_no_reliable_contrast,,,yellow,0.625,image_single_palette,yellow,0.0,0.929586038961039,55.0,136.0,0.45625,11680,1.1301402999516208,1.0112554112554113,3,"3,49",3.49,0.9366932511329651,,,,,,,1,"3,49",3.49,price_tag_crops\tag_0040_price_3_49.jpg,,3.49 | UN,60,__Unknown__,0.45217775702476504,True,True,203.55343278854326,60,__Unknown__,203.55343278854326,2,0.09375,0.16557377049180327,0.11030737704918032,False,0,60,__Unknown__,0.45217775702476504,True,True,False,,,,,,,203.55343278854326,15.0,203.0,540.0,1782.5,555.0,1985.5,aligned_unknown
IMG_7371.HEIC,41,0.9330217242240906,2213,3115,2268,3179,regular,False,image_single_palette,single_image_palette_no_reliable_contrast,,,yellow,0.625,image_single_palette,white,0.0,0.0,31.0,101.0,1.1636363636363636,3520,0.3405902273826802,0.4808743169398907,6,,,,,,,,,,0,,,price_tag_crops\tag_0041_price_not_found.jpg,price_not_found,,113,__Unknown__,0.41595737636089325,True,True,184.2450813454731,,,,7,,,,,,,,,,,,,,,,,,,,,,,2240.5,3147.0,no_product_in_shelf_row
IMG_7371.HEIC,42,0.9301924705505371,1629,2367,1773,2433,regular,False,image_single_palette,single_image_palette_no_reliable_contrast,,,yellow,0.625,image_single_palette,yellow,0.0,0.9581111957349581,71.0,166.0,0.4583333333333333,9504,0.9195936139332366,1.0055014811680067,4,"152,28",152.28,0.7565484642982483,,,,,,,1,"152,28",152.28,price_tag_crops\tag_0042_price_152_28.jpg,,2.9 | 15228 | 220845 | 早期7专 | 伊迎,13,__Unknown__,0.4877973794937134,True,True,203.48771461687804,13,__Unknown__,203.48771461687804,3,0.2951388888888889,0.12578616352201258,0.30771750524109015,False,0,13,__Unknown__,0.4877973794937134,True,True,False,,,,,,,203.48771461687804,42.5,199.0,1658.5,2201.0,1701.0,2400.0,aligned_unknown
IMG_7371.HEIC,43,0.9284961223602295,337,1947,478,2017,regular,False,image_single_palette,single_image_palette_no_reliable_contrast,,,yellow,0.625,image_single_palette,yellow,0.0,0.8826530612244898,53.0,138.0,0.49645390070921985,9870,0.9550072568940493,0.8545454545454545,3,"6,45",6.45,0.7696457505226135,,,,,,,1,"6,45",6.45,price_tag_crops\tag_0043_price_6_45.jpg,,"6,45 | 044 | 团",30,__Unknown__,0.4585714638233185,True,True,201.27406688393813,30,__Unknown__,201.27406688393813,2,0.07446808510638298,0.1568627450980392,0.0901543596161869,False,0,30,__Unknown__,0.4585714638233185,True,True,False,,,,,,,201.27406688393813,10.5,201.0,397.0,1781.0,407.5,1982.0,aligned_unknown
IMG_7371.HEIC,44,0.9282141327857971,200,2361,320,2425,regular,False,image_single_palette,single_image_palette_no_reliable_contrast,,,yellow,0.625,image_single_palette,yellow,0.0,0.9056776556776557,56.0,165.0,0.5333333333333333,7680,0.7431059506531205,0.8125264494286923,4,"9,99",9.99,0.9713246822357178,,,,,,,1,"9,99",9.99,price_tag_crops\tag_0044_price_9_99.jpg,,9.99,12,__Unknown__,0.55645219484965,True,True,206.53873728673756,12,__Unknown__,206.53873728673756,3,0.03278688524590164,0.10557184750733138,0.04334406999663478,False,0,12,__Unknown__,0.55645219484965,True,True,False,,,,,,,206.53873728673756,-4.0,206.5,264.0,2186.5,260.0,2393.0,aligned_unknown
IMG_7371.HEIC,45,0.9275960326194763,1353,1066,1789,1421,promo,True,offer_keyword,red_vs_image_yellow,,OFERTA,yellow,0.625,image_single_palette,red,0.2408065881628569,0.7201416147156161,76.0,189.0,0.8142201834862385,154780,14.976294146105467,1.0,1,,,,,,,,,,0,,,price_tag_crops\tag_0045_price_not_found.jpg,price_not_found,OFERTA | FORTALEZA | CREAM CRAcK | R$,112,__Unknown__,0.5839715003967285,True,True,397.13788537484055,112,__Unknown__,397.13788537484055,0,0.051605504587155966,0.6459537572254336,0.11620088030969933,False,0,112,__Unknown__,0.5839715003967285,True,True,False,,,,,,,397.13788537484055,-22.5,396.5,1593.5,847.0,1571.0,1243.5,aligned_unknown
IMG_7371.HEIC,46,0.924180805683136,1906,2371,2053,2432,regular,False,image_single_palette,single_image_palette_no_reliable_contrast,,,yellow,0.625,image_single_palette,yellow,0.0,0.9384531590413944,72.0,170.0,0.41496598639455784,8967,0.8676342525399129,0.9486881083368599,4,"4,49",4.49,0.9499466419219971,,,,,,,1,"4,49",4.49,price_tag_crops\tag_0046_price_4_49.jpg,,"4,49 | 联",42,__Unknown__,0.49797964096069336,True,True,186.00268815261785,42,__Unknown__,186.00268815261785,3,0.005405405405405406,0.13917525773195877,0.01932293117860128,False,0,42,__Unknown__,0.49797964096069336,True,True,False,,,,,,,186.00268815261785,1.0,186.0,1978.5,2215.5,1979.5,2401.5,aligned_unknown
IMG_7371.HEIC,47,0.9183924794197083,892,1956,1057,2026,regular,False,image_single_palette,single_image_palette_no_reliable_contrast,,,yellow,0.625,image_single_palette,yellow,0.0,0.9439655172413793,71.0,165.0,0.42424242424242425,11550,1.1175616835994195,1.0,3,"4,99",4.99,0.9613451957702637,,,,,,,1,"4,99",4.99,price_tag_crops\tag_0047_price_4_99.jpg,,4.99 | UN,54,__Unknown__,0.4704427242279053,True,True,204.78769494283586,54,__Unknown__,204.78769494283586,2,0.16363636363636364,0.16776315789473684,0.18041267942583733,False,0,54,__Unknown__,0.4704427242279053,True,True,False,,,,,,,204.78769494283586,27.0,203.0,947.5,1788.0,974.5,1991.0,aligned_unknown
IMG_7371.HEIC,48,0.9128626585006714,1764,2370,1911,2434,regular,False,image_single_palette,single_image_palette_no_reliable_contrast,,,yellow,0.625,image_single_palette,yellow,0.0,0.9444444444444444,73.0,174.0,0.43537414965986393,9408,0.9103047895500725,0.9953449005501481,4,"4,49",4.49,0.8865792751312256,,,,,,,1,"4,49",4.49,price_tag_crops\tag_0048_price_4_49.jpg,,4.49 | UN,104,__Unknown__,0.5120729207992554,True,True,191.38704240360684,104,__Unknown__,191.38704240360684,3,0.1564625850340136,0.14625850340136054,0.17108843537414967,False,0,104,__Unknown__,0.5120729207992554,True,True,False,,,,,,,191.38704240360684,-23.0,190.0,1860.5,2212.0,1837.5,2402.0,aligned_unknown
IMG_7371.HEIC,49,0.9119346737861633,1419,3669,1549,3725,regular,False,image_single_palette,single_image_palette_no_reliable_contrast,,,yellow,0.625,image_single_palette,white,0.0,0.001332001332001332,37.0,122.0,0.4307692307692308,7280,0.7044025157232704,0.8171511954203614,8,,,,,,,,,,0,,,price_tag_crops\tag_0049_price_not_found.jpg,price_not_found,49,87,__Unknown__,0.5305792888005575,True,True,142.09591830872554,87,__Unknown__,142.09591830872554,10,0.04961832061068702,0.2994350282485876,0.07956182343554578,False,0,87,__Unknown__,0.5305792888005575,True,True,False,,,,,,,142.09591830872554,-13.0,141.5,1497.0,3555.5,1484.0,3697.0,aligned_unknown
IMG_7371.HEIC,50,0.898081362247467,65,2364,203,2426,regular,False,image_single_palette,single_image_palette_no_reliable_contrast,,,yellow,0.625,image_single_palette,yellow,0.0,0.9164112566174422,56.0,160.0,0.4492753623188406,8556,0.827866473149492,0.9052052475666525,4,"9,99",9.99,0.9996057152748108,,,,,,,1,"9,99",9.99,price_tag_crops\tag_0050_price_9_99.jpg,,9.99,20,__Unknown__,0.6231168707211813,True,True,210.6086417980041,20,__Unknown__,210.6086417980041,3,0.11594202898550725,0.11403508771929824,0.12734553775743707,False,0,20,__Unknown__,0.6231168707211813,True,True,False,,,,,,,210.6086417980041,-16.0,210.0,150.0,2185.0,134.0,2395.0,aligned_unknown
IMG_7371.HEIC,51,0.8645538687705994,2222,2369,2268,2434,regular,False,image_single_palette,single_image_palette_no_reliable_contrast,,,yellow,0.625,image_single_palette,yellow,0.0,1.0,68.0,155.0,1.4130434782608696,2990,0.2893081761006289,0.31633516716038934,4,,,,,,,,,,0,,,price_tag_crops\tag_0051_price_not_found.jpg,price_not_found,,33,__Unknown__,0.5458811044692993,True,True,222.53145845026046,33,__Unknown__,222.53145845026046,3,,,,True,1,,,,,,,,,,,,,,,,,,2245.0,2401.5,no_available_product_for_one_to_one
IMG_7371.HEIC,52,0.8380783796310425,1057,1958,1198,2025,regular,False,image_single_palette,single_image_palette_no_reliable_contrast,,,yellow,0.625,image_single_palette,yellow,0.0,0.9229591836734694,75.0,178.0,0.475177304964539,9447,0.9140783744557329,0.8179220779220779,3,"4,99",4.99,0.9700987339019775,,,,,,,1,"4,99",4.99,price_tag_crops\tag_0052_price_4_99.jpg,,4.99 | UN,41,__Unknown__,0.547530198097229,True,True,203.57431075653923,41,__Unknown__,203.57431075653923,2,0.03900709219858156,0.1650326797385621,0.05551036017243777,False,0,41,__Unknown__,0.547530198097229,True,True,False,,,,,,,203.57431075653923,-5.5,203.5,1133.0,1788.0,1127.5,1991.5,aligned_unknown
IMG_7371.HEIC,53,0.6801359057426453,713,2361,890,2432,regular,False,image_single_palette,single_image_palette_no_reliable_contrast,,,yellow,0.625,image_single_palette,yellow,0.0,0.9452764976958525,69.0,168.0,0.4011299435028249,12567,1.2159651669085632,1.3295598815065595,4,"6,99",6.99,0.9984824061393738,,,,,,,1,"6,99",6.99,price_tag_crops\tag_0053_price_6_99.jpg,,6.99 | 2447E2 | UN,15,__Unknown__,0.6561360955238342,True,True,212.46176126540982,15,__Unknown__,212.46176126540982,3,0.2937853107344633,0.11127596439169139,0.30491290717363245,False,0,15,__Unknown__,0.6561360955238342,True,True,False,,,,,,,212.46176126540982,52.0,206.0,749.5,2190.5,801.5,2396.5,aligned_unknown
IMG_7371.HEIC,54,0.6546749472618103,954,2359,1129,2431,regular,False,image_single_palette,single_image_palette_no_reliable_contrast,,,yellow,0.625,image_single_palette,yellow,0.0,0.950438429279451,74.0,176.0,0.4114285714285714,12600,1.2191582002902757,1.3330512060939483,4,"3,99",3.99,0.9825432896614075,,,,,,,1,"3,99",3.99,price_tag_crops\tag_0054_price_3_99.jpg,,3.99 | UN,11,__Unknown__,0.6196467876434326,True,True,207.69448716805172,11,__Unknown__,207.69448716805172,3,0.22285714285714286,0.1144578313253012,0.23430292598967298,False,0,11,__Unknown__,0.6196467876434326,True,True,False,,,,,,,207.69448716805172,-39.0,204.0,1080.5,2191.0,1041.5,2395.0,aligned_unknown
IMG_7371.HEIC,55,0.563754677772522,1479,2736,1646,2804,regular,False,image_single_palette,single_image_palette_no_reliable_contrast,,,yellow,0.625,image_single_palette,yellow,0.0,0.9629941126997477,72.0,171.0,0.40718562874251496,11356,1.0987905176584423,1.00442243056784,5,"1,59",1.59,0.9265984296798706,,,,,,,1,"1,59",1.59,price_tag_crops\tag_0055_price_1_59.jpg,,1.59 | LN | CEET,96,__Unknown__,0.475595161318779,True,True,135.52306076826926,96,__Unknown__,135.52306076826926,4,0.2810077519379845,0.34814814814814815,0.3158225667527993,False,0,96,__Unknown__,0.475595161318779,True,True,False,,,,,,,135.52306076826926,72.5,114.5,1490.0,2655.5,1562.5,2770.0,aligned_unknown
IMG_7371.HEIC,56,0.42025822401046753,971,1505,1160,1585,regular,False,image_single_palette,single_image_palette_no_reliable_contrast,,,yellow,0.625,image_single_palette,yellow,0.0,0.9725378787878788,72.0,164.0,0.42328042328042326,15120,1.462989840348331,1.0053191489361701,2,"7,99",7.99,0.9900312423706055,,,,,,,1,"7,99",7.99,price_tag_crops\tag_0056_price_7_99.jpg,,"7,99 | UN | 839382 | 通U",85,__Unknown__,0.5958668112754821,True,True,320.6746793870698,85,__Unknown__,320.6746793870698,1,,,,True,0,,,,,,,,,,,,,,,,,,1065.5,1545.0,no_available_product_for_one_to_one
IMG_7373.HEIC,0,0.9695930480957031,40,1895,232,1973,regular,False,image_single_palette,single_image_palette_no_reliable_contrast,,,white,0.5185185185185185,image_single_palette,white,0.0,0.0,49.0,116.0,0.40625,14976,1.0481522956326987,0.9719626168224299,2,"4,49",4.49,0.9776870012283325,,,,,,,1,"4,49",4.49,price_tag_crops\tag_0000_price_4_49.jpg,, | 4.49 |  | UN | 思哥,54,__Unknown__,0.5573679804801941,True,True,187.8223895066826,21,RANCHEIRO__RANCHEIRO ROSQUINHA DE CHOCOLATE RANCHEIRO,313.91439916002577,2,0.046218487394957986,0.1625441696113074,0.062472904356088724,True,0,54,__Unknown__,0.5573679804801941,True,True,False,,,,,,,187.8223895066826,11.0,187.5,125.0,1746.5,136.0,1934.0,aligned_unknown
IMG_7373.HEIC,1,0.9689132571220398,1281,930,1508,1032,regular,False,image_single_palette,single_image_palette_no_reliable_contrast,,,white,0.5185185185185185,image_single_palette,yellow,0.0,0.7147748495538494,61.0,146.0,0.44933920704845814,23154,1.6205207166853304,0.9738801261829653,0,"13,99",13.99,0.9996564984321594,,,,,,,1,"13,99",13.99,price_tag_crops\tag_0001_price_13_99.jpg,,"13,99 | UN | 045643",7,RANCHEIRO__RANCHEIRO ROSQUINHA RECHEADA DE CHOCOLATE RANCHEIRO,0.7371292829513549,False,False,406.85439655975205,7,RANCHEIRO__RANCHEIRO ROSQUINHA RECHEADA DE CHOCOLATE RANCHEIRO,406.85439655975205,0,0.41593886462882096,0.09618573797678276,0.42555743842649923,False,0,7,RANCHEIRO__RANCHEIRO ROSQUINHA RECHEADA DE CHOCOLATE RANCHEIRO,0.7371292829513549,False,False,False,,,,,,,406.85439655975205,190.5,359.5,1204.0,621.5,1394.5,981.0,aligned_known
IMG_7373.HEIC,2,0.9688818454742432,2023,2835,2218,2912,regular,False,image_single_palette,single_image_palette_no_reliable_contrast,,,white,0.5185185185185185,image_single_palette,white,0.0,0.04060102301790281,58.0,166.0,0.39487179487179486,15015,1.0508818589025757,1.0,6,"3,49",3.49,0.9973684549331665,,,,,,,1,"3,49",3.49,price_tag_crops\tag_0002_price_3_49.jpg,,3.49,43,__Unknown__,0.5980936765670777,True,True,204.88289338058462,57,__Unknown__,458.1899169558405,7,,,,True,0,,,,,,,,,,,,,,,,,,2120.5,2873.5,no_available_product_for_one_to_one
IMG_7373.HEIC,3,0.9683421850204468,667,1498,872,1586,regular,False,image_single_palette,single_image_palette_no_reliable_contrast,,,white,0.5185185185185185,image_single_palette,yellow,0.0,0.9468029350104822,67.0,152.0,0.4292682926829268,18040,1.2625979843225084,0.9688246824736177,1,"6,99",6.99,0.9860377311706543,,,,,,,1,"6,99",6.99,price_tag_crops\tag_0003_price_6_99.jpg,,W  | 6.99 | UN | 045003 | 加0,19,__Unknown__,0.6008553504943848,True,True,201.22437725086888,0,Mabel__Mabel Rosquinha Mabel Sabor Leite,443.30717341365005,1,0.10610932475884244,0.2271062271062271,0.12881994746946515,True,0,19,__Unknown__,0.6008553504943848,True,True,False,,,,,,,201.22437725086888,-33.0,198.5,802.5,1343.5,769.5,1542.0,aligned_unknown
IMG_7373.HEIC,4,0.9681366682052612,362,2249,550,2325,regular,False,image_single_palette,single_image_palette_no_reliable_contrast,,,white,0.5185185185185185,image_single_palette,white,0.0,0.0033927056827820186,50.0,122.0,0.40425531914893614,14288,1.0,0.988173455978975,3,"11,99",11.99,0.9722137451171875,,,,,,,1,"11,99",11.99,price_tag_crops\tag_0004_price_11_99.jpg,,"11,99 | 812354 | UN | 佳",4,__Unknown__,0.5340266227722168,True,True,208.50239806774405,4,__Unknown__,208.50239806774405,4,0.4779735682819383,0.24015748031496062,0.5019893163134344,True,0,5,__Unknown__,0.5599768459796906,True,True,False,,,,,,,217.06277893733878,108.5,188.0,347.5,2099.0,456.0,2287.0,aligned_unknown
IMG_7373.HEIC,5,0.9680815935134888,1794,1471,2019,1564,regular,False,image_single_palette,single_image_palette_no_reliable_contrast,,,white,0.5185185185185185,image_single_palette,yellow,0.0,0.9252938517179023,65.0,156.0,0.41333333333333333,20925,1.4645156774916013,1.1237614457184286,1,"4,99",4.99,0.8896411657333374,,,,,,,1,"4,99",4.99,price_tag_crops\tag_0005_price_4_99.jpg,," | 4,99 | UN | 234555 | 过",6,Mabel__Mabel Rosquinha Mabel Sabor Chocolate,0.877275538444519,False,False,273.6991961990389,6,Mabel__Mabel Rosquinha Mabel Sabor Chocolate,273.6991961990389,1,0.3467048710601719,0.15641711229946523,0.3623465822901184,False,0,6,Mabel__Mabel Rosquinha Mabel Sabor Chocolate,0.877275538444519,False,False,False,,,,,,,273.6991961990389,121.0,245.5,1785.5,1272.0,1906.5,1517.5,aligned_known
IMG_7373.HEIC,6,0.9680404663085938,20,2248,204,2323,regular,False,image_single_palette,single_image_palette_no_reliable_contrast,,,white,0.5185185185185185,image_single_palette,white,0.0,0.0,45.0,118.0,0.4076086956521739,13800,0.9658454647256439,0.9544228508195588,3,"9,99",9.99,0.9936955571174622,,,,,,,1,"9,99",9.99,price_tag_crops\tag_0006_price_9_99.jpg,,9.99 | UN,9,__Unknown__,0.5697523355484009,True,True,182.0686683644388,9,__Unknown__,182.0686683644388,4,0.021367521367521368,0.19731800766283525,0.04109932213380489,False,0,9,__Unknown__,0.5697523355484009,True,True,False,,,,,,,182.0686683644388,-5.0,182.0,117.0,2103.5,112.0,2285.5,aligned_unknown
IMG_7373.HEIC,7,0.9676389098167419,728,2653,912,2734,regular,False,image_single_palette,single_image_palette_no_reliable_contrast,,,white,0.5185185185185185,image_single_palette,yellow,0.0,0.8943798449612403,72.0,163.0,0.44021739130434784,14904,1.0431131019036954,1.0,5,"12,54",12.54,0.6587663888931274,"9,99",9.99,0.9947271943092346,,,,2,"12,54 / 9,99",12.54 / 9.99,price_tag_crops\tag_0007_price_12_54__9_99.jpg,,N    | 9.99 | UN | 1254 | 建,34,__Unknown__,0.6308970093727112,True,True,230.9312668306308,34,__Unknown__,230.9312668306308,6,0.28040540540540543,0.2751798561151079,0.30792339101691624,False,0,34,__Unknown__,0.6308970093727112,True,True,False,,,,,,,230.9312668306308,83.0,215.5,737.0,2478.0,820.0,2693.5,aligned_unknown
IMG_7373.HEIC,8,0.967423677444458,351,3051,522,3119,regular,False,image_single_palette,single_image_palette_no_reliable_contrast,,,white,0.5185185185185185,image_single_palette,white,0.0,0.0,34.0,106.0,0.39766081871345027,11628,0.8138297872340425,0.9467513434294089,7,"9,99",9.99,0.9999070167541504,,,,,,,1,"9,99",9.99,price_tag_crops\tag_0008_price_9_99.jpg,,999,40,__Unknown__,0.7428305745124817,True,True,198.77688497408343,40,__Unknown__,198.77688497408343,8,0.08130081300813008,0.3153526970954357,0.11283608271767365,False,0,40,__Unknown__,0.7428305745124817,True,True,False,,,,,,,198.77688497408343,30.0,196.5,406.5,2888.5,436.5,3085.0,aligned_unknown
IMG_7373.HEIC,9,0.967246949672699,751,1891,949,1971,regular,False,image_single_palette,single_image_palette_no_reliable_contrast,,,white,0.5185185185185185,image_single_palette,yellow,0.0,0.9470923261390888,68.0,157.0,0.40404040404040403,15840,1.108622620380739,1.02803738317757,2,"4,49",4.49,0.8756542205810547,,,,,,,1,"4,49",4.49,price_tag_crops\tag_0009_price_4_49.jpg,,4.49 | UN | 048795 | 国,51,__Unknown__,0.6159449815750122,True,True,176.43483216190617,28,RANCHEIRO__RANCHEIRO ROSQUINHA DE CHOCOLATE RANCHEIRO,264.8744985837632,2,0.5863787375415282,0.16498316498316498,-0.1471229459601553,False,0,28,RANCHEIRO__RANCHEIRO ROSQUINHA DE CHOCOLATE RANCHEIRO,0.7598349094390869,False,False,True,neighbor_consensus,RANCHEIRO__RANCHEIRO ROSQUINHA DE CHOCOLATE RANCHEIRO,2,2,1.0,28 / 21,264.8744985837632,176.5,197.5,673.5,1733.5,850.0,1931.0,corrected_neighbor_consensus
IMG_7373.HEIC,10,0.9662531614303589,1976,3174,2161,3244,regular,False,image_single_palette,single_image_palette_no_reliable_contrast,,,white,0.5185185185185185,image_single_palette,white,0.0,0.0,35.0,138.0,0.3783783783783784,12950,0.9063549832026876,1.0543885360690441,7,"4,99",4.99,0.9927958846092224,,,,,,,1,"4,99",4.99,price_tag_crops\tag_0010_price_4_99.jpg,,4.99,49,__Unknown__,0.6197100520133972,True,True,162.14962226289643,46,__Unknown__,1570.0134553563546,9,,,,True,0,,,,,,,,,,,,,,,,,,2068.5,3209.0,no_available_product_for_one_to_one
IMG_7373.HEIC,11,0.9660447239875793,1163,3078,1341,3147,regular,False,image_single_palette,single_image_palette_no_reliable_contrast,,,white,0.5185185185185185,image_single_palette,yellow,0.0,0.8655238095238095,50.0,146.0,0.38764044943820225,12282,0.859602463605823,1.0,7,"7,99",7.99,0.9277436137199402,,,,,,,1,"7,99",7.99,price_tag_crops\tag_0011_price_7_99.jpg,,7.99,39,__Unknown__,0.613332211971283,True,True,140.42257653240807,39,__Unknown__,140.42257653240807,8,0.11538461538461539,0.2443820224719101,0.1398228176318064,False,0,39,__Unknown__,0.613332211971283,True,True,False,,,,,,,140.42257653240807,46.5,132.5,1205.5,2980.0,1252.0,3112.5,aligned_unknown
IMG_7373.HEIC,12,0.9655071496963501,1424,1879,1631,1964,regular,False,image_single_palette,single_image_palette_no_reliable_contrast,,,white,0.5185185185185185,image_single_palette,yellow,0.0,0.9059095860566448,69.0,160.0,0.4106280193236715,17595,1.231452967525196,1.1419392523364487,2,"7,99",7.99,0.9711288213729858,,,,,,,1,"7,99",7.99,price_tag_crops\tag_0012_price_7_99.jpg,,UN | 7.99 | 202082 | ,45,__Unknown__,0.5521038770675659,True,True,204.94145505485218,28,RANCHEIRO__RANCHEIRO ROSQUINHA DE CHOCOLATE RANCHEIRO,874.448397562715,2,0.4903314917127072,0.1631578947368421,0.5066472811863914,True,0,35,__Unknown__,0.664433479309082,True,True,False,,,,,,,259.28218218766983,177.5,189.0,1350.0,1732.5,1527.5,1921.5,aligned_unknown
IMG_7373.HEIC,13,0.9649452567100525,594,2249,784,2326,regular,False,image_single_palette,single_image_palette_no_reliable_contrast,,,white,0.5185185185185185,image_single_palette,yellow,0.0,0.9423014056881334,65.0,167.5,0.4052631578947368,14630,1.023936170212766,1.011826544021025,3,"11,99",11.99,0.9998339414596558,,,,,,,1,"11,99",11.99,price_tag_crops\tag_0013_price_11_99.jpg,,11.99 | UN,1,Mabel__Mabel Amanteigado Mabel Sabor Leite,0.8960511445999145,False,False,203.13849955141444,1,Mabel__Mabel Amanteigado Mabel Sabor Leite,203.13849955141444,4,0.3373015873015873,0.17830882352941177,0.3551324696545285,False,0,1,Mabel__Mabel Amanteigado Mabel Sabor Leite,0.8960511445999145,False,False,False,,,,,,,203.13849955141444,-85.0,184.5,774.0,2103.0,689.0,2287.5,aligned_known
IMG_7373.HEIC,14,0.9649238586425781,1129,2254,1325,2331,regular,False,image_single_palette,single_image_palette_no_reliable_contrast,,,white,0.5185185185185185,image_single_palette,yellow,0.0,0.4030466518565535,48.0,127.0,0.39285714285714285,15092,1.0562709966405375,1.0437789612006363,3,"8,49",8.49,0.9820148944854736,,,,,,,1,"8,49",8.49,price_tag_crops\tag_0014_price_8_49.jpg,,8.49 | 043587 | UN | L,10,Mabel__Mabel Amanteigado Mabel Sabor Chocolate,0.9034186244010926,False,False,210.76586535774715,10,Mabel__Mabel Amanteigado Mabel Sabor Chocolate,210.76586535774715,4,0.30876494023904383,0.22324723247232472,0.33108966348627633,False,0,10,Mabel__Mabel Amanteigado Mabel Sabor Chocolate,0.9034186244010926,False,False,False,,,,,,,210.76586535774715,-77.5,196.0,1304.5,2096.5,1227.0,2292.5,aligned_known
IMG_7373.HEIC,15,0.9648091197013855,1144,3477,1313,3545,regular,False,image_single_palette,single_image_palette_no_reliable_contrast,,,white,0.5185185185185185,image_single_palette,white,0.0,0.0,28.0,112.0,0.40236686390532544,11492,0.8043113101903695,1.0,8,"7,99",7.99,0.9923844337463379,,,,,,,1,"7,99",7.99,price_tag_crops\tag_0015_price_7_99.jpg,,799,50,Mabel__Mabel Cracker Agua e Sal,0.8190917074680328,False,False,182.61708572858126,50,Mabel__Mabel Cracker Agua e Sal,182.61708572858126,10,0.04043126684636118,0.36666666666666664,0.07709793351302785,False,0,50,Mabel__Mabel Cracker Agua e Sal,0.8190917074680328,False,False,False,,,,,,,182.61708572858126,-15.0,182.0,1243.5,3329.0,1228.5,3511.0,aligned_known
IMG_7373.HEIC,16,0.964116632938385,1932,3481,2107,3550,regular,False,image_single_palette,single_image_palette_no_reliable_contrast,,,white,0.5185185185185185,image_single_palette,white,0.0,0.0,23.0,117.0,0.3942857142857143,12075,0.8451147816349384,1.05073094326488,8,"4,55",4.55,0.7887037396430969,,,,,,,1,"4,55",4.55,price_tag_crops\tag_0016_price_4_55.jpg,,455,56,__Unknown__,0.4520227313041687,True,True,161.60754932861275,56,__Unknown__,161.60754932861275,10,0.043343653250773995,0.22850678733031674,0.06619433198380567,False,0,56,__Unknown__,0.4520227313041687,True,True,False,,,,,,,161.60754932861275,-14.0,161.0,2033.5,3354.5,2019.5,3515.5,aligned_unknown
IMG_7373.HEIC,17,0.9631538987159729,414,3446,576,3510,regular,False,image_single_palette,single_image_palette_no_reliable_contrast,,,white,0.5185185185185185,image_single_palette,white,0.0,0.0,18.0,93.0,0.3950617283950617,10368,0.7256438969764838,0.9021928297946398,8,,,,,,,,,,0,,,price_tag_crops\tag_0017_price_not_found.jpg,price_not_found,6,46,__Unknown__,0.4862392246723175,True,True,275.5222314079211,26,__Unknown__,360.30265055922087,10,,,,True,0,,,,,,,,,,,,,,,,,,495.0,3478.0,no_available_product_for_one_to_one
IMG_7373.HEIC,18,0.9626940488815308,1724,1881,1937,1963,regular,False,image_single_palette,single_image_palette_no_reliable_contrast,,,white,0.5185185185185185,image_single_palette,yellow,0.0,0.9330612244897959,65.0,160.0,0.38497652582159625,17466,1.222424412094065,1.1335669781931463,2,"7,99",7.99,0.9984426498413086,,,,,,,1,"7,99",7.99,price_tag_crops\tag_0018_price_7_99.jpg,, | 7.99 | UN | 002061 | 00LE,16,__Unknown__,0.5434340953826904,True,True,205.0865670881445,28,RANCHEIRO__RANCHEIRO ROSQUINHA DE CHOCOLATE RANCHEIRO,1172.2547717966431,2,0.053082191780821915,0.1492063492063492,0.06800282670145684,True,0,16,__Unknown__,0.5434340953826904,True,True,False,,,,,,,205.0865670881445,-15.5,204.5,1846.0,1717.5,1830.5,1922.0,aligned_unknown
IMG_7373.HEIC,19,0.9590893387794495,2057,1469,2268,1560,regular,False,image_single_palette,single_image_palette_no_reliable_contrast,,,white,0.5185185185185185,image_single_palette,white,0.0,0.0935935935935936,64.0,150.0,0.4312796208530806,19201,1.3438549832026876,1.0311753175263823,1,"4,99",4.99,0.99057936668396,,,,,,,1,"4,99",4.99,price_tag_crops\tag_0019_price_4_99.jpg,,"欢酒 | 4,99 | UN | 006369 | 湘",15,__Unknown__,0.6066909670829773,True,True,247.84924853628263,3,Mabel__Mabel Rosquinha Mabel Sabor Leite,755.8902036671728,1,0.08266129032258064,0.14829396325459318,0.09749068664803996,True,0,15,__Unknown__,0.6066909670829773,True,True,False,,,,,,,247.84924853628263,20.5,247.0,2142.0,1267.5,2162.5,1514.5,aligned_unknown
IMG_7373.HEIC,20,0.9462462067604065,2134,1978,2268,2057,regular,False,image_single_palette,single_image_palette_no_reliable_contrast,,,white,0.5185185185185185,image_single_palette,yellow,0.0,0.9567652329749103,54.0,155.0,0.5895522388059702,10586,0.7409014557670772,0.6870456905503635,2,"5,99",5.99,0.9241106510162354,,,,,,,1,"5,99",5.99,price_tag_crops\tag_0020_price_5_99.jpg,,5.99,29,__Unknown__,0.4389849156141281,True,True,237.72725969059584,,,,3,,,,,,,,,,,,,,,,,,,,,,,2201.0,2017.5,no_product_in_shelf_row
IMG_7373.HEIC,21,0.9447558522224426,0,1517,63,1600,regular,False,image_single_palette,single_image_palette_no_reliable_contrast,,,white,0.5185185185185185,image_single_palette,white,0.0,0.0,48.0,118.0,1.3174603174603174,5229,0.365971444568869,0.2808195268655514,1,,,,,,,,,,0,,,price_tag_crops\tag_0021_price_not_found.jpg,price_not_found,UN,48,__Unknown__,0.5967485904693604,True,True,212.94658954770796,0,Mabel__Mabel Rosquinha Mabel Sabor Leite,1122.108060749944,1,0.40483383685800606,0.2956730769230769,0.43440114455031376,True,0,48,__Unknown__,0.5967485904693604,True,True,False,,,,,,,212.94658954770796,-134.0,165.5,165.5,1393.0,31.5,1558.5,aligned_unknown
IMG_7373.HEIC,22,0.9410777688026428,793,3795,949,3857,regular,False,image_single_palette,single_image_palette_no_reliable_contrast,,,white,0.5185185185185185,image_single_palette,white,0.0,0.0,9.0,49.0,0.3974358974358974,9672,0.6769316909294513,1.0,9,,,,,,,,,,0,,,price_tag_crops\tag_0022_price_not_found.jpg,price_not_found,,36,__Unknown__,0.45036208629608154,True,True,180.336491038281,36,__Unknown__,180.336491038281,11,0.1,0.33649289099526064,0.13364928909952606,False,0,36,__Unknown__,0.45036208629608154,True,True,False,,,,,,,180.336491038281,37.0,176.5,834.0,3649.5,871.0,3826.0,aligned_unknown
IMG_7373.HEIC,23,0.9366263151168823,2000,1964,2139,2054,regular,False,image_single_palette,single_image_palette_no_reliable_contrast,,,white,0.5185185185185185,image_single_palette,white,0.0,0.000944822373393802,42.0,113.0,0.6474820143884892,12510,0.8755599104143337,0.8119158878504673,2,"5,99",5.99,0.9970800876617432,,,,,,,1,"5,99",5.99,price_tag_crops\tag_0023_price_5_99.jpg,, | 5.99 | 04,29,__Unknown__,0.4389849156141281,True,True,231.67056351638635,,,,3,,,,,,,,,,,,,,,,,,,,,,,2069.5,2009.0,no_product_in_shelf_row
IMG_7373.HEIC,24,0.9319448471069336,1978,2438,2127,2509,regular,False,image_single_palette,single_image_palette_no_reliable_contrast,,,white,0.5185185185185185,image_single_palette,yellow,0.0,0.9285714285714286,54.0,149.0,0.47651006711409394,10579,0.7404115341545353,1.0562100638977636,4,"9,99",9.99,0.9952976703643799,,,,,,,1,"9,99",9.99,price_tag_crops\tag_0024_price_9_99.jpg,,9.99,22,__Unknown__,0.6011171738306681,True,True,234.5767465031434,,,,5,,,,,,,,,,,,,,,,,,,,,,,2052.5,2473.5,no_product_in_shelf_row
IMG_7373.HEIC,25,0.9264202117919922,2121,2437,2258,2506,regular,False,image_single_palette,single_image_palette_no_reliable_contrast,,,white,0.5185185185185185,image_single_palette,yellow,0.0,0.9305555555555556,56.0,163.0,0.5036496350364964,9453,0.6616041433370661,0.9437899361022364,4,"9,99",9.99,0.9953432679176331,,,,,,,1,"9,99",9.99,price_tag_crops\tag_0025_price_9_99.jpg,,9.99 | ASIS | EE,23,__Unknown__,0.5786454200744628,True,True,230.10649708341572,,,,5,,,,,,,,,,,,,,,,,,,,,,,2189.5,2471.5,no_product_in_shelf_row
IMG_7373.HEIC,26,0.8436027765274048,2016,895,2244,1002,regular,False,image_single_palette,single_image_palette_no_reliable_contrast,,,white,0.5185185185185185,image_single_palette,white,0.0,0.0,41.0,100.0,0.4692982456140351,24396,1.7074468085106382,1.0261198738170347,0,,,,,,,,,,0,,,price_tag_crops\tag_0026_price_not_found.jpg,price_not_found,1 | UN,17,__Unknown__,0.5661570072174072,True,True,323.6355975476122,11,RANCHEIRO__RANCHEIRO ROSQUINHA RECHEADA DE CHOCOLATE RANCHEIRO,590.2732418126371,0,0.2866666666666667,0.1303030303030303,0.2996969696969697,True,0,17,__Unknown__,0.5661570072174072,True,True,False,,,,,,,323.6355975476122,86.0,312.0,2044.0,636.5,2130.0,948.5,aligned_unknown
IMG_7374.HEIC,0,0.97232586145401,401,1683,576,1762,regular,False,image_single_palette,single_image_palette_no_reliable_contrast,,,white,1.0,image_single_palette,white,0.0,0.011441256830601093,33.0,104.0,0.4514285714285714,13825,1.1532365699032365,0.9482167352537723,2,"3,35",3.35,0.8981083035469055,"3,65",3.65,0.7860589027404785,,,,2,"3,35 / 3,65",3.35 / 3.65,price_tag_crops\tag_0000_price_3_35__3_65.jpg,,ATACADO |  3.35 | E | 医 |  3.65 | wwoon,60,__Unknown__,0.5456989109516144,True,True,109.56390829100611,60,__Unknown__,109.56390829100611,2,0.1590909090909091,0.3440366972477064,0.19349457881567972,False,0,60,__Unknown__,0.5456989109516144,True,True,False,,,,,,,109.56390829100611,-59.5,92.0,548.0,1630.5,488.5,1722.5,aligned_unknown
IMG_7374.HEIC,1,0.9718306660652161,1192,1191,1377,1277,regular,False,image_single_palette,single_image_palette_no_reliable_contrast,,,white,1.0,image_single_palette,white,0.0,0.0,25.0,69.0,0.4648648648648649,15910,1.3271604938271604,0.993940151183857,1,"5,59",5.59,0.9532839059829712,"5,09",5.09,0.8778768181800842,,,,2,"5,59 / 5,09",5.59 / 5.09,price_tag_crops\tag_0001_price_5_59__5_09.jpg,,ATACADO | 5.59 | 1m |  | 93 | 5.09,29,__Unknown__,0.6440600901842117,True,True,202.69743461622795,29,__Unknown__,202.69743461622795,1,0.06376811594202898,0.12,0.07576811594202898,False,0,29,__Unknown__,0.6440600901842117,True,True,False,,,,,,,202.69743461622795,-22.0,201.5,1306.5,1032.5,1284.5,1234.0,aligned_unknown
IMG_7374.HEIC,2,0.9717626571655273,312,1194,495,1282,regular,False,image_single_palette,single_image_palette_no_reliable_contrast,,,white,1.0,image_single_palette,white,0.0,0.0,22.0,66.0,0.4808743169398907,16104,1.3433433433433433,1.006059848816143,1,"4,99",4.99,0.9961339831352234,"5,29",5.29,0.9914435744285583,,,,2,"4,99 / 5,29",4.99 / 5.29,price_tag_crops\tag_0002_price_4_99__5_29.jpg,,499 | ATACADO | 岗 | 5.29,37,__Unknown__,0.5442405939102173,True,True,205.388047364008,37,__Unknown__,205.388047364008,1,0.2519280205655527,0.1245674740484429,0.264384767970397,False,0,37,__Unknown__,0.5442405939102173,True,True,False,,,,,,,205.388047364008,-98.0,180.5,501.5,1057.5,403.5,1238.0,aligned_unknown
IMG_7374.HEIC,3,0.9712378978729248,1887,1670,2069,1756,regular,False,image_single_palette,single_image_palette_no_reliable_contrast,,,white,1.0,image_single_palette,white,0.0,0.0,33.0,96.0,0.4725274725274725,15652,1.305638972305639,1.073525377229081,2,"2,65",2.65,0.928463339805603,"2,75",2.75,0.8255401849746704,,,,2,"2,65 / 2,75",2.65 / 2.75,price_tag_crops\tag_0003_price_2_65__2_75.jpg,,ATACADO | 2.65 | 2.75 | 网 | JMED,20,__Unknown__,0.4720042943954468,True,True,112.80514172678478,20,__Unknown__,112.80514172678478,2,0.237012987012987,0.3431372549019608,0.2713267125031831,False,0,20,__Unknown__,0.4720042943954468,True,True,False,,,,,,,112.80514172678478,-73.0,86.0,2051.0,1627.0,1978.0,1713.0,aligned_unknown
IMG_7374.HEIC,4,0.9710832834243774,836,2124,1006,2202,regular,False,image_single_palette,single_image_palette_no_reliable_contrast,,,white,1.0,image_single_palette,white,0.0,0.03146790631146076,31.0,94.0,0.4588235294117647,13260,1.1061061061061062,0.9401588201928531,3,"6,79",6.79,0.8858367204666138,,,,,,,1,"6,79",6.79,price_tag_crops\tag_0004_price_6_79.jpg,,AFACADO | 4 | 2 | 6.79 | C/LOAS,53,__Unknown__,0.5998004674911499,True,True,272.0758166394066,53,__Unknown__,272.0758166394066,3,0.5210526315789473,0.3560606060606061,0.556658692185008,False,0,53,__Unknown__,0.5998004674911499,True,True,False,,,,,,,272.0758166394066,247.5,113.0,673.5,2050.0,921.0,2163.0,aligned_unknown
IMG_7374.HEIC,5,0.9708578586578369,1458,2931,1620,3005,regular,False,image_single_palette,single_image_palette_no_reliable_contrast,,,white,1.0,image_single_palette,white,0.0,0.052704031465093414,35.0,111.0,0.4567901234567901,11988,1.0,1.0723678325431614,5,"3,59",3.59,0.9940446019172668,"3,75",3.75,0.9815201163291931,,,,2,"3,59 / 3,75",3.59 / 3.75,price_tag_crops\tag_0005_price_3_59__3_75.jpg,,ATACADO | 3.59 | 3.75,6,__Unknown__,0.6415854692459106,True,True,195.53835940807113,6,__Unknown__,195.53835940807113,5,0.04252199413489736,0.12903225806451613,0.05542521994134897,False,0,6,__Unknown__,0.6415854692459106,True,True,False,,,,,,,195.53835940807113,14.5,195.0,1524.5,2773.0,1539.0,2968.0,aligned_unknown
IMG_7374.HEIC,6,0.9706666469573975,839,1677,1015,1761,regular,False,image_single_palette,single_image_palette_no_reliable_contrast,,,white,1.0,image_single_palette,white,0.0,0.0,30.0,90.0,0.4772727272727273,14784,1.2332332332332332,1.013991769547325,2,"5,49",5.49,0.9442974328994751,"5,79",5.79,0.8201608657836914,,,,2,"5,49 / 5,79",5.49 / 5.79,price_tag_crops\tag_0006_price_5_49__5_79.jpg,,ATACADO | 5.49 | t4 | 强 | S 5.79 | awt,44,__Unknown__,0.518740326166153,True,True,188.53381659532593,44,__Unknown__,188.53381659532593,2,0.06060606060606061,0.1111111111111111,0.07171717171717172,False,0,44,__Unknown__,0.518740326166153,True,True,False,,,,,,,188.53381659532593,-24.0,187.0,951.0,1532.0,927.0,1719.0,aligned_unknown
IMG_7374.HEIC,7,0.9705266356468201,1807,2123,1983,2204,regular,False,image_single_palette,single_image_palette_no_reliable_contrast,,,white,1.0,image_single_palette,white,0.0,0.4540989159891599,39.0,125.0,0.4602272727272727,14256,1.1891891891891893,1.0107770845150312,3,"3,35",3.35,0.9627642631530762,"3,49",3.49,0.9800918698310852,,,,2,"3,35 / 3,49",3.35 / 3.49,price_tag_crops\tag_0007_price_3_35__3_49.jpg,,3.35 | ATACADO | 3.49,41,__Unknown__,0.4867608666419983,True,True,82.52575355608697,41,__Unknown__,82.52575355608697,3,0.11488673139158576,0.3277777777777778,0.14766450916936352,False,0,41,__Unknown__,0.4867608666419983,True,True,False,,,,,,,82.52575355608697,-35.5,74.5,1930.5,2089.0,1895.0,2163.5,aligned_unknown
IMG_7374.HEIC,8,0.9693756103515625,1530,1188,1716,1276,regular,False,image_single_palette,single_image_palette_no_reliable_contrast,,,white,1.0,image_single_palette,white,0.0,0.0,40.0,103.0,0.4731182795698925,16368,1.3653653653653655,1.0225526332229649,1,"2,35",2.35,0.9405839443206787,,,,,,,1,"2,35",2.35,price_tag_crops\tag_0008_price_2_35.jpg,,23 | ATACADO | 14 | 2.35,21,__Unknown__,0.649778405825297,True,True,204.1984329028996,31,RANCHEIRO__RANCHEIRO COOKIES RANCHEIRO,447.8864253357094,1,0.10344827586206896,0.12422360248447205,0.11587063611051616,True,0,21,__Unknown__,0.649778405825297,True,True,False,,,,,,,204.1984329028996,-36.0,201.0,1659.0,1031.0,1623.0,1232.0,aligned_unknown
IMG_7374.HEIC,9,0.9690113067626953,1131,2931,1292,3001,regular,False,image_single_palette,single_image_palette_no_reliable_contrast,,,white,1.0,image_single_palette,white,0.0,0.23341836734693877,37.0,118.0,0.43478260869565216,11270,0.9401067734401067,1.008140262993112,5,"3,59",3.59,0.9732620120048523,"3,75",3.75,0.936713695526123,,,,2,"3,59 / 3,75",3.59 / 3.75,price_tag_crops\tag_0009_price_3_59__3_75.jpg,,3.59 | 3.75,2,__Unknown__,0.5725434571504593,True,True,197.101496696499,2,__Unknown__,197.101496696499,5,0.11396011396011396,0.11075949367088607,0.12503606332720257,False,0,2,__Unknown__,0.5725434571504593,True,True,False,,,,,,,197.101496696499,40.0,193.0,1171.5,2773.0,1211.5,2966.0,aligned_unknown
IMG_7374.HEIC,10,0.9689584970474243,388,2537,549,2608,regular,False,image_single_palette,single_image_palette_no_reliable_contrast,,,white,1.0,image_single_palette,white,0.0,0.0012755102040816326,33.0,101.0,0.4409937888198758,11431,0.9535368702035368,0.9385442752165524,4,"7,20",7.2,0.8356676697731018,,,,,,,1,"7,20",7.20,price_tag_crops\tag_0010_price_7_20.jpg,,ATACADO | 7.20 | 2 | 75 | ,43,__Unknown__,0.4603283405303955,True,True,191.25702601473233,43,__Unknown__,191.25702601473233,4,0.047619047619047616,0.13079470198675497,0.06069851781772311,False,0,43,__Unknown__,0.4603283405303955,True,True,False,,,,,,,191.25702601473233,-17.0,190.5,485.5,2382.0,468.5,2572.5,aligned_unknown
IMG_7374.HEIC,11,0.9681355357170105,1508,2123,1680,2205,regular,False,image_single_palette,single_image_palette_no_reliable_contrast,,,white,1.0,image_single_palette,white,0.0,0.7141170517793894,40.0,124.0,0.47674418604651164,14104,1.1765098431765098,1.0,3,"3,35",3.35,0.9914888739585876,"3,49",3.49,0.9931830167770386,,,,2,"3,35 / 3,49",3.35 / 3.49,price_tag_crops\tag_0011_price_3_35__3_49.jpg,,ATACADO | 3.35 | 30 | 3.49 | 521,47,__Unknown__,0.4947802424430847,True,True,118.0889495253472,47,__Unknown__,118.0889495253472,3,0.05063291139240506,0.1724137931034483,0.06787429070274989,False,0,47,__Unknown__,0.4947802424430847,True,True,False,,,,,,,118.0889495253472,-16.0,117.0,1610.0,2047.0,1594.0,2164.0,aligned_unknown
IMG_7374.HEIC,12,0.9679983854293823,1420,1677,1600,1758,regular,False,image_single_palette,single_image_palette_no_reliable_contrast,,,white,1.0,image_single_palette,white,0.0,0.0,28.0,83.0,0.45,14580,1.2162162162162162,1.0,2,"3,49",3.49,0.9540560245513916,"3,65",3.65,0.8816399574279785,,,,2,"3,49 / 3,65",3.49 / 3.65,price_tag_crops\tag_0012_price_3_49__3_65.jpg,,ATACADO | 3.49 | 级 | 3.65,32,__Unknown__,0.6437952995300293,True,True,258.4709848319536,32,__Unknown__,258.4709848319536,2,0.4603399433427762,0.11094224924012158,0.4714341682667884,False,0,32,__Unknown__,0.6437952995300293,True,True,False,,,,,,,258.4709848319536,162.5,201.0,1347.5,1516.5,1510.0,1717.5,aligned_unknown
IMG_7374.HEIC,13,0.9677799344062805,1070,3344,1228,3410,regular,False,image_single_palette,single_image_palette_no_reliable_contrast,,,white,1.0,image_single_palette,white,0.0,0.6618156618156619,27.0,105.0,0.4177215189873418,10428,0.8698698698698699,1.0218520333170014,6,,,,,,,,,,0,,,price_tag_crops\tag_0013_price_not_found.jpg,price_not_found,CR | DU,7,__Unknown__,0.5323125571012497,True,True,201.87248450445148,7,__Unknown__,201.87248450445148,6,0.07057057057057058,0.09495548961424333,0.08006611953199491,False,0,7,__Unknown__,0.5323125571012497,True,True,False,,,,,,,201.87248450445148,-23.5,200.5,1172.5,3176.5,1149.0,3377.0,aligned_unknown
IMG_7374.HEIC,14,0.9667195081710815,774,2538,935,2613,regular,False,image_single_palette,single_image_palette_no_reliable_contrast,,,white,1.0,image_single_palette,white,0.0,0.0007936507936507937,38.0,112.0,0.4658385093167702,12075,1.0072572572572573,0.9914200090315695,4,"7,39",7.39,0.8342002630233765,"7,69",7.69,0.7848264575004578,,,,2,"7,39 / 7,69",7.39 / 7.69,price_tag_crops\tag_0014_price_7_39__7_69.jpg,,ATACADO | 7.39 | 国 | 7.69,14,__Unknown__,0.4987732172012329,True,True,187.64128010648403,14,__Unknown__,187.64128010648403,4,0.04057591623036649,0.1212624584717608,0.05270216207754257,False,0,14,__Unknown__,0.4987732172012329,True,True,False,,,,,,,187.64128010648403,15.5,187.0,839.0,2388.5,854.5,2575.5,aligned_unknown
IMG_7374.HEIC,15,0.9666552543640137,1366,3343,1523,3408,regular,False,image_single_palette,single_image_palette_no_reliable_contrast,,,white,1.0,image_single_palette,white,0.0,0.19230769230769232,25.0,94.0,0.4140127388535032,10205,0.8512679346012679,1.0,6,,,,,,,,,,0,,,price_tag_crops\tag_0015_price_not_found.jpg,price_not_found,盟,3,__Unknown__,0.5092468857765198,True,True,212.0949080011116,3,__Unknown__,212.0949080011116,6,0.20869565217391303,0.09023668639053255,0.2177193208129663,False,0,3,__Unknown__,0.5092468857765198,True,True,False,,,,,,,212.0949080011116,-72.0,199.5,1516.5,3176.0,1444.5,3375.5,aligned_unknown
IMG_7374.HEIC,16,0.966547966003418,733,1194,917,1280,regular,False,image_single_palette,single_image_palette_no_reliable_contrast,,,white,1.0,image_single_palette,white,0.0,0.0,30.0,82.0,0.4673913043478261,15824,1.3199866533199867,0.9885675017179983,1,"4,04",4.04,0.6808462738990784,"5,49",5.49,0.9916875958442688,"5,79",5.79,0.9945005178451538,3,"4,04 / 5,49 / 5,79",4.04 / 5.49 / 5.79,price_tag_crops\tag_0016_price_4_04__5_49__5_79.jpg,,ATACADO | 5.49 | 404 | 品 | 5.79,55,__Unknown__,0.5481347590684891,True,True,136.83658136624138,55,__Unknown__,136.83658136624138,1,0.24873096446700507,0.3162393162393162,0.28035489609093667,False,0,55,__Unknown__,0.5481347590684891,True,True,False,,,,,,,136.83658136624138,-98.0,95.5,923.0,1141.5,825.0,1237.0,aligned_unknown
IMG_7374.HEIC,17,0.9659338593482971,1915,1185,2101,1273,regular,False,image_single_palette,single_image_palette_no_reliable_contrast,,,white,1.0,image_single_palette,white,0.0,0.0,24.0,68.0,0.4731182795698925,16368,1.3653653653653655,1.0225526332229649,1,"2,25",2.25,0.9826982617378235,"2,35",2.35,0.9897193312644958,,,,2,"2,25 / 2,35",2.25 / 2.35,price_tag_crops\tag_0017_price_2_25__2_35.jpg,,8 | G  | ATACADO | 2.25 | 44 | ha | 2.35 | 2,31,RANCHEIRO__RANCHEIRO COOKIES RANCHEIRO,0.6991544365882874,False,False,111.80898890518597,31,RANCHEIRO__RANCHEIRO COOKIES RANCHEIRO,111.80898890518597,1,0.17708333333333334,0.3805309734513274,0.21513643067846608,False,0,31,RANCHEIRO__RANCHEIRO COOKIES RANCHEIRO,0.6991544365882874,False,False,False,,,,,,,111.80898890518597,-51.0,99.5,2059.0,1129.5,2008.0,1229.0,aligned_known
IMG_7374.HEIC,18,0.9657207727432251,1076,2540,1245,2619,regular,False,image_single_palette,single_image_palette_no_reliable_contrast,,,white,1.0,image_single_palette,white,0.0,0.06832627118644068,38.0,114.0,0.46745562130177515,13351,1.113697030363697,1.0961862145408268,4,"6,98",6.98,0.8298572897911072,,,,,,,1,"6,98",6.98,price_tag_crops\tag_0018_price_6_98.jpg,,ACADO | 男 | T | 6.98,8,__Unknown__,0.575005312760671,True,True,214.90114006212252,8,__Unknown__,214.90114006212252,4,0.16346153846153846,0.1334355828220859,0.17680509674374706,False,0,8,__Unknown__,0.575005312760671,True,True,False,,,,,,,214.90114006212252,-59.5,206.5,1220.0,2373.0,1160.5,2579.5,aligned_unknown
IMG_7374.HEIC,19,0.9651156067848206,19,2912,173,2984,regular,False,image_single_palette,single_image_palette_no_reliable_contrast,,,white,1.0,image_single_palette,white,0.0,0.0039121930015214084,36.0,112.0,0.4675324675324675,11088,0.924924924924925,0.9918597370068879,5,"17,15",17.15,0.7264343500137329,"12,00",12.0,0.9499432444572449,,,,2,"17,15 / 12,00",17.15 / 12.00,price_tag_crops\tag_0019_price_17_15__12_00.jpg,,ALACADO | B | 17.15 | 0 | 12.00 | AWAGS,30,__Unknown__,0.5764912068843842,True,True,217.20612330226788,30,__Unknown__,217.20612330226788,5,0.11146496815286625,0.3765182186234818,0.14911679001521444,False,0,30,__Unknown__,0.5764912068843842,True,True,False,,,,,,,217.20612330226788,17.5,216.5,78.5,2731.5,96.0,2948.0,aligned_unknown
IMG_7374.HEIC,20,0.9630056023597717,610,2538,776,2612,regular,False,image_single_palette,single_image_palette_no_reliable_contrast,,,white,1.0,image_single_palette,white,0.0,0.03969610636277303,41.0,115.0,0.4457831325301205,12284,1.0246913580246915,1.0085799909684305,4,"7,39",7.39,0.8303399682044983,"7,60",7.6,0.764101505279541,,,,2,"7,39 / 7,60",7.39 / 7.60,price_tag_crops\tag_0020_price_7_39__7_60.jpg,,ATACADO | 7.39 | 7.60,14,__Unknown__,0.4987732172012329,True,True,236.85069136483432,14,__Unknown__,236.85069136483432,4,,,,True,2,,,,,,,,,,,,,,,,,,693.0,2575.0,no_available_product_for_one_to_one
IMG_7374.HEIC,21,0.9628744125366211,378,2931,538,2993,regular,False,image_single_palette,single_image_palette_no_reliable_contrast,,,white,1.0,image_single_palette,white,0.0,0.34483590733590735,29.0,105.0,0.3875,9920,0.8274941608274942,0.8873781196887021,5,"3,90",3.9,0.7053295969963074,,,,,,,1,"3,90",3.90,price_tag_crops\tag_0021_price_3_90.jpg,,3 | 3.90,11,__Unknown__,0.5603264570236206,True,True,197.56644451930595,11,__Unknown__,197.56644451930595,5,0.059420289855072465,0.15282392026578073,0.07470268188165054,False,0,11,__Unknown__,0.5603264570236206,True,True,False,,,,,,,197.56644451930595,-20.5,196.5,478.5,2765.5,458.0,2962.0,aligned_unknown
IMG_7374.HEIC,22,0.9623704552650452,609,3338,766,3404,regular,False,image_single_palette,single_image_palette_no_reliable_contrast,,,white,1.0,image_single_palette,white,0.0,0.6804195804195804,34.0,125.0,0.42038216560509556,10362,0.8643643643643644,1.0153846153846153,6,,,,,,,,,,0,,,price_tag_crops\tag_0022_price_not_found.jpg,price_not_found,,0,__Unknown__,0.5000997930765152,True,True,242.68704126920332,0,__Unknown__,242.68704126920332,6,0.38968481375358166,0.08092485549132948,0.3977772993027146,False,0,0,__Unknown__,0.5000997930765152,True,True,False,,,,,,,242.68704126920332,-136.0,201.0,823.5,3170.0,687.5,3371.0,aligned_unknown
IMG_7374.HEIC,23,0.9623112678527832,683,2927,841,2995,regular,False,image_single_palette,single_image_palette_no_reliable_contrast,,,white,1.0,image_single_palette,white,0.0,0.26301911667765326,33.0,111.0,0.43037974683544306,10744,0.8962295628962296,0.9610877538241346,5,"3,45",3.45,0.9750553369522095,,,,,,,1,"3,45",3.45,price_tag_crops\tag_0023_price_3_45.jpg,,3.45 | 5,1,__Unknown__,0.49205929040908813,True,True,203.1901818494191,1,__Unknown__,203.1901818494191,5,0.18787878787878787,0.11041009463722397,0.19891979734251025,False,0,1,__Unknown__,0.49205929040908813,True,True,False,,,,,,,203.1901818494191,-62.0,193.5,824.0,2767.5,762.0,2961.0,aligned_unknown
IMG_7374.HEIC,24,0.9574986100196838,1827,2936,1991,3008,regular,False,image_single_palette,single_image_palette_no_reliable_contrast,,,white,1.0,image_single_palette,white,0.0,0.0,35.0,110.0,0.43902439024390244,11808,0.984984984984985,1.0562662134359067,5,"3,75",3.75,0.8651714324951172,,,,,,,1,"3,75",3.75,price_tag_crops\tag_0024_price_3_75.jpg,,ATACADO | 3.5 | 3.75,5,__Unknown__,0.5663075149059296,True,True,197.09198360156608,5,__Unknown__,197.09198360156608,5,0.06906077348066299,0.1167192429022082,0.08073269777088381,False,0,5,__Unknown__,0.5663075149059296,True,True,False,,,,,,,197.09198360156608,25.0,195.5,1884.0,2776.5,1909.0,2972.0,aligned_unknown
IMG_7374.HEIC,25,0.9523090124130249,610,3970,782,4032,regular,False,image_single_palette,single_image_palette_no_reliable_contrast,,,white,1.0,image_single_palette,white,0.0,0.003127094036184945,40.0,95.0,0.36046511627906974,10664,0.8895562228895563,1.4545454545454546,7,"3,45",3.45,0.876293957233429,,,,,,,1,"3,45",3.45,price_tag_crops\tag_0025_price_3_45.jpg,,"ALACADO | 3,45 | s4",33,__Unknown__,0.5125978787740072,True,True,358.45676168821257,33,__Unknown__,358.45676168821257,7,0.2994579945799458,0.1482889733840304,0.31428689191834885,False,0,33,__Unknown__,0.5125978787740072,True,True,False,,,,,,,358.45676168821257,-110.5,341.0,806.5,3660.0,696.0,4001.0,aligned_unknown
IMG_7374.HEIC,26,0.9517750144004822,1086,3985,1255,4032,regular,False,image_single_palette,single_image_palette_no_reliable_contrast,,,white,1.0,image_single_palette,white,0.0,0.0,48.0,114.0,0.2781065088757396,7943,0.6625792459125792,1.0834072154402237,7,"3,45",3.45,0.9514492154121399,,,,,,,1,"3,45",3.45,price_tag_crops\tag_0026_price_3_45.jpg,,ATACADO3.45,12,__Unknown__,0.4606959819793701,True,True,346.09247319177575,12,__Unknown__,346.09247319177575,7,0.02346041055718475,0.15654648956356737,0.03911505951354149,False,0,12,__Unknown__,0.4606959819793701,True,True,False,,,,,,,346.09247319177575,8.0,346.0,1162.5,3662.5,1170.5,4008.5,aligned_unknown
IMG_7374.HEIC,27,0.9503982067108154,1699,487,1922,562,regular,False,image_single_palette,single_image_palette_no_reliable_contrast,,,white,1.0,image_single_palette,white,0.0,0.9742165242165243,44.0,131.0,0.336322869955157,16725,1.395145145145145,0.9779557946439013,0,,,,,,,,,,0,,,price_tag_crops\tag_0027_price_not_found.jpg,price_not_found,J2eY,35,__Unknown__,0.3975958526134491,True,True,497.5100501497432,35,__Unknown__,497.5100501497432,0,0.5489583333333333,1.5585365853658537,0.7048119918699187,False,0,35,__Unknown__,0.3975958526134491,True,True,False,,,,,,,497.5100501497432,263.5,422.0,1547.0,102.5,1810.5,524.5,aligned_unknown
IMG_7374.HEIC,28,0.9451742768287659,2016,488,2243,565,regular,False,image_single_palette,single_image_palette_no_reliable_contrast,,,white,1.0,image_single_palette,white,0.0,0.36571271326362137,40.0,122.0,0.3392070484581498,17479,1.4580413747080414,1.0220442053560987,0,,,,,,,,,,0,,,price_tag_crops\tag_0028_price_not_found.jpg,price_not_found,een  he n ket  |  |  | 7,35,__Unknown__,0.3975958526134491,True,True,720.4736289414069,35,__Unknown__,720.4736289414069,0,,,,True,0,,,,,,,,,,,,,,,,,,2129.5,526.5,no_available_product_for_one_to_one
IMG_7374.HEIC,29,0.943732738494873,1437,3992,1605,4032,regular,False,image_single_palette,single_image_palette_no_reliable_contrast,,,white,1.0,image_single_palette,white,0.0,0.06552706552706553,48.0,107.0,0.23809523809523808,6720,0.5605605605605606,0.9165927845597763,7,,,,,,,,,,0,,,price_tag_crops\tag_0029_price_not_found.jpg,price_not_found, | m,10,__Unknown__,0.4741802752017975,True,True,346.6042411742822,10,__Unknown__,346.6042411742822,7,0.024216524216524215,0.14766355140186915,0.03898287935671113,False,0,10,__Unknown__,0.4741802752017975,True,True,False,,,,,,,346.6042411742822,8.5,346.5,1512.5,3665.5,1521.0,4012.0,aligned_unknown
IMG_7374.HEIC,30,0.941028892993927,0,1675,68,1753,regular,False,image_single_palette,single_image_palette_no_reliable_contrast,,,white,1.0,image_single_palette,white,0.0,0.0,24.0,73.0,1.1470588235294117,5304,0.44244244244244246,0.36378600823045265,2,,,,,,,,,,0,,,price_tag_crops\tag_0030_price_not_found.jpg,price_not_found,,36,__Unknown__,0.4156365990638733,True,True,145.09651959988565,36,__Unknown__,145.09651959988565,2,0.3821428571428571,0.25384615384615383,0.4075274725274725,False,0,36,__Unknown__,0.4156365990638733,True,True,False,,,,,,,145.09651959988565,-107.0,98.0,141.0,1616.0,34.0,1714.0,aligned_unknown
IMG_7374.HEIC,31,0.9262540936470032,1773,4010,1941,4032,regular,False,image_single_palette,single_image_palette_no_reliable_contrast,,,white,1.0,image_single_palette,white,0.0,0.20512820512820512,31.0,67.0,0.13095238095238096,3696,0.3083083083083083,0.5041260315078769,7,,,,,,,,,,0,,,price_tag_crops\tag_0031_price_not_found.jpg,price_not_found,,17,__Unknown__,0.4943600296974182,True,True,355.27594908746636,17,__Unknown__,355.27594908746636,7,0.03783783783783784,0.15985130111524162,0.053822967949362005,False,0,17,__Unknown__,0.4943600296974182,True,True,False,,,,,,,355.27594908746636,-14.0,355.0,1871.0,3666.0,1857.0,4021.0,aligned_unknown
IMG_7374.HEIC,32,0.8757599592208862,0,1198,33,1282,regular,False,image_single_palette,single_image_palette_no_reliable_contrast,,,white,1.0,image_single_palette,white,0.0,0.0,27.0,81.0,2.5454545454545454,2772,0.23123123123123124,0.17317423627163117,1,,,,,,,,,,0,,,price_tag_crops\tag_0032_price_not_found.jpg,price_not_found,,61,__Unknown__,0.4670896530151367,True,True,144.08764693754978,61,__Unknown__,144.08764693754978,1,0.4426605504587156,0.2753623188405797,0.47019678234277357,False,0,61,__Unknown__,0.4670896530151367,True,True,False,,,,,,,144.08764693754978,-96.5,107.0,113.0,1133.0,16.5,1240.0,aligned_unknown
IMG_7374.HEIC,33,0.8530411720275879,1866,3344,2023,3405,regular,False,image_single_palette,single_image_palette_no_reliable_contrast,,,white,1.0,image_single_palette,white,0.0,0.0007575757575757576,22.0,80.0,0.3885350318471338,9577,0.7988822155488822,0.9384615384615385,6,,,,,,,,,,0,,,price_tag_crops\tag_0033_price_not_found.jpg,price_not_found,(R),9,__Unknown__,0.49124197165171307,True,True,207.5728787679161,9,__Unknown__,207.5728787679161,6,,,,True,1,,,,,,,,,,,,,,,,,,1944.5,3374.5,no_available_product_for_one_to_one
IMG_7374.HEIC,34,0.28932100534439087,1866,3344,2023,3405,regular,False,image_single_palette,single_image_palette_no_reliable_contrast,,,white,1.0,image_single_palette,white,0.0,0.0007575757575757576,22.0,80.0,0.3885350318471338,9577,0.7988822155488822,0.9384615384615385,6,,,,,,,,,,0,,,price_tag_crops\tag_0034_price_not_found.jpg,price_not_found,(R),9,__Unknown__,0.49124197165171307,True,True,207.5728787679161,9,__Unknown__,207.5728787679161,6,0.20833333333333334,0.0893939393939394,0.21727272727272728,False,0,9,__Unknown__,0.49124197165171307,True,True,False,,,,,,,207.5728787679161,72.5,194.5,1872.0,3180.0,1944.5,3374.5,aligned_unknown
IMG_7376.HEIC,0,0.9698096513748169,1287,3289,1588,3420,promo,True,shelf_size_outlier,yellow_vs_image_white,shelf_size_outlier,,white,1.0,image_mixed_palette_white_anchor,yellow,0.0,0.8172771672771673,61.0,150.0,0.43521594684385384,39431,0.9272427983539094,6.056989247311828,6,"7,49",7.49,0.9966042041778564,"4,99",4.99,0.9983364939689636,,,,2,"7,49 / 4,99",7.49 / 4.99,price_tag_crops\tag_0000_price_7_49__4_99.jpg,,"4,99 | 7,49",17,Mabel__Mabel Cracker Agua e Sal,0.8198525667190552,False,False,136.06064824187777,17,Mabel__Mabel Cracker Agua e Sal,136.06064824187777,7,0.12790697674418605,0.38175675675675674,0.16608265241986173,False,0,17,Mabel__Mabel Cracker Agua e Sal,0.8198525667190552,False,False,False,,,,,,,136.06064824187777,38.5,130.5,1399.0,3224.0,1437.5,3354.5,aligned_known
IMG_7376.HEIC,1,0.9684908986091614,800,2614,1128,2767,promo,True,yellow_vs_image_white,yellow_vs_image_white,,,white,1.0,image_mixed_palette_white_anchor,yellow,0.00018986140117714068,0.8262768179229163,70.0,159.0,0.46646341463414637,50184,1.18010582010582,1.7601010101010102,4,"9,19",9.19,0.9995853900909424,"6,13",6.13,0.9994758367538452,,,,2,"9,19 / 6,13",9.19 / 6.13,price_tag_crops\tag_0001_price_9_19__6_13.jpg,,"BISC AMANT MARILAN | (40 cócipo) | CHOCOLATE 2800 | 3 | _ | UMOADE, PADUE | 6,13 | RS | 9,19 | RS",18,__Unknown__,0.4955006241798401,True,True,167.08755190019392,18,__Unknown__,167.08755190019392,5,0.20121951219512196,0.44753086419753085,0.24597259861487505,False,0,18,__Unknown__,0.4955006241798401,True,True,False,,,,,,,167.08755190019392,66.0,153.5,898.0,2537.0,964.0,2690.5,aligned_unknown
IMG_7376.HEIC,2,0.96651291847229,1265,2296,1613,2453,promo,True,yellow_vs_image_white,yellow_vs_image_white,,,white,1.0,image_mixed_palette_white_anchor,yellow,0.0,0.8101304614306979,62.0,145.0,0.4511494252873563,54636,1.2847971781305114,0.9979998356029263,3,"14,99",14.99,0.9994991421699524,,,,,,,1,"14,99",14.99,price_tag_crops\tag_0002_price_14_99.jpg,,"BISC AMANT BAUDUCCO | (TMa Cógo) | LETT GOTA CHOC 3350 | 3 | 1 | UNCADE, PAXA | 14,99 | RS",8,__Unknown__,0.5782381296157837,True,True,208.39985604601554,5,__Unknown__,319.3900436770063,4,0.7959770114942529,0.050173010380622836,0.8009943125323152,False,0,5,__Unknown__,0.5718079805374146,True,True,False,,,,,,,319.3900436770063,277.0,159.0,1162.0,2215.5,1439.0,2374.5,aligned_unknown
IMG_7376.HEIC,3,0.9648704528808594,1458,2610,1792,2769,promo,True,shelf_size_outlier,yellow_vs_image_white,shelf_size_outlier,,white,1.0,image_mixed_palette_white_anchor,yellow,0.0,0.8320368383404864,68.0,159.0,0.47604790419161674,53106,1.2488183421516754,1.8625841750841752,4,"6,13",6.13,0.9987648725509644,,,,,,,1,"6,13",6.13,price_tag_crops\tag_0003_price_6_13.jpg,,"X AMANT MARILAN | COCO 2800 | (NO (Sp100) | 3 | 1 | 6,13 | RS | RS",43,__Unknown__,0.5983414252599081,True,True,180.80998313146318,43,__Unknown__,180.80998313146318,5,0.32934131736526945,0.33430232558139533,0.362771549923409,False,0,43,__Unknown__,0.5983414252599081,True,True,False,,,,,,,180.80998313146318,-110.0,143.5,1735.0,2546.0,1625.0,2689.5,aligned_unknown
IMG_7376.HEIC,4,0.963775098323822,523,3274,827,3419,promo,True,shelf_size_outlier,yellow_vs_image_white,shelf_size_outlier,,white,1.0,image_mixed_palette_white_anchor,yellow,0.00043170902811505045,0.8347094058604501,65.0,153.0,0.4769736842105263,44080,1.0365667254556143,6.771121351766513,6,"7,49",7.49,0.9971331357955933,"4,99",4.99,0.9838641881942749,,,,2,"7,49 / 4,99",7.49 / 4.99,price_tag_crops\tag_0004_price_7_49__4_99.jpg,,"RSCOrt0 AMNT0ADO | MABEL COCO 3000 | UMCADA PAIRA | 7,49 | 4,99 | R1 | AI",26,Mabel__Mabel Cracker Agua e Sal,0.8327559034029642,False,False,163.6154026979123,26,Mabel__Mabel Cracker Agua e Sal,163.6154026979123,7,0.20723684210526316,0.2823834196891192,0.2354751840741751,False,0,26,Mabel__Mabel Cracker Agua e Sal,0.8327559034029642,False,False,False,,,,,,,163.6154026979123,63.0,151.0,612.0,3195.5,675.0,3346.5,aligned_known
IMG_7376.HEIC,5,0.9617490768432617,660,2941,975,3076,promo,True,shelf_size_outlier,yellow_vs_image_white,shelf_size_outlier,,white,1.0,image_mixed_palette_white_anchor,yellow,0.0,0.8475869809203143,59.0,150.0,0.42857142857142855,42525,1.0,6.907894736842105,5,"7,49",7.49,0.9805097579956055,,,,,,,1,"7,49",7.49,price_tag_crops\tag_0005_price_7_49.jpg,,BTCTO AMANTGADO | WAREL CHOCOLATT 300G |  (O) | 5 | 7.49 | 4 | C,20,Mabel__Mabel Cookie Mabel Chocolate com gotas de chocolate,0.7772042751312256,False,False,181.98969751060085,20,Mabel__Mabel Cookie Mabel Chocolate com gotas de chocolate,181.98969751060085,6,0.09523809523809523,0.7821428571428571,0.17345238095238097,False,0,20,Mabel__Mabel Cookie Mabel Chocolate com gotas de chocolate,0.7772042751312256,False,False,False,,,,,,,181.98969751060085,30.0,179.5,787.5,2829.0,817.5,3008.5,aligned_known
IMG_7376.HEIC,6,0.9585390090942383,477,2286,822,2445,promo,True,yellow_vs_image_white,yellow_vs_image_white,,,white,1.0,image_mixed_palette_white_anchor,yellow,4.304407713498623e-05,0.8225723140495868,61.0,143.0,0.4608695652173913,54855,1.28994708994709,1.0020001643970737,3,,,,,,,,,,0,,,price_tag_crops\tag_0006_price_not_found.jpg,price_not_found,"RS | RS | BISC DOCE AMANT | (440 C00) | BAUDUCCO CHOC 3350 | 3 | MAN D4 N R  | 1 | UNMDADE, PAGUL | RS | RS",19,__Unknown__,0.5763657093048096,True,True,220.94852341665467,65,__Unknown__,223.00896842952304,4,,,,True,1,,,,,,,,,,,,,,,,,,649.5,2365.5,no_available_product_for_one_to_one
IMG_7376.HEIC,7,0.9583494663238525,1153,3359,1258,3421,regular,False,image_base_color,matches_image_base_color,,,white,1.0,image_mixed_palette_white_anchor,white,0.0,0.0,-3.0,15.0,0.5904761904761905,6510,0.15308641975308643,1.0,6,"1,89",1.89,0.6396706104278564,,,,,,,1,"1,89",1.89,price_tag_crops\tag_0007_price_1_89.jpg,,TW | 1.89 | f,27,Mabel__Mabel Amanteigado Mabel Sabor Leite,0.8375369310379028,False,False,173.62171523170713,27,Mabel__Mabel Amanteigado Mabel Sabor Leite,173.62171523170713,7,0.03611111111111111,0.5146198830409356,0.08757309941520468,False,0,27,Mabel__Mabel Amanteigado Mabel Sabor Leite,0.8375369310379028,False,False,False,,,,,,,173.62171523170713,-6.5,173.5,1212.0,3216.5,1205.5,3390.0,aligned_known
IMG_7376.HEIC,8,0.9570742249488831,1683,2302,2035,2459,promo,True,yellow_vs_image_white,yellow_vs_image_white,,,white,1.0,image_mixed_palette_white_anchor,yellow,0.0,0.8131191317081574,63.0,155.0,0.4460227272727273,55264,1.299564961787184,1.0094710980811208,3,"14,99",14.99,0.9997608065605164,,,,,,,1,"14,99",14.99,price_tag_crops\tag_0008_price_14_99.jpg,,"山 | m | BISC DOCE AMANT | (MMO COG) | BAUDUCCO LETTE 3350 | 3 | 1 | UNIDADI, PAur | RS | 14,99 | R1",14,__Unknown__,0.5682312250137329,True,True,198.88753103198803,14,__Unknown__,198.88753103198803,4,0.21448863636363635,0.3803827751196172,0.25252691387559806,False,0,14,__Unknown__,0.5682312250137329,True,True,False,,,,,,,198.88753103198803,-75.5,184.0,1934.5,2196.5,1859.0,2380.5,aligned_unknown
IMG_7376.HEIC,9,0.9562544226646423,644,2700,758,2760,regular,False,image_base_color,matches_image_base_color,,,white,1.0,image_mixed_palette_white_anchor,white,0.0,0.0,-4.0,14.0,0.5263157894736842,6840,0.16084656084656085,0.2398989898989899,4,"0,45",0.45,0.594906747341156,"0,19",0.19,0.8874863982200623,,,,2,"0,45 / 0,19",0.45 / 0.19,price_tag_crops\tag_0009_price_0_45__0_19.jpg,,045 | 019 | ,0,__Unknown__,0.5112945437431335,True,True,144.02169975389126,0,__Unknown__,144.02169975389126,5,0.012077294685990338,0.14864864864864866,0.026942159550855202,False,0,0,__Unknown__,0.5112945437431335,True,True,False,,,,,,,144.02169975389126,2.5,144.0,698.5,2586.0,701.0,2730.0,aligned_unknown
IMG_7376.HEIC,10,0.953960120677948,1414,2976,1731,3098,promo,True,shelf_size_outlier,yellow_vs_image_white,shelf_size_outlier,,white,1.0,image_mixed_palette_white_anchor,yellow,0.0001234110823151919,0.8238306799950635,60.0,152.0,0.38485804416403785,38674,0.9094415049970606,6.2823261858349575,5,"7,49",7.49,0.9962434768676758,"4,99",4.99,0.9990145564079285,,,,2,"7,49 / 4,99",7.49 / 4.99,price_tag_crops\tag_0010_price_7_49__4_99.jpg,,"7,49 | 4,99",13,Mabel__Mabel Amanteigado Mabel Sabor Leite,0.9150516748428345,False,False,160.19519343600794,13,Mabel__Mabel Amanteigado Mabel Sabor Leite,160.19519343600794,6,0.1971608832807571,0.21951219512195122,0.2191121027929522,False,0,13,Mabel__Mabel Amanteigado Mabel Sabor Leite,0.9150516748428345,False,False,False,,,,,,,160.19519343600794,-62.5,147.5,1635.0,2889.5,1572.5,3037.0,aligned_known
IMG_7376.HEIC,11,0.9521550536155701,1328,1605,1456,1672,regular,False,image_base_color,matches_image_base_color,,,white,1.0,image_mixed_palette_white_anchor,white,0.0,0.0,-3.0,14.0,0.5234375,8576,0.20166960611405055,0.14709615450584887,1,"17,19",17.19,0.9423947334289551,"10,49",10.49,0.8054481744766235,,,,2,"17,19 / 10,49",17.19 / 10.49,price_tag_crops\tag_0011_price_17_19__10_49.jpg,,"17,19 | 10.49",68,__Unknown__,0.5655114054679871,True,True,130.72585819186654,68,__Unknown__,130.72585819186654,1,0.32561307901907355,0.6276595744680851,0.38837903646588207,False,0,68,__Unknown__,0.5655114054679871,True,True,False,,,,,,,130.72585819186654,-119.5,53.0,1511.5,1585.5,1392.0,1638.5,aligned_unknown
IMG_7376.HEIC,12,0.9490299820899963,1739,3043,1844,3099,regular,False,image_base_color,matches_image_base_color,,,white,1.0,image_mixed_palette_white_anchor,white,0.0,0.0,-4.0,14.0,0.5333333333333333,5880,0.1382716049382716,0.9551656920077972,5,"6,90",6.9,0.7616407871246338,,,,,,,1,"6,90",6.90,price_tag_crops\tag_0012_price_6_90.jpg,,6.90 749 | J,7,Mabel__Mabel Amanteigado Mabel Sabor Leite,0.8909759759902954,False,False,185.85545458769835,7,Mabel__Mabel Amanteigado Mabel Sabor Leite,185.85545458769835,6,0.22346368715083798,0.3212669683257919,0.25559038398341716,False,0,7,Mabel__Mabel Amanteigado Mabel Sabor Leite,0.8909759759902954,False,False,False,,,,,,,185.85545458769835,-40.0,181.5,1831.5,2889.5,1791.5,3071.0,aligned_known
IMG_7376.HEIC,13,0.9483250975608826,934,935,1343,1123,promo,True,shelf_size_outlier,yellow_vs_image_white,shelf_size_outlier,,white,1.0,image_mixed_palette_white_anchor,yellow,0.0,0.8267528931245746,63.0,145.0,0.45965770171149145,76892,1.8081599059376836,1.8023533824012001,0,,,,,,,,,,0,,,price_tag_crops\tag_0013_price_not_found.jpg,price_not_found,"BISC CHAMP BAUDUCCO | (MESMO CODI0O) | ACUCAR CRISTAL 1500 | 3 | MDADE CADA URGA EAI POC | 1 | UNDADE, PADUE | R$ | RS | 12",49,__Unknown__,0.4890536963939667,True,True,142.47192705933335,49,__Unknown__,142.47192705933335,0,0.1408898305084746,0.0,0.1408898305084746,False,0,49,__Unknown__,0.4890536963939667,True,True,False,,,,,,,142.47192705933335,-66.5,126.0,1205.0,903.0,1138.5,1029.0,aligned_unknown
IMG_7376.HEIC,14,0.9480733275413513,1092,3031,1200,3088,regular,False,image_base_color,matches_image_base_color,,,white,1.0,image_mixed_palette_white_anchor,white,0.0,0.0,-3.0,12.0,0.5277777777777778,6156,0.14476190476190476,1.0,5,"7,49",7.49,0.8814533948898315,,,,,,,1,"7,49",7.49,price_tag_crops\tag_0014_price_7_49.jpg,,7.49 | 0,12,Mabel__Mabel Amanteigado Mabel Sabor Coco,0.9438832998275757,False,False,199.31946718772855,12,Mabel__Mabel Amanteigado Mabel Sabor Coco,199.31946718772855,6,0.5,0.1592741935483871,0.5159274193548387,False,0,12,Mabel__Mabel Amanteigado Mabel Sabor Coco,0.9438832998275757,False,False,False,,,,,,,199.31946718772855,-114.0,163.5,1260.0,2896.0,1146.0,3059.5,aligned_known
IMG_7376.HEIC,15,0.9460868835449219,1342,2708,1453,2768,regular,False,image_base_color,matches_image_base_color,,,white,1.0,image_mixed_palette_white_anchor,white,0.0,0.0,-3.0,13.0,0.5405405405405406,6660,0.15661375661375662,0.2335858585858586,4,"8,49",8.49,0.9971239566802979,"9,19",9.19,0.978261411190033,,,,2,"8,49 / 9,19",8.49 / 9.19,price_tag_crops\tag_0015_price_8_49__9_19.jpg,,849 | 9.19 | FE,23,__Unknown__,0.5774257898330688,True,True,171.71196813268432,23,__Unknown__,171.71196813268432,5,0.2583732057416268,0.2025862068965517,0.278631826431282,False,0,23,__Unknown__,0.5774257898330688,True,True,False,,,,,,,171.71196813268432,-54.0,163.0,1451.5,2575.0,1397.5,2738.0,aligned_unknown
IMG_7376.HEIC,16,0.9444181323051453,318,3353,421,3413,regular,False,image_base_color,matches_image_base_color,,,white,1.0,image_mixed_palette_white_anchor,white,0.0,0.0,-3.0,12.0,0.5825242718446602,6180,0.14532627865961198,0.9493087557603687,6,,,,,,,,,,0,,,price_tag_crops\tag_0016_price_not_found.jpg,price_not_found,0 | a,22,__Unknown__,0.7026295264561971,True,True,182.5,22,__Unknown__,182.5,7,0.17040358744394618,0.24066390041493776,0.19446997748543995,False,0,22,__Unknown__,0.7026295264561971,True,True,False,,,,,,,182.5,-38.0,178.5,407.5,3204.5,369.5,3383.0,aligned_unknown
IMG_7376.HEIC,17,0.9437822103500366,913,2383,1029,2443,regular,False,image_base_color,matches_image_base_color,,,white,1.0,image_mixed_palette_white_anchor,white,0.0,0.0003429355281207133,-3.0,12.0,0.5172413793103449,6960,0.163668430335097,0.12713373701948105,3,"13,99",13.99,0.9581050872802734,"14,99",14.99,0.9833495020866394,,,,2,"13,99 / 14,99",13.99 / 14.99,price_tag_crops\tag_0017_price_13_99__14_99.jpg,,13.99 | 14.99 | Imion,65,__Unknown__,0.6485052406787872,True,True,140.15170352157693,65,__Unknown__,140.15170352157693,4,0.2948717948717949,0.14285714285714285,0.30915750915750917,False,0,65,__Unknown__,0.6485052406787872,True,True,False,,,,,,,140.15170352157693,103.5,94.5,867.5,2318.5,971.0,2413.0,aligned_unknown
IMG_7376.HEIC,18,0.9404696822166443,1510,1601,1915,1808,promo,True,yellow_vs_image_white,yellow_vs_image_white,,,white,1.0,image_mixed_palette_white_anchor,yellow,5.679236710586097e-05,0.7179123125851885,57.0,139.0,0.5111111111111111,83835,1.9714285714285715,1.437943809817845,1,"17,19",17.19,0.9998226165771484,"18,49",18.49,0.9969905018806458,,,,2,"17,19 / 18,49",17.19 / 18.49,price_tag_crops\tag_0018_price_17_19__18_49.jpg,,"PROVOU,APRU | BISCOITO CHAMP CARREFOUR 3OOG | 18.49 | A PARTR DE 4 A | CADA | 17.19 | WARK.JO | CASA | ATACANO",68,__Unknown__,0.5655114054679871,True,True,233.58510226467783,68,__Unknown__,233.58510226467783,1,0.4444444444444444,0.9403669724770642,0.5384811416921509,True,0,54,__Unknown__,0.5087738037109375,True,True,False,,,,,,,238.8493248891443,-180.0,157.0,1892.5,1547.5,1712.5,1704.5,aligned_unknown
IMG_7376.HEIC,19,0.933819591999054,637,1487,1024,1668,promo,True,yellow_vs_image_white,yellow_vs_image_white,,,white,1.0,image_mixed_palette_white_anchor,yellow,0.0,0.8360082304526749,65.0,146.0,0.46770025839793283,70047,1.647195767195767,1.2014510651435628,1,"9,69",9.69,0.9951884746551514,"6,46",6.46,0.9994704127311707,,,,2,"9,69 / 6,46",9.69 / 6.46,price_tag_crops\tag_0019_price_9_69__6_46.jpg,,"BISCOITO CHAMPAONE | (-ESMO CODIGO) | CARREFOUR 1500 | 3 | (NCDCt CADA unel Da PO | 1 | UNIDADE, PAGUE | RS | 6,46 | 9,69 | RS",42,__Unknown__,0.5998283624649048,True,True,178.267355396326,42,__Unknown__,178.267355396326,1,0.2689655172413793,1.2243589743589745,0.39140141467727674,False,0,42,__Unknown__,0.5998283624649048,True,True,False,,,,,,,178.267355396326,117.0,134.5,713.5,1443.0,830.5,1577.5,aligned_unknown
IMG_7376.HEIC,20,0.9324116110801697,1302,1067,1438,1129,regular,False,image_base_color,matches_image_base_color,,,white,1.0,image_mixed_palette_white_anchor,white,0.0,0.0,-1.0,12.0,0.45588235294117646,8432,0.19828336272780717,0.19764661759879987,0,"12,99",12.99,0.9206527471542358,,,,,,,1,"12,99",12.99,price_tag_crops\tag_0020_price_12_99.jpg,,12.99,49,__Unknown__,0.4890536963939667,True,True,255.44079548889601,49,__Unknown__,255.44079548889601,0,,,,True,1,,,,,,,,,,,,,,,,,,1370.0,1098.0,no_available_product_for_one_to_one
IMG_7376.HEIC,21,0.9152761101722717,967,3031,1061,3084,regular,False,image_base_color,matches_image_base_color,,,white,1.0,image_mixed_palette_white_anchor,white,0.0,0.0,-2.0,8.0,0.5638297872340425,4982,0.11715461493239271,0.8092917478882391,5,"6,99",6.99,0.834628701210022,"7,49",7.49,0.9491233825683594,,,,2,"6,99 / 7,49",6.99 / 7.49,price_tag_crops\tag_0021_price_6_99__7_49.jpg,,6.99 | 7.49 | whn,12,Mabel__Mabel Amanteigado Mabel Sabor Coco,0.9438832998275757,False,False,294.27580600518286,12,Mabel__Mabel Amanteigado Mabel Sabor Coco,294.27580600518286,6,,,,True,0,,,,,,,,,,,,,,,,,,1014.0,3057.5,no_available_product_for_one_to_one
IMG_7376.HEIC,22,0.9149651527404785,241,1882,619,2049,promo,True,yellow_vs_image_white,yellow_vs_image_white,,,white,1.0,image_mixed_palette_white_anchor,yellow,0.000339622641509434,0.7632075471698113,51.0,151.0,0.4417989417989418,63126,1.4844444444444445,1.1409928513976375,2,"5,39",5.39,0.9990074634552002,"3,59",3.59,0.998259961605072,,,,2,"5,39 / 3,59",5.39 / 3.59,price_tag_crops\tag_0022_price_5_39__3_59.jpg,,"BYSC AMANT CRF CLASSIC | (MMO CODICO) | CHOCOLATE 1000 | 3 | LNDADS DADA (RAA D4 POE | col | UNMDADE PACUE | RS | 3,59 | 5,39 | R3",60,__Unknown__,0.5842244227727255,True,True,470.67849961518317,58,__Unknown__,525.9743339745771,2,,,,True,0,,,,,,,,,,,,,,,,,,430.0,1965.5,no_available_product_for_one_to_one
IMG_7376.HEIC,23,0.845432460308075,921,3363,1025,3421,regular,False,image_base_color,matches_image_base_color,,,white,1.0,image_mixed_palette_white_anchor,white,0.0,0.0,-2.0,13.0,0.5576923076923077,6032,0.14184597295708407,0.9265745007680491,6,"1,49",1.49,0.6395344138145447,,,,,,,1,"1,49",1.49,price_tag_crops\tag_0023_price_1_49.jpg,,国 | 149 | n,44,Mabel__Mabel Amanteigado Mabel Sabor Coco,0.8090192079544067,False,False,163.44112089679268,44,Mabel__Mabel Amanteigado Mabel Sabor Coco,163.44112089679268,7,0.08,0.24770642201834864,0.10477064220183487,False,0,44,Mabel__Mabel Amanteigado Mabel Sabor Coco,0.8090192079544067,False,False,False,,,,,,,163.44112089679268,12.0,163.0,961.0,3229.0,973.0,3392.0,aligned_known
IMG_7376.HEIC,24,0.8445685505867004,1233,1907,1598,2058,promo,True,yellow_vs_image_white,yellow_vs_image_white,,,white,1.0,image_mixed_palette_white_anchor,yellow,4.340277777777778e-05,0.7641059027777778,47.0,165.0,0.4136986301369863,55115,1.2960611405055849,0.9961952445075056,2,"5,39",5.39,0.9907870292663574,"3,59",3.59,0.9985209703445435,,,,2,"5,39 / 3,59",5.39 / 3.59,price_tag_crops\tag_0024_price_5_39__3_59.jpg,,"chcoes | ITT1000 | 3 | 3,59 | 5,39",29,__Unknown__,0.47229237854480743,True,True,184.77080397075724,29,__Unknown__,184.77080397075724,2,,,,True,1,,,,,,,,,,,,,,,,,,1415.5,1982.5,no_available_product_for_one_to_one
IMG_7376.HEIC,25,0.7548736929893494,198,1630,576,1781,promo,True,yellow_vs_image_white,yellow_vs_image_white,,,white,1.0,image_mixed_palette_white_anchor,yellow,0.0,0.7950943396226415,48.0,106.0,0.3994708994708995,57078,1.3422222222222222,0.9790058660080272,1,"9,09",9.09,0.9999090433120728,"9,69",9.69,0.9940889477729797,,,,2,"9,09 / 9,69",9.09 / 9.69,price_tag_crops\tag_0025_price_9_09__9_69.jpg,,ATHC | BISCOITO CARREFOUR CLASSIC CHAMPAGME ISO | 9.09 | 9.69 | ATACADG | CADA | MATJO | CAOA,60,__Unknown__,0.5842244227727255,True,True,210.54987532648886,60,__Unknown__,210.54987532648886,1,0.20145631067961164,2.620967741935484,0.46355308487316005,False,0,60,__Unknown__,0.5842244227727255,True,True,False,,,,,,,210.54987532648886,83.0,193.5,304.0,1512.0,387.0,1705.5,aligned_unknown
IMG_7376.HEIC,26,0.621225893497467,1589,1986,1711,2061,regular,False,image_base_color,matches_image_base_color,,,white,1.0,image_mixed_palette_white_anchor,white,0.0,0.0,-4.0,13.0,0.6147540983606558,9150,0.21516754850088182,0.16538485869987618,2,"4,90",4.9,0.8931592702865601,"5,39",5.39,0.8930960893630981,,,,2,"4,90 / 5,39",4.90 / 5.39,price_tag_crops\tag_0026_price_4_90__5_39.jpg,,"5.39 | 4,90 | ",52,__Unknown__,0.5241961479187012,True,True,327.3606573795941,52,__Unknown__,327.3606573795941,2,0.5907258064516129,0.12127659574468085,0.6028534660260809,False,0,52,__Unknown__,0.5241961479187012,True,True,False,,,,,,,327.3606573795941,-293.0,146.0,1943.0,1877.5,1650.0,2023.5,aligned_unknown
IMG_7376.HEIC,27,0.5968796610832214,1231,1905,1595,2058,promo,True,yellow_vs_image_white,yellow_vs_image_white,,,white,1.0,image_mixed_palette_white_anchor,yellow,4.262574595055413e-05,0.7659846547314578,47.0,165.0,0.42032967032967034,55692,1.3096296296296297,1.0066244317719677,2,"5,39",5.39,0.9934130311012268,"3,59",3.59,0.99900221824646,,,,2,"5,39 / 3,59",5.39 / 3.59,price_tag_crops\tag_0027_price_5_39__3_59.jpg,,"1000 | 3 | 3,59 | 5,39",29,__Unknown__,0.47229237854480743,True,True,182.8182157226134,29,__Unknown__,182.8182157226134,2,0.20741758241758243,0.3004807692307692,0.23746565934065936,False,0,29,__Unknown__,0.47229237854480743,True,True,False,,,,,,,182.8182157226134,75.5,166.5,1337.5,1815.0,1413.0,1981.5,aligned_unknown
IMG_7376.HEIC,28,0.5966110825538635,710,2004,1066,2160,promo,True,yellow_vs_image_white,yellow_vs_image_white,,,white,1.0,image_mixed_palette_white_anchor,yellow,0.0,0.7373580342876884,63.0,148.0,0.43820224719101125,55536,1.3059611992945326,1.0038047554924945,2,"5,19",5.19,0.9381043910980225,"5,39",5.39,0.993714451789856,,,,2,"5,19 / 5,39",5.19 / 5.39,price_tag_crops\tag_0028_price_5_19__5_39.jpg,,ATACADO | CLACIC COIABA 1000 | GIOC | 5.19 | 5.39 | ATACADO | CADA | y | VASEAA | CADA,58,__Unknown__,0.5124375104904175,True,True,261.1383732812931,58,__Unknown__,261.1383732812931,2,0.1225,0.5822784810126582,0.18072784810126583,False,0,58,__Unknown__,0.5124375104904175,True,True,False,,,,,,,261.1383732812931,-49.0,256.5,937.0,1825.5,888.0,2082.0,aligned_unknown
IMG_7376.HEIC,29,0.3741896450519562,201,1626,570,1784,promo,True,yellow_vs_image_white,yellow_vs_image_white,,,white,1.0,image_mixed_palette_white_anchor,yellow,0.0,0.7954712362301102,48.0,106.0,0.4281842818428184,58302,1.371005291005291,1.0,1,"9,09",9.09,0.9998812079429626,"9,69",9.69,0.9995881915092468,,,,2,"9,09 / 9,69",9.09 / 9.69,price_tag_crops\tag_0029_price_9_09__9_69.jpg,,ATHCe | BISCOITO CARREFOUR CLASSIC CHAMPAGME ISOC | 9.09 | 9.69 | ATACADG | CADA | MARTJO | CAOA,60,__Unknown__,0.5842244227727255,True,True,209.50238662125068,60,__Unknown__,209.50238662125068,1,0.21905940594059406,2.911392405063291,0.5101986464469231,True,1,67,__Unknown__,0.5268882513046265,True,True,False,,,,,,,283.65912641760707,88.5,269.5,297.0,1435.5,385.5,1705.0,aligned_unknown
IMG_7376.HEIC,30,0.3105224370956421,2236,2144,2268,2233,promo,True,yellow_vs_image_white,yellow_vs_image_white,,,white,1.0,image_mixed_palette_white_anchor,yellow,0.0,0.9573268921095008,63.0,179.0,2.78125,2848,0.06697236919459142,0.05147716694833305,2,,,,,,,,,,0,,,price_tag_crops\tag_0030_price_not_found.jpg,price_not_found,JO | IA,52,__Unknown__,0.5241961479187012,True,True,438.40848531934233,8,__Unknown__,728.5138982888384,3,,,,True,0,,,,,,,,,,,,,,,,,,2252.0,2188.5,no_available_product_for_one_to_one
IMG_7377.HEIC,0,0.9639564156532288,467,2482,803,2645,promo,True,yellow_vs_image_white,yellow_vs_image_white,,,white,1.0,image_mixed_palette_white_anchor,yellow,0.0,0.8147199305254017,60.0,147.0,0.4851190476190476,54768,1.3012116892373486,1.1426663884832047,3,"4,99",4.99,0.9991400241851807,"3,33",3.33,0.998160719871521,,,,2,"4,99 / 3,33",4.99 / 3.33,price_tag_crops\tag_0000_price_4_99__3_33.jpg,,"BISC COOKTE FIMI | (NESHO CODIGO) | DENTADURA BAUDUCCO | 3 | 1 | UNDADI, FAuE | 3,33 | RS | 4,99 | A1",51,__Unknown__,0.6390246748924255,True,True,127.64109839702884,51,__Unknown__,127.64109839702884,3,0.11012658227848102,0.0,0.11012658227848102,False,0,51,__Unknown__,0.6390246748924255,True,True,False,,,,,,,127.64109839702884,-43.5,120.0,678.5,2443.5,635.0,2563.5,aligned_unknown
IMG_7377.HEIC,1,0.9638787508010864,1844,1877,1969,1942,regular,False,image_base_color,matches_image_base_color,,,white,1.0,image_mixed_palette_white_anchor,white,0.0,0.0,0.0,3.0,0.52,8125,0.19303872653837015,0.13250163078930202,1,"4,99",4.99,0.9810094237327576,,,,,,,1,"4,99",4.99,price_tag_crops\tag_0001_price_4_99.jpg,,"4,99 | 8",9,__Unknown__,0.4897765666246414,True,True,166.4309165990502,9,__Unknown__,166.4309165990502,1,0.12743190661478598,0.1194331983805668,0.13937522645284267,False,0,9,__Unknown__,0.4897765666246414,True,True,False,,,,,,,166.4309165990502,-65.5,153.0,1972.0,1756.5,1906.5,1909.5,aligned_unknown
IMG_7377.HEIC,2,0.9611608386039734,1055,3276,1357,3421,promo,True,shelf_size_outlier,yellow_vs_image_white,shelf_size_outlier,,white,1.0,image_mixed_palette_white_anchor,yellow,0.0,0.9035790161791142,71.0,167.0,0.48013245033112584,43790,1.0403896412449514,1.9004014321362699,5,"4,92",4.92,0.8717323541641235,"3,99",3.99,0.9943314790725708,,,,2,"4,92 / 3,99",4.92 / 3.99,price_tag_crops\tag_0002_price_4_92__3_99.jpg,,CARREFOUR | MIV CARREFOUR | 3.99 | 开 | 2 | 4.92 | (r 10 10 | ,19,__Unknown__,0.6058922211329142,True,True,243.115713190242,19,__Unknown__,243.115713190242,5,0.02252252252252252,0.42395437262357416,0.06491795978487994,False,0,19,__Unknown__,0.6058922211329142,True,True,False,,,,,,,243.115713190242,7.5,243.0,1198.5,3105.5,1206.0,3348.5,aligned_unknown
IMG_7377.HEIC,3,0.9572988748550415,1888,1480,2023,1544,regular,False,image_base_color,matches_image_base_color,,,white,1.0,image_mixed_palette_white_anchor,white,0.0,0.0,-6.0,17.0,0.4740740740740741,8640,0.2052744119743407,0.11915597848572611,0,"8,39",8.39,0.8788201212882996,"8,99",8.99,0.900301456451416,,,,2,"8,39 / 8,99",8.39 / 8.99,price_tag_crops\tag_0003_price_8_39__8_99.jpg,,8.39 | 8.99 | ,46,__Unknown__,0.5407288670539856,True,True,108.63816088281318,46,__Unknown__,108.63816088281318,0,0.17417061611374407,0.21428571428571427,0.1955991875423155,False,0,46,__Unknown__,0.5407288670539856,True,True,False,,,,,,,108.63816088281318,-73.5,80.0,2029.0,1432.0,1955.5,1512.0,aligned_unknown
IMG_7377.HEIC,4,0.9549477696418762,25,3168,330,3306,promo,True,shelf_size_outlier,yellow_vs_image_white,shelf_size_outlier,,white,1.0,image_mixed_palette_white_anchor,yellow,0.0005066996959801824,0.7655106406936156,48.0,149.0,0.4524590163934426,42090,1.0,1.8266247152001736,5,"4,99",4.99,0.9924663305282593,"3,33",3.33,0.9996012449264526,,,,2,"4,99 / 3,33",4.99 / 3.33,price_tag_crops\tag_0004_price_4_99__3_33.jpg,,"3,33 | 4,99",39,__Unknown__,0.6144463866949081,True,True,97.01675113092584,39,__Unknown__,97.01675113092584,5,0.03278688524590164,1.0317460317460319,0.13596148842050484,False,0,39,__Unknown__,0.6144463866949081,True,True,False,,,,,,,97.01675113092584,10.0,96.5,167.5,3140.5,177.5,3237.0,aligned_unknown
IMG_7377.HEIC,5,0.9537773132324219,0,2612,244,2802,promo,True,yellow_vs_image_white,yellow_vs_image_white,,,white,1.0,image_mixed_palette_white_anchor,yellow,0.0016415307274033036,0.8362573099415205,66.0,148.0,0.7786885245901639,46360,1.1014492753623188,0.9672438973503025,3,"2,39",2.39,0.9281935691833496,,,,,,,1,"2,39",2.39,price_tag_crops\tag_0005_price_2_39.jpg,,O PRECINHO | MENORPREÇO | ITROUO | Alrvoz | AYMORE RED VELVET 600 | 2.39 | 9 | VAA,78,__Unknown__,0.45885181427001953,True,True,197.22892789852102,78,__Unknown__,197.22892789852102,3,0.10596026490066225,0.5492424242424242,0.16088450732490467,True,0,42,__Unknown__,0.485573872923851,True,True,False,,,,,,,278.84224930953343,-32.0,277.0,154.0,2430.0,122.0,2707.0,aligned_unknown
IMG_7377.HEIC,6,0.9519423246383667,1542,3152,1841,3287,promo,True,yellow_vs_image_white,yellow_vs_image_white,,,white,1.0,image_mixed_palette_white_anchor,yellow,0.0006466784244562022,0.8142269253380364,52.0,156.0,0.451505016722408,40365,0.9590163934426229,1.7517630465444287,5,"4,79",4.79,0.962742030620575,"3,19",3.19,0.9996312856674194,,,,2,"4,79 / 3,19",4.79 / 3.19,price_tag_crops\tag_0006_price_4_79__3_19.jpg,,"003 | 3,19 | 4,79",34,__Unknown__,0.5862977504730225,True,True,193.10942493829762,34,__Unknown__,193.10942493829762,5,0.6036789297658863,0.9637681159420289,0.7000557413600892,True,1,29,__Unknown__,0.6444183985392252,True,True,False,,,,,,,206.83628791873053,-180.5,101.0,1872.0,3118.5,1691.5,3219.5,aligned_unknown
IMG_7377.HEIC,7,0.9516804218292236,1750,2584,1862,2645,regular,False,image_base_color,matches_image_base_color,,,white,1.0,image_mixed_palette_white_anchor,white,0.0,0.0,-2.0,6.0,0.5446428571428571,6832,0.16231884057971013,0.14254120592530775,3,"9,59",9.59,0.877166211605072,"5,99",5.99,0.9182069301605225,,,,2,"9,59 / 5,99",9.59 / 5.99,price_tag_crops\tag_0007_price_9_59__5_99.jpg,,9.59 | 5.99,31,__Unknown__,0.520998477935791,True,True,205.74559533559886,31,__Unknown__,205.74559533559886,3,0.307909604519774,0.25869565217391305,0.3337791697371653,False,0,31,__Unknown__,0.520998477935791,True,True,False,,,,,,,205.74559533559886,-109.0,174.5,1915.0,2440.0,1806.0,2614.5,aligned_unknown
IMG_7377.HEIC,8,0.9495738744735718,584,3250,689,3304,regular,False,image_base_color,matches_image_base_color,,,white,1.0,image_mixed_palette_white_anchor,white,0.0,0.0,-6.0,16.0,0.5142857142857142,5670,0.1347113328581611,0.24606705001627427,5,"4,97",4.97,0.5936815142631531,,,,,,,1,"4,97",4.97,price_tag_crops\tag_0008_price_4_97.jpg,,497 | erming,68,__Unknown__,0.6177526116371155,True,True,201.7777242413047,68,__Unknown__,201.7777242413047,5,0.35252808988764045,0.08955223880597014,0.36148331376823745,False,0,68,__Unknown__,0.6177526116371155,True,True,False,,,,,,,201.7777242413047,125.5,158.0,511.0,3119.0,636.5,3277.0,aligned_unknown
IMG_7377.HEIC,9,0.9452703595161438,1044,1345,1432,1534,promo,True,yellow_vs_image_white,yellow_vs_image_white,,,white,1.0,image_mixed_palette_white_anchor,yellow,0.0001618437237003949,0.78691655337606,59.0,155.0,0.48711340206185566,73332,1.7422665716322168,1.0113363673976004,0,"6,33",6.33,0.9943710565567017,,,,,,,1,"6,33",6.33,price_tag_crops\tag_0009_price_6_33.jpg,,"BISCOITO COOKTE NESTLE | (MESMO CODICO) | CREME AVELA 1000 | 3 |  CADA A C PO | 1 | UNDADE, PACUE | 6,33 | RS | Rs",8,__Unknown__,0.5512830317020416,True,True,170.11540200699054,8,__Unknown__,170.11540200699054,0,0.16881443298969073,0.8652173913043478,0.2553361721201255,False,0,8,__Unknown__,0.5512830317020416,True,True,False,,,,,,,170.11540200699054,65.5,157.0,1172.5,1282.5,1238.0,1439.5,aligned_unknown
IMG_7377.HEIC,10,0.9451876282691956,552,1348,951,1528,promo,True,yellow_vs_image_white,yellow_vs_image_white,,,white,1.0,image_mixed_palette_white_anchor,yellow,0.0001984126984126984,0.7834325396825397,52.0,155.0,0.45112781954887216,71820,1.706343549536707,0.9904840711625983,0,"5,99",5.99,0.9954701662063599,,,,,,,1,"5,99",5.99,price_tag_crops\tag_0010_price_5_99.jpg,,"BISCOITO COOKIE NESTLE | (MESMO CODIDO) | CHOC LETTE 1000 | 3 | UNIDADER CADA UMA SAI POR | 1 | UNIDADE, PADUE | 5,99 | RS | RS",50,__Unknown__,0.5557048320770264,True,True,30.56550343115585,50,__Unknown__,30.56550343115585,0,0.020050125313283207,0.0,0.020050125313283207,False,0,50,__Unknown__,0.5557048320770264,True,True,False,,,,,,,30.56550343115585,8.0,29.5,743.5,1408.5,751.5,1438.0,aligned_unknown
IMG_7377.HEIC,11,0.9449530243873596,1347,2500,1677,2650,promo,True,yellow_vs_image_white,yellow_vs_image_white,,,white,1.0,image_mixed_palette_white_anchor,yellow,0.0001443001443001443,0.8159211159211159,59.0,149.0,0.45454545454545453,49500,1.1760513186029935,1.0327561026496974,3,"5,99",5.99,0.9985370635986328,"3,99",3.99,0.9993658065795898,,,,2,"5,99 / 3,99",5.99 / 3.99,price_tag_crops\tag_0011_price_5_99__3_99.jpg,,"COOKE CHOC LACTA LAKA | ouesso chceer | 800 | 3 | 1 | (MDADC PADA | 3,99 | RS | 5,99",70,__Unknown__,0.4808790286382039,True,True,166.03689349057336,70,__Unknown__,166.03689349057336,3,0.010447761194029851,1.0660377358490567,0.11705153477893553,False,0,70,__Unknown__,0.4808790286382039,True,True,False,,,,,,,166.03689349057336,-3.5,166.0,1515.5,2409.0,1512.0,2575.0,aligned_unknown
IMG_7377.HEIC,12,0.9423347115516663,493,2223,613,2282,regular,False,image_base_color,matches_image_base_color,,,white,1.0,image_mixed_palette_white_anchor,white,0.0,0.0,-2.0,5.5,0.49166666666666664,7080,0.16821097647897362,0.975609756097561,2,"4,99",4.99,0.9719427824020386,,,,,,,1,"4,99",4.99,price_tag_crops\tag_0012_price_4_99.jpg,,"4,99 | 4",47,__Unknown__,0.6160308122634888,True,True,168.2914139223983,47,__Unknown__,168.2914139223983,2,0.13535911602209943,0.13137254901960785,0.1484963709240602,False,0,47,__Unknown__,0.6160308122634888,True,True,False,,,,,,,168.2914139223983,49.0,161.0,504.0,2091.5,553.0,2252.5,aligned_unknown
IMG_7377.HEIC,13,0.9395661354064941,1071,2909,1180,2971,regular,False,image_base_color,matches_image_base_color,,,white,1.0,image_mixed_palette_white_anchor,white,0.0,0.0,-2.0,6.0,0.5688073394495413,6758,0.1605607032549299,0.2681533211649869,4,,,,,,,,,,0,,,price_tag_crops\tag_0013_price_not_found.jpg,price_not_found,,53,__Unknown__,0.4868433674176534,True,True,101.59724405711013,24,RANCHEIRO__RANCHEIRO COOKIES CHOCOLATE RANCHEIRO,242.43040238385944,4,0.231203007518797,1.9684210526315788,-0.3219548872180451,False,0,24,RANCHEIRO__RANCHEIRO COOKIES CHOCOLATE RANCHEIRO,0.8536293208599091,False,False,True,directly_above_known,,,,,,242.43040238385944,61.5,234.5,1064.0,2705.5,1125.5,2940.0,corrected_directly_above_known
IMG_7377.HEIC,14,0.937901496887207,2050,2235,2168,2298,regular,False,image_base_color,matches_image_base_color,,,white,1.0,image_mixed_palette_white_anchor,white,0.0,0.0,-4.0,13.0,0.5338983050847458,7434,0.1766215253029223,1.024390243902439,2,"4,99",4.99,0.9232457876205444,,,,,,,1,"4,99",4.99,price_tag_crops\tag_0014_price_4_99.jpg,,"-4,99 | ",21,__Unknown__,0.6145550012588501,True,True,197.3854097951518,21,__Unknown__,197.3854097951518,2,0.3829787234042553,0.3181818181818182,0.4147969052224371,False,0,21,__Unknown__,0.6145550012588501,True,True,False,,,,,,,197.3854097951518,180.0,81.0,1929.0,2185.5,2109.0,2266.5,aligned_unknown
IMG_7377.HEIC,15,0.925518810749054,1352,3235,1446,3291,regular,False,image_base_color,matches_image_base_color,,,white,1.0,image_mixed_palette_white_anchor,white,0.0,0.0,-5.0,12.0,0.5957446808510638,5264,0.12506533618436683,0.22844743408918303,5,,,,,,,,,,0,,,price_tag_crops\tag_0015_price_not_found.jpg,price_not_found, | n,34,__Unknown__,0.5862977504730225,True,True,217.31141249368383,34,__Unknown__,217.31141249368383,5,0.4176470588235294,0.12075471698113208,0.4297225305216426,False,0,34,__Unknown__,0.5862977504730225,True,True,False,,,,,,,217.31141249368383,-142.0,164.5,1541.0,3098.5,1399.0,3263.0,aligned_unknown
IMG_7377.HEIC,16,0.9143450260162354,346,3257,456,3309,regular,False,image_base_color,matches_image_base_color,,,white,1.0,image_mixed_palette_white_anchor,white,0.0,0.0,-3.0,9.0,0.4727272727272727,5720,0.1358992634830126,0.24823695345557123,5,,,,,,,,,,0,,,price_tag_crops\tag_0016_price_not_found.jpg,price_not_found,7,68,__Unknown__,0.6177526116371155,True,True,197.47404892795407,68,__Unknown__,197.47404892795407,5,0.4288537549407115,2.0704225352112675,0.6358960084618382,True,1,59,__Unknown__,0.5918390154838562,True,True,False,,,,,,,212.31698000866535,-108.5,182.5,509.5,3100.5,401.0,3283.0,aligned_unknown
IMG_7377.HEIC,17,0.8995105028152466,166,1755,545,1929,promo,True,yellow_vs_image_white,yellow_vs_image_white,,,white,1.0,image_mixed_palette_white_anchor,yellow,0.00014321518080916577,0.792015753669889,59.0,153.0,0.45910290237467016,65946,1.5667854597291517,1.075440313111546,1,"3,33",3.33,0.9972004890441895,,,,,,,1,"3,33",3.33,price_tag_crops\tag_0017_price_3_33.jpg,,"BISC COOKTE BAUDUCCO | (4ES40 CODICO) | MAX GOTA C SALO 960 | 3 | ENECHADIS CAGA IICA DU POR | 1 | UMDADE, PAGUE | 3,33 | RS | RS",61,__Unknown__,0.548290565609932,True,True,35.387144558440994,61,__Unknown__,35.387144558440994,1,0.033734939759036145,0.0,0.033734939759036145,False,0,61,__Unknown__,0.548290565609932,True,True,False,,,,,,,35.387144558440994,-14.0,32.5,369.5,1809.5,355.5,1842.0,aligned_unknown
IMG_7377.HEIC,18,0.8664495944976807,1138,1837,1505,1937,promo,True,yellow_vs_image_white,yellow_vs_image_white,,,white,1.0,image_mixed_palette_white_anchor,yellow,0.0005208333333333333,0.8002604166666667,46.0,135.0,0.2724795640326976,36700,0.8719410786410073,0.5984996738421396,1,"4,99",4.99,0.9993146657943726,"3,33",3.33,0.84188312292099,,,,2,"4,99 / 3,33",4.99 / 3.33,price_tag_crops\tag_0018_price_4_99__3_33.jpg,,"3,33 | 4,99",56,__Unknown__,0.5993931293487549,True,True,174.9928569970786,56,__Unknown__,174.9928569970786,1,0.20660377358490567,0.09090909090909091,0.21569468267581476,False,0,56,__Unknown__,0.5993931293487549,True,True,False,,,,,,,174.9928569970786,-109.5,136.5,1431.0,1750.5,1321.5,1887.0,aligned_unknown
IMG_7377.HEIC,19,0.8400449156761169,698,1768,1063,1936,promo,True,yellow_vs_image_white,yellow_vs_image_white,,,white,1.0,image_mixed_palette_white_anchor,yellow,0.00019337871287128714,0.809947400990099,55.0,153.0,0.4602739726027397,61320,1.4568781183178903,1.0,1,"3,33",3.33,0.9255732893943787,,,,,,,1,"3,33",3.33,price_tag_crops\tag_0019_price_3_33.jpg,,"COOKIE BAUN BAUDUCCO | (MESMO COOIGO) | COTA CHOC 1000 | 3 | MDADIS CAD4 UNT IW POR | 1 | UNDADE, PADUE | 3,33 | RS | RS",45,__Unknown__,0.6327820122241974,True,True,253.9985236177565,45,__Unknown__,253.9985236177565,1,,,,True,1,,,,,,,,,,,,,,,,,,880.5,1852.0,no_available_product_for_one_to_one
IMG_7377.HEIC,20,0.7617469429969788,151,1343,551,1526,promo,True,yellow_vs_image_white,yellow_vs_image_white,,,white,1.0,image_mixed_palette_white_anchor,yellow,0.0003246753246753247,0.7842207792207793,53.0,162.0,0.4575,73200,1.7391304347826086,1.0095159288374018,0,"5,33",5.33,0.9546318054199219,,,,,,,1,"5,33",5.33,price_tag_crops\tag_0020_price_5_33.jpg,,"BISC CHOC COOKIE | (MESMO COOIDO) | SERENATA CAROTO 1000 | 3 | NDADEE CADA UMA DR POR | 1 | UNIDADE, PAGUE: | 5,33 | RS | R$",14,__Unknown__,0.5974884033203125,True,True,181.12495686679955,14,__Unknown__,181.12495686679955,0,0.19704433497536947,0.9254385964912281,0.28958819462449226,False,0,14,__Unknown__,0.5974884033203125,True,True,False,,,,,,,181.12495686679955,80.0,162.5,271.0,1272.0,351.0,1434.5,aligned_unknown
IMG_7377.HEIC,21,0.3785194158554077,696,1770,1069,1936,promo,True,yellow_vs_image_white,yellow_vs_image_white,,,white,1.0,image_mixed_palette_white_anchor,yellow,0.00015421389467190993,0.8075796129231244,55.0,153.0,0.4450402144772118,61918,1.4710857685911143,1.0097521200260926,1,"3,33",3.33,0.9979208707809448,,,,,,,1,"3,33",3.33,price_tag_crops\tag_0021_price_3_33.jpg,,"COOKIE BAUN BAUDUCCO | (4ESMO COOIGO) | COTA CHOC 1000 | 3 | RMDADIS CAD4 UNT EW POR | 1 | UNIDADE, PADUE | 3,33 | RS | RS",45,__Unknown__,0.6327820122241974,True,True,254.82592097351477,45,__Unknown__,254.82592097351477,1,0.04218106995884774,2.1458333333333335,0.2567644032921811,False,0,45,__Unknown__,0.6327820122241974,True,True,False,,,,,,,254.82592097351477,-20.5,254.0,903.0,1599.0,882.5,1853.0,aligned_unknown
IMG_7377.HEIC,22,0.27025794982910156,663,2835,977,2974,promo,True,yellow_vs_image_white,yellow_vs_image_white,,,white,1.0,image_mixed_palette_white_anchor,yellow,0.00016307893020221786,0.8252337464666232,71.0,166.0,0.4426751592356688,43646,1.036968401045379,1.731846678835013,4,"3,99",3.99,0.9989951252937317,"2,66",2.66,0.9998027086257935,,,,2,"3,99 / 2,66",3.99 / 2.66,price_tag_crops\tag_0022_price_3_99__2_66.jpg,,"BISc COOKTES RANCHETRo | (41) C90) | CHOCOLATE 600 | 3 | t dsd pane s fee | 1 | LCADE, FAD | 2,66 | RS | 3,99 | ",62,RANCHEIRO__RANCHEIRO COOKIES RANCHEIRO,0.8540762066841125,False,False,125.09996003196804,62,RANCHEIRO__RANCHEIRO COOKIES RANCHEIRO,125.09996003196804,4,0.22611464968152867,0.9927536231884058,0.32539001200036927,False,0,62,RANCHEIRO__RANCHEIRO COOKIES RANCHEIRO,0.8540762066841125,False,False,False,,,,,,,125.09996003196804,71.0,103.0,749.0,2801.5,820.0,2904.5,aligned_known
IMG_7378.HEIC,0,0.9660640954971313,1025,3245,1337,3397,promo,True,yellow_vs_image_white,yellow_vs_image_white,,,white,0.9473684210526315,image_mixed_palette_white_anchor,yellow,0.0,0.8319534346931607,57.0,156.0,0.48717948717948717,47424,0.8520378372065864,1.7844336161646568,5,"4,99",4.99,0.9964599013328552,"3,33",3.33,0.9998599886894226,,,,2,"4,99 / 3,33",4.99 / 3.33,price_tag_crops\tag_0000_price_4_99__3_33.jpg,,"COORW PORAOLA | (a cls) | BAL HA DOTA CHOC | 3 | FANE | 3,33 | 4,99",31,__Unknown__,0.6777301132678986,True,True,102.27536360238472,31,__Unknown__,102.27536360238472,5,0.022123893805309734,0.0,0.022123893805309734,False,0,31,__Unknown__,0.6777301132678986,True,True,False,,,,,,,102.27536360238472,7.5,102.0,1173.5,3219.0,1181.0,3321.0,aligned_unknown
IMG_7378.HEIC,1,0.9636723399162292,1100,1909,1234,1976,regular,False,image_base_color,matches_image_base_color,,,white,0.9473684210526315,image_mixed_palette_white_anchor,white,0.0,0.928763440860215,32.0,68.0,0.5,8978,0.16130220357710723,1.0,1,"3,00",3.0,0.9968215227127075,,,,,,,1,"3,00",3.00,price_tag_crops\tag_0001_price_3_00.jpg,,3.00 | TE12101,2,__Unknown__,0.5211148262023926,True,True,168.34488409215172,2,__Unknown__,168.34488409215172,1,0.06896551724137931,0.10363636363636364,0.07932915360501568,False,0,2,__Unknown__,0.5211148262023926,True,True,False,,,,,,,168.34488409215172,28.0,166.0,1139.0,1776.5,1167.0,1942.5,aligned_unknown
IMG_7378.HEIC,2,0.9633396863937378,1102,2588,1446,2755,promo,True,yellow_vs_image_white,yellow_vs_image_white,,,white,0.9473684210526315,image_mixed_palette_white_anchor,yellow,0.0,0.8207883817427386,62.0,145.0,0.48546511627906974,57448,1.032132879382675,1.0,3,"5,49",5.49,0.9995471239089966,"3,66",3.66,0.999189019203186,,,,2,"5,49 / 3,66",5.49 / 3.66,price_tag_crops\tag_0002_price_5_49__3_66.jpg,,"COOKTE BAUN CONFETES | (4M0 COO0) | CRF CLASSIC 1200 | 3 | ntIE (ADA ask et Fot | 1 | UNDADE, PADUE | 3,66 | RS | 5,49 | RS",45,__Unknown__,0.6805591583251953,True,True,215.95427756819265,45,__Unknown__,215.95427756819265,3,0.24955595026642985,0.017350157728706624,0.2512909660393005,False,0,45,__Unknown__,0.6805591583251953,True,True,False,,,,,,,215.95427756819265,140.5,164.0,1133.5,2507.5,1274.0,2671.5,aligned_unknown
IMG_7378.HEIC,3,0.956926167011261,1045,1367,1456,1572,promo,True,yellow_vs_image_white,yellow_vs_image_white,,,white,0.9473684210526315,image_mixed_palette_white_anchor,yellow,2.8229448961156277e-05,0.8155770099367661,64.0,152.0,0.49878345498783455,84255,1.513757759232476,1.0911739946901509,0,"3,49",3.49,0.999477207660675,"2,33",2.33,0.9749423265457153,,,,2,"3,49 / 2,33",3.49 / 2.33,price_tag_crops\tag_0003_price_3_49__2_33.jpg,,"BISC COOKIE NESTLE | (MESMO CODIDO) | GAROTO CARIBE 60G | 3 | IND AT (ADA INGI BE POR | 1 | UNIDADE PAGUE | R$ | 2,33 | 3,49 | RS",40,__Unknown__,0.5257410883903504,True,True,211.6039933460614,40,__Unknown__,211.6039933460614,0,0.31143552311435524,0.7765151515151515,0.3890870382658704,False,0,40,__Unknown__,0.5257410883903504,True,True,False,,,,,,,211.6039933460614,128.0,168.5,1122.5,1301.0,1250.5,1469.5,aligned_unknown
IMG_7378.HEIC,4,0.9549249410629272,1730,3258,2051,3400,promo,True,yellow_vs_image_white,yellow_vs_image_white,,,white,0.9473684210526315,image_mixed_palette_white_anchor,yellow,0.0003151260504201681,0.7876050420168067,50.0,157.0,0.4423676012461059,45582,0.8189437562320898,1.7151242639173707,5,"4,99",4.99,0.9963828325271606,"3,33",3.33,0.9994925260543823,,,,2,"4,99 / 3,33",4.99 / 3.33,price_tag_crops\tag_0004_price_4_99__3_33.jpg,,"4,99 | 3,33",55,__Unknown__,0.6138698905706406,True,True,95.53271690892079,55,__Unknown__,95.53271690892079,5,0.007267441860465116,0.0,0.007267441860465116,True,0,30,__Unknown__,0.6340257227420807,True,True,False,,,,,,,102.0306326551002,2.5,102.0,1888.0,3227.0,1890.5,3329.0,aligned_unknown
IMG_7378.HEIC,5,0.950851321220398,1520,2689,1639,2754,regular,False,image_base_color,matches_image_base_color,,,white,0.9473684210526315,image_mixed_palette_white_anchor,white,0.0,0.0,-5.0,20.0,0.5462184873949579,7735,0.1389699871540348,0.13464350369029382,3,"5,09",5.09,0.9849228262901306,"5,49",5.49,0.9874884486198425,,,,2,"5,09 / 5,49",5.09 / 5.49,price_tag_crops\tag_0005_price_5_09__5_49.jpg,,5.09 | 5.49 | 01-001,29,__Unknown__,0.5892382264137268,True,True,201.50248137429972,29,__Unknown__,201.50248137429972,3,0.0029498525073746312,0.21964285714285714,0.024914138221660345,False,0,29,__Unknown__,0.5892382264137268,True,True,False,,,,,,,201.50248137429972,-1.0,201.5,1580.5,2520.0,1579.5,2721.5,aligned_unknown
IMG_7378.HEIC,6,0.9502867460250854,476,1394,877,1569,promo,True,yellow_vs_image_white,yellow_vs_image_white,,,white,0.9473684210526315,image_mixed_palette_white_anchor,yellow,3.401360544217687e-05,0.7553401360544217,54.0,139.0,0.43640897755610975,70175,1.2607910599268768,0.9088260053098491,0,"3,49",3.49,0.9988784790039062,,,,,,,1,"3,49",3.49,price_tag_crops\tag_0006_price_3_49.jpg,,"COOKIE CHOC NESTLE | (MESMO CODI0O) | NECRESCO COT BAUN 600 | 3 | UMDADCE DIDA UNE AA POA | 1 | UNDADE, PADUE: | RS | 3,49",27,__Unknown__,0.5448377132415771,True,True,38.39596332949598,27,__Unknown__,38.39596332949598,0,0.013546798029556651,0.0,0.013546798029556651,False,0,27,__Unknown__,0.5448377132415771,True,True,False,,,,,,,38.39596332949598,5.5,38.0,671.0,1443.5,676.5,1481.5,aligned_unknown
IMG_7378.HEIC,7,0.9468634724617004,528,2165,858,2333,promo,True,yellow_vs_image_white,yellow_vs_image_white,,,white,0.9473684210526315,image_mixed_palette_white_anchor,yellow,4.286142900004286e-05,0.7676053319617676,52.0,148.0,0.509090909090909,55440,0.996056378515797,0.8555819624062471,2,"3,39",3.39,0.9996803402900696,"2,26",2.26,0.9992824196815491,,,,2,"3,39 / 2,26",3.39 / 2.26,price_tag_crops\tag_0007_price_3_39__2_26.jpg,,"DKTE CRF CLASSIC BAU | () C00) |  CHOC 600 | 3 | UNADE PADUC | RI | 226 | 3,39 | ",43,__Unknown__,0.5519101619720459,True,True,10.977249200050075,43,__Unknown__,10.977249200050075,2,0.01661631419939577,0.0,0.01661631419939577,False,0,43,__Unknown__,0.5519101619720459,True,True,False,,,,,,,10.977249200050075,5.5,9.5,687.5,2239.5,693.0,2249.0,aligned_unknown
IMG_7378.HEIC,8,0.9350836277008057,351,3326,464,3393,regular,False,image_base_color,matches_image_base_color,,,white,0.9473684210526315,image_mixed_palette_white_anchor,white,0.0,0.0,1.0,6.0,0.5929203539823009,7571,0.13602350003144117,0.2848757360826294,5,"1,12",1.12,0.5107969641685486,,,,,,,1,"1,12",1.12,price_tag_crops\tag_0008_price_1_12.jpg,,司 | 112 | Jorat,36,__Unknown__,0.3923896551132202,True,True,390.6411396665743,36,__Unknown__,390.6411396665743,5,,,,True,0,,,,,,,,,,,,,,,,,,407.5,3359.5,no_available_product_for_one_to_one
IMG_7378.HEIC,9,0.9320775270462036,573,2575,914,2751,promo,True,yellow_vs_image_white,yellow_vs_image_white,,,white,0.9473684210526315,image_mixed_palette_white_anchor,yellow,0.0,0.8112444977991197,62.0,149.0,0.5161290322580645,60016,1.0782705557901167,1.04470129508425,3,"5,49",5.49,0.9993687272071838,"3,66",3.66,0.9998316764831543,,,,2,"5,49 / 3,66",5.49 / 3.66,price_tag_crops\tag_0009_price_5_49__3_66.jpg,,"FOOKIES | BISCOITO COOKTE CRF | (MESMO COIDO) | CLASSIC CHOC 1200 | 3 | ¿RDADit CAA INA DY POà | 3,66 | RS | 1 | UNCADE, PADUE | 5,49 | R",54,__Unknown__,0.6684134801228842,True,True,134.6476884316994,54,__Unknown__,134.6476884316994,3,0.06158357771260997,0.0,0.06158357771260997,False,0,54,__Unknown__,0.6684134801228842,True,True,False,,,,,,,134.6476884316994,21.0,133.0,722.5,2530.0,743.5,2663.0,aligned_unknown
IMG_7378.HEIC,10,0.9303526878356934,1157,2903,1480,3076,promo,True,shelf_size_outlier,yellow_vs_image_white,shelf_size_outlier,,white,0.9473684210526315,image_mixed_palette_white_anchor,yellow,0.0,0.845856024506467,69.0,181.0,0.5356037151702786,55879,1.003943621484203,1.823756915093262,4,"3,99",3.99,0.9988713264465332,"2,66",2.66,0.9998556971549988,,,,2,"3,99 / 2,66",3.99 / 2.66,price_tag_crops\tag_0010_price_3_99__2_66.jpg,,"COOKTE & LAC VEO | 0 |  ) | RANCHEIRO CHOC 600 | 3 | 1 | IMAY AME | 2,66 | 3,99 | R | R$ | TENNI",35,RANCHEIRO__RANCHEIRO COOKIES CHOCOLATE RANCHEIRO,0.7433774471282959,False,False,75.60588601425157,35,RANCHEIRO__RANCHEIRO COOKIES CHOCOLATE RANCHEIRO,75.60588601425157,4,0.047987616099071206,0.0,0.047987616099071206,False,0,35,RANCHEIRO__RANCHEIRO COOKIES CHOCOLATE RANCHEIRO,0.7433774471282959,False,False,False,,,,,,,75.60588601425157,15.5,74.0,1303.0,2915.5,1318.5,2989.5,aligned_known
IMG_7378.HEIC,11,0.9295141696929932,1767,2696,2112,2886,promo,True,yellow_vs_image_white,yellow_vs_image_white,,,white,0.9473684210526315,image_mixed_palette_white_anchor,yellow,0.0,0.7792156009859359,65.0,143.0,0.5507246376811594,65550,1.1776965297927577,1.1410318897089542,3,"2,19",2.19,0.9997376203536987,"2,39",2.39,0.9988174438476562,,,,2,"2,19 / 2,39",2.19 / 2.39,price_tag_crops\tag_0011_price_2_19__2_39.jpg,,ENCONTROUO | ENCONTROUO | MENORPREÇO | AIMOs | COOKTE AYMORE RED VELVET 60G | àI | 2.19 | 2.39 | anwzhe | V02120,6,__Unknown__,0.5435750484466553,True,True,289.9137802864845,6,__Unknown__,289.9137802864845,3,0.0659025787965616,0.5547445255474452,0.12137703135130612,False,0,6,__Unknown__,0.5435750484466553,True,True,False,,,,,,,289.9137802864845,23.0,289.0,1916.5,2502.0,1939.5,2791.0,aligned_unknown
IMG_7378.HEIC,12,0.9117037653923035,1072,3026,1162,3086,regular,False,image_base_color,matches_image_base_color,,,white,0.9473684210526315,image_mixed_palette_white_anchor,white,0.0,0.0,-6.0,16.0,0.6666666666666666,5400,0.09701847842686334,0.17624308490673804,4,"3,69",3.69,0.9810031652450562,,,,,,,1,"3,69",3.69,price_tag_crops\tag_0012_price_3_69.jpg,,3.69 | 3.7,33,RANCHEIRO__RANCHEIRO COOKIES RANCHEIRO,0.9158783257007599,False,False,158.61904047118682,33,RANCHEIRO__RANCHEIRO COOKIES RANCHEIRO,158.61904047118682,4,0.42142857142857143,0.3983050847457627,0.4612590799031477,False,0,33,RANCHEIRO__RANCHEIRO COOKIES RANCHEIRO,0.9158783257007599,False,False,False,,,,,,,158.61904047118682,118.0,106.0,999.0,2950.0,1117.0,3056.0,aligned_known
IMG_7378.HEIC,13,0.8910685181617737,2054,3350,2165,3405,regular,False,image_base_color,matches_image_base_color,,,white,0.9473684210526315,image_mixed_palette_white_anchor,white,0.0,0.0,-6.0,18.0,0.4954954954954955,6105,0.10968477977703717,0.2297142212104679,5,,,,,,,,,,0,,,price_tag_crops\tag_0013_price_not_found.jpg,price_not_found,2,39,__Unknown__,0.49666428565979004,True,True,168.25352893773135,39,__Unknown__,168.25352893773135,5,0.3151041666666667,0.07509157509157509,0.32261332417582417,False,0,39,__Unknown__,0.49666428565979004,True,True,False,,,,,,,168.25352893773135,-60.5,157.0,2170.0,3220.5,2109.5,3377.5,aligned_unknown
IMG_7378.HEIC,14,0.885036051273346,1378,2280,1450,2341,regular,False,image_base_color,matches_image_base_color,,,white,0.9473684210526315,image_mixed_palette_white_anchor,white,0.0,0.0,-1.0,10.0,0.8472222222222222,4392,0.07890836245384884,0.06777986974906633,2,"3,10",3.1,0.9250790476799011,,,,,,,1,"3,10",3.10,price_tag_crops\tag_0014_price_3_10.jpg,,3.10 | U8,60,__Unknown__,0.6169556975364685,True,True,179.38784797192923,60,__Unknown__,179.38784797192923,2,0.2463768115942029,0.14591439688715954,0.26096825128291884,False,0,60,__Unknown__,0.6169556975364685,True,True,False,,,,,,,179.38784797192923,68.0,166.0,1346.0,2144.5,1414.0,2310.5,aligned_unknown
IMG_7378.HEIC,15,0.7078900933265686,925,2159,1291,2342,promo,True,yellow_vs_image_white,yellow_vs_image_white,,,white,0.9473684210526315,image_mixed_palette_white_anchor,yellow,0.0,0.8001768659356208,58.0,148.0,0.5,66978,1.203352527421195,1.0336430136732615,2,"3,39",3.39,0.9984795451164246,"2,26",2.26,0.9996337890625,,,,2,"3,39 / 2,26",3.39 / 2.26,price_tag_crops\tag_0015_price_3_39__2_26.jpg,,"COOKIE CRF CLASSIC BAU | D4E40 CODI00) | GOT CHOC 600 | 3 | UNIDADSS CADA IMA DR POA | 1 | UNIDADE, PADUE | 2,26 | RS | 3,39 | RS",61,__Unknown__,0.5533013939857483,True,True,125.28467583866751,61,__Unknown__,125.28467583866751,2,0.17692307692307693,0.0,0.17692307692307693,False,0,61,__Unknown__,0.5533013939857483,True,True,False,,,,,,,125.28467583866751,80.5,96.0,1027.5,2154.5,1108.0,2250.5,aligned_unknown
IMG_7378.HEIC,16,0.7043060064315796,927,2161,1292,2342,promo,True,yellow_vs_image_white,yellow_vs_image_white,,,white,0.9473684210526315,image_mixed_palette_white_anchor,yellow,0.0,0.8017216435185185,58.0,148.0,0.4958904109589041,66065,1.1869492180130974,1.0195530726256983,2,"3,39",3.39,0.99933922290802,"2,26",2.26,0.9996863007545471,,,,2,"3,39 / 2,26",3.39 / 2.26,price_tag_crops\tag_0016_price_3_39__2_26.jpg,,"COOKIE CRF CLASSIC BAU | (4EMO CODICO) | GOT CHOC 600 | 3 | UNIDADSS CADA IMA DR PO | 1 | UNIDADE, PADUE | 2,26 | RS | 3,39 | RS",61,__Unknown__,0.5533013939857483,True,True,127.01574705523721,61,__Unknown__,127.01574705523721,2,,,,True,2,,,,,,,,,,,,,,,,,,1109.5,2251.5,no_available_product_for_one_to_one
IMG_7378.HEIC,17,0.6914833188056946,1448,2162,1810,2342,promo,True,yellow_vs_image_white,yellow_vs_image_white,,,white,0.9473684210526315,image_mixed_palette_white_anchor,yellow,0.0,0.8296369492021666,60.0,150.0,0.4972375690607735,65160,1.1706896396841509,1.005586592178771,2,"2,19",2.19,0.9986166954040527,,,,,,,1,"2,19",2.19,price_tag_crops\tag_0017_price_2_19.jpg,,"COOKTE BAUN CONFETES | (4(240 (00400) | CRF CLASSIC 600 | 3 | 1 | UNISADE, PAXUT | 2,19 | RS | R3 | 1 | a",56,__Unknown__,0.6270679632822672,True,True,103.23032500191017,56,__Unknown__,103.23032500191017,2,0.8058510638297872,0.0,0.8058510638297872,True,2,19,__Unknown__,0.60646653175354,True,True,False,,,,,,,315.38111864853295,-303.0,87.5,1932.0,2164.5,1629.0,2252.0,aligned_unknown
IMG_7378.HEIC,18,0.6886704564094543,1446,2163,1808,2341,promo,True,yellow_vs_image_white,yellow_vs_image_white,,,white,0.9473684210526315,image_mixed_palette_white_anchor,yellow,0.0,0.8288205090318053,61.0,151.0,0.49171270718232046,64436,1.1576819770209936,0.994413407821229,2,"2,19",2.19,0.9982762336730957,,,,,,,1,"2,19",2.19,price_tag_crops\tag_0018_price_2_19.jpg,,"COOKTE BAUN CONFETES | (412M0 (h000) | CRF CLASSIC 600 | 3 |  DA  4 P | 1 | UNICADE, PADUT | 2,19 | RS | R3 | 1",56,__Unknown__,0.6270679632822672,True,True,102.71562685395051,56,__Unknown__,102.71562685395051,2,0.07044198895027624,0.0,0.07044198895027624,False,0,56,__Unknown__,0.6270679632822672,True,True,False,,,,,,,102.71562685395051,25.5,99.5,1601.5,2152.5,1627.0,2252.0,aligned_unknown
IMG_7378.HEIC,19,0.5121259689331055,909,2692,967,2748,regular,False,image_base_color,matches_image_base_color,,,white,0.9473684210526315,image_mixed_palette_white_anchor,white,0.0,0.0,-5.0,18.0,0.9655172413793104,3248,0.05835481813526891,0.05653808661746275,3,"5,49",5.49,0.8741723299026489,,,,,,,1,"5,49",5.49,price_tag_crops\tag_0019_price_5_49.jpg,,"5,49 | Totn",54,__Unknown__,0.6684134801228842,True,True,287.2981900395476,54,__Unknown__,287.2981900395476,3,,,,True,2,,,,,,,,,,,,,,,,,,938.0,2720.0,no_available_product_for_one_to_one
